portal,serial_no,name,level,source_id,parent_source_id,has_children,is_leaf_authority,source_url,fetched_at_utc
RTI Online,1,Cabinet Secretariat,0,8,,yes,no,https://rtionline.gov.in/request/allpa.php,2026-08-23T06:45:58.414113+00:00
RTI Online,2,Office of the Principal Scientific Adviser,1,3982,8,no,yes,https://rtionline.gov.in/request/allpa.php,2026-08-23T06:45:58.414113+00:00
RTI Online,3,Comptroller and Auditor General of India,0,110,,yes,no,https://rtionline.gov.in/request/allpa.php,2026-08-23T06:45:58.414113+00:00
RTI Online,4,"DGA/PDA, Central Expendiure (Agriculture, Food & Water Resources)",1,4333,110,no,yes,https://rtionline.gov.in/request/allpa.php,2026-08-23T06:45:58.414113+00:00
RTI Online,5,"DGA/PDA Defence-Commercial, Bengaluru",1,4246,110,no,yes,https://rtionline.gov.in/request/allpa.php,2026-08-23T06:45:58.414113+00:00
RTI Online,6,"DG/PD (Central), Bengaluru",1,4243,110,no,yes,https://rtionline.gov.in/request/allpa.php,2026-08-23T06:45:58.414113+00:00
RTI Online,7,"DG/PD International Centre for Environment Audit and Sustainable Development, Jaipur",1,4295,110,no,yes,https://rtionline.gov.in/request/allpa.php,2026-08-23T06:45:58.414113+00:00
RTI Online,8,DG/PD INTERNATIONAL CENTRE FOR INFORMATION SYSTEMS & AU.,1,4336,110,no,yes,https://rtionline.gov.in/request/allpa.php,2026-08-23T06:45:58.414113+00:00
RTI Online,9,"DG/PD NATIONAL ACADEMY OF AUDIT AND ACCOUNTS, SHIMLA",1,4354,110,no,yes,https://rtionline.gov.in/request/allpa.php,2026-08-23T06:45:58.414113+00:00
RTI Online,10,"DG/PD OF AUDIT (Air Force), New Delhi",1,4323,110,no,yes,https://rtionline.gov.in/request/allpa.php,2026-08-23T06:45:58.414113+00:00
RTI Online,11,"DG/PD of Audit (Central), Ahmedabad",1,4234,110,no,yes,https://rtionline.gov.in/request/allpa.php,2026-08-23T06:45:58.414113+00:00
RTI Online,12,"DG/PD of AUDIT (Central), Chandigarh",1,4255,110,no,yes,https://rtionline.gov.in/request/allpa.php,2026-08-23T06:45:58.414113+00:00
RTI Online,13,"DG/PD of AUDIT (Central), Chennai",1,4260,110,no,yes,https://rtionline.gov.in/request/allpa.php,2026-08-23T06:45:58.414113+00:00
RTI Online,14,DG/PD of Audit (Central Expenditure) NEW DELHI,1,4328,110,no,yes,https://rtionline.gov.in/request/allpa.php,2026-08-23T06:45:58.414113+00:00
RTI Online,15,"DG/PD OF AUDIT (Central), Hyderabad",1,4281,110,no,yes,https://rtionline.gov.in/request/allpa.php,2026-08-23T06:45:58.414113+00:00
RTI Online,16,"DG/PD OF AUDIT (Central), Kolkata",1,4300,110,no,yes,https://rtionline.gov.in/request/allpa.php,2026-08-23T06:45:58.414113+00:00
RTI Online,17,"DG/PD OF AUDIT (Central), Lucknow",1,4309,110,no,yes,https://rtionline.gov.in/request/allpa.php,2026-08-23T06:45:58.414113+00:00
RTI Online,18,"DG/PD OF AUDIT (Central), Mumbai",1,4313,110,no,yes,https://rtionline.gov.in/request/allpa.php,2026-08-23T06:45:58.414113+00:00
RTI Online,19,"DG/PD OF AUDIT (Central Railway), Mumbai",1,4317,110,no,yes,https://rtionline.gov.in/request/allpa.php,2026-08-23T06:45:58.414113+00:00
RTI Online,20,"DG/Pd OF AUDIT (COAL), Kolkata",1,4304,110,no,yes,https://rtionline.gov.in/request/allpa.php,2026-08-23T06:45:58.414113+00:00
RTI Online,21,"DG/PD of AUDIT (Defence Services), Chandigarh",1,4258,110,no,yes,https://rtionline.gov.in/request/allpa.php,2026-08-23T06:45:58.414113+00:00
RTI Online,22,"DG/PD OF AUDIT (Defence Services), New Delhi",1,4322,110,no,yes,https://rtionline.gov.in/request/allpa.php,2026-08-23T06:45:58.414113+00:00
RTI Online,23,"DG/PD OF AUDIT (DEFENCE SERVICES), PUNE",1,4339,110,no,yes,https://rtionline.gov.in/request/allpa.php,2026-08-23T06:45:58.414113+00:00
RTI Online,24,"DG/PD of AUDIT (East Central Railway), Hajipur (Bihar)",1,4278,110,no,yes,https://rtionline.gov.in/request/allpa.php,2026-08-23T06:45:58.414113+00:00
RTI Online,25,DG/PD of AUDIT (East Coast Railway) Bhubaneswar,1,4251,110,no,yes,https://rtionline.gov.in/request/allpa.php,2026-08-23T06:45:58.414113+00:00
RTI Online,26,"DG/PDOF AUDIT (Eastern Railway), Kolkata",1,4307,110,no,yes,https://rtionline.gov.in/request/allpa.php,2026-08-23T06:45:58.414113+00:00
RTI Online,27,DG/PD OF AUDIT (ENERGY) NEW DELHI,1,4332,110,no,yes,https://rtionline.gov.in/request/allpa.php,2026-08-23T06:45:58.414113+00:00
RTI Online,28,"DG/PD OF AUDIT (Environment & Scientific Departments), New Delhi",1,4326,110,no,yes,https://rtionline.gov.in/request/allpa.php,2026-08-23T06:45:58.414113+00:00
RTI Online,29,"DG/PD OF AUDIT (FINANCE & COMMUNICATION), DELHI",1,4334,110,no,yes,https://rtionline.gov.in/request/allpa.php,2026-08-23T06:45:58.414113+00:00
RTI Online,30,DG/PD OF AUDIT (Industry & Corporate Affairs) NEW DELHI,1,4327,110,no,yes,https://rtionline.gov.in/request/allpa.php,2026-08-23T06:45:58.414113+00:00
RTI Online,31,DG/PD OF AUDIT (INFRASTRUCTURE) NEW DELHI,1,4331,110,no,yes,https://rtionline.gov.in/request/allpa.php,2026-08-23T06:45:58.414113+00:00
RTI Online,32,"DG/PD OF AUDIT (MINES), Kolkata",1,4303,110,no,yes,https://rtionline.gov.in/request/allpa.php,2026-08-23T06:45:58.414113+00:00
RTI Online,33,"DG/PD OF AUDIT (Navy), New Delhi",1,4324,110,no,yes,https://rtionline.gov.in/request/allpa.php,2026-08-23T06:45:58.414113+00:00
RTI Online,34,DG/PD OF AUDIT NEW DELHI,1,4330,110,no,yes,https://rtionline.gov.in/request/allpa.php,2026-08-23T06:45:58.414113+00:00
RTI Online,35,"DG/PD of Audit, North Central Railway, Prayagraj",1,4241,110,no,yes,https://rtionline.gov.in/request/allpa.php,2026-08-23T06:45:58.414113+00:00
RTI Online,36,DG/PD OF AUDIT (North Eastern Railway) Gorakhpur,1,4271,110,no,yes,https://rtionline.gov.in/request/allpa.php,2026-08-23T06:45:58.414113+00:00
RTI Online,37,DG/PD of AUDIT (Northeast Frontier Railway) Guwahati,1,4273,110,no,yes,https://rtionline.gov.in/request/allpa.php,2026-08-23T06:45:58.414113+00:00
RTI Online,38,"DG/PD OF AUDIT (NORTHERN RAILWAY), NEW DELHI",1,4335,110,no,yes,https://rtionline.gov.in/request/allpa.php,2026-08-23T06:45:58.414113+00:00
RTI Online,39,"DG/PD of Audit (North Western Railway), Jaipur",1,4293,110,no,yes,https://rtionline.gov.in/request/allpa.php,2026-08-23T06:45:58.414113+00:00
RTI Online,40,"DG/PD of Audit Office, Kualalumpur",1,4364,110,no,yes,https://rtionline.gov.in/request/allpa.php,2026-08-23T06:45:58.414113+00:00
RTI Online,41,"DG/PD OF AUDIT (Ordnance Factories), Kolkata",1,4299,110,no,yes,https://rtionline.gov.in/request/allpa.php,2026-08-23T06:45:58.414113+00:00
RTI Online,42,"DG/PD of Audit (Railway Commercial), New Delhi",1,4325,110,no,yes,https://rtionline.gov.in/request/allpa.php,2026-08-23T06:45:58.414113+00:00
RTI Online,43,"DG/PD OF AUDIT (SHIPPING), Mumbai",1,4314,110,no,yes,https://rtionline.gov.in/request/allpa.php,2026-08-23T06:45:58.414113+00:00
RTI Online,44,"DG/PD OF AUDIT (SOUTH CENTRAL RAILWAY), SECUNDERABAD",1,4348,110,no,yes,https://rtionline.gov.in/request/allpa.php,2026-08-23T06:45:58.414113+00:00
RTI Online,45,DG/PD of AUDIT (South East Central Railway),1,4252,110,no,yes,https://rtionline.gov.in/request/allpa.php,2026-08-23T06:45:58.414113+00:00
RTI Online,46,"DG/PD OF AUDIT (South Eastern Railway), Kolkata",1,4305,110,no,yes,https://rtionline.gov.in/request/allpa.php,2026-08-23T06:45:58.414113+00:00
RTI Online,47,"DG/PD OF AUDIT (Southern Railway), Chennai",1,4264,110,no,yes,https://rtionline.gov.in/request/allpa.php,2026-08-23T06:45:58.414113+00:00
RTI Online,48,"DG/PD of AUDIT (South Western Railway), Hubbali",1,4279,110,no,yes,https://rtionline.gov.in/request/allpa.php,2026-08-23T06:45:58.414113+00:00
RTI Online,49,DG/PD OF AUDIT (STEEL) RANCHI,1,4346,110,no,yes,https://rtionline.gov.in/request/allpa.php,2026-08-23T06:45:58.414113+00:00
RTI Online,50,DG/PD of AUDIT (West Central Railway) Jabalpur,1,4289,110,no,yes,https://rtionline.gov.in/request/allpa.php,2026-08-23T06:45:58.414113+00:00
RTI Online,51,"DG/PD OF AUDIT (Western Railway), Mumbai",1,4316,110,no,yes,https://rtionline.gov.in/request/allpa.php,2026-08-23T06:45:58.414113+00:00
RTI Online,52,"DG/PD of COMMERCIAL (AUDIT), Chennai",1,4263,110,no,yes,https://rtionline.gov.in/request/allpa.php,2026-08-23T06:45:58.414113+00:00
RTI Online,53,"DG/PD of COMMERCIAL AUDIT, Hyderabad",1,4284,110,no,yes,https://rtionline.gov.in/request/allpa.php,2026-08-23T06:45:58.414113+00:00
RTI Online,54,"DG/PD Railway Producation Units & Metro Railway, Kolkata",1,4306,110,no,yes,https://rtionline.gov.in/request/allpa.php,2026-08-23T06:45:58.414113+00:00
RTI Online,55,"DG/PD REGIONAL CAPACITY BUILDING and KNOWLEDGE INSITUTE, Hyderabad",1,4285,110,no,yes,https://rtionline.gov.in/request/allpa.php,2026-08-23T06:45:58.414113+00:00
RTI Online,56,"DG/PD REGIONAL CAPACITY BUILDING and KNOWLEDGE INSITUTE, Jaipur",1,4294,110,no,yes,https://rtionline.gov.in/request/allpa.php,2026-08-23T06:45:58.414113+00:00
RTI Online,57,"DG/PD REGIONAL CAPACITY BUILDING and KNOWLEDGE INSITUTE, Kolkata",1,4308,110,no,yes,https://rtionline.gov.in/request/allpa.php,2026-08-23T06:45:58.414113+00:00
RTI Online,58,"DG/PD REGIONAL CAPACITY BUILDING and KNOWLEDGE INSITUTE, Mumbai",1,4318,110,no,yes,https://rtionline.gov.in/request/allpa.php,2026-08-23T06:45:58.414113+00:00
RTI Online,59,"DG/PD REGIONAL CAPACITY BUILDING and KNOWLEDGE INSITUTE, Nagpur",1,4321,110,no,yes,https://rtionline.gov.in/request/allpa.php,2026-08-23T06:45:58.414113+00:00
RTI Online,60,"DG/PD REGIONAL CAPACITY BUILDING and KNOWLEDGE INSITUTE, Ranchi",1,4347,110,no,yes,https://rtionline.gov.in/request/allpa.php,2026-08-23T06:45:58.414113+00:00
RTI Online,61,"DG/PD REGIONAL CAPACITY BUILDING AND KNOWLEDGE INSTITUTE, Chennai",1,4265,110,no,yes,https://rtionline.gov.in/request/allpa.php,2026-08-23T06:45:58.414113+00:00
RTI Online,62,"DG/PD Regional Capacity Building & Knowledge Institute, Jammu",1,4357,110,no,yes,https://rtionline.gov.in/request/allpa.php,2026-08-23T06:45:58.414113+00:00
RTI Online,63,"DG/PD Regional Capacity Building & Knowledge Institute, Prayagraj (UP)",1,4367,110,no,yes,https://rtionline.gov.in/request/allpa.php,2026-08-23T06:45:58.414113+00:00
RTI Online,64,DG/PD REGIONAL CAPACITY BUILDING & KNOWLEDGE INSTITUTE SHILLONG,1,4351,110,no,yes,https://rtionline.gov.in/request/allpa.php,2026-08-23T06:45:58.414113+00:00
RTI Online,65,"DG/PD The India Audit Office, London",1,4362,110,no,yes,https://rtionline.gov.in/request/allpa.php,2026-08-23T06:45:58.414113+00:00
RTI Online,66,"DG/PD The India Audit Office, Washington DC",1,4363,110,no,yes,https://rtionline.gov.in/request/allpa.php,2026-08-23T06:45:58.414113+00:00
RTI Online,67,"PAG/AG (A & E), Assam, Guwahati",1,4272,110,no,yes,https://rtionline.gov.in/request/allpa.php,2026-08-23T06:45:58.414113+00:00
RTI Online,68,"PAG/AG (A & E) BIHAR, PATNA",1,4337,110,no,yes,https://rtionline.gov.in/request/allpa.php,2026-08-23T06:45:58.414113+00:00
RTI Online,69,"PAG/AG (A&E) CHHATTISGARH, RAIPUR",1,4340,110,no,yes,https://rtionline.gov.in/request/allpa.php,2026-08-23T06:45:58.414113+00:00
RTI Online,70,"PAG/AG (A & E) GUJARAT, RAJKOT",1,4342,110,no,yes,https://rtionline.gov.in/request/allpa.php,2026-08-23T06:45:58.414113+00:00
RTI Online,71,"PAG/AG (A & E), Haryana, Chandigarh",1,4253,110,no,yes,https://rtionline.gov.in/request/allpa.php,2026-08-23T06:45:58.414113+00:00
RTI Online,72,"PAG/AG (A & E) HIMACHAL PRADESH, SHIMLA",1,4352,110,no,yes,https://rtionline.gov.in/request/allpa.php,2026-08-23T06:45:58.414113+00:00
RTI Online,73,"PAG/AG (A & E) - II, Madhya Pradesh, Gwalior",1,4276,110,no,yes,https://rtionline.gov.in/request/allpa.php,2026-08-23T06:45:58.414113+00:00
RTI Online,74,"PAG/AG (A & E) - II, Maharashtra, Nagpur",1,4319,110,no,yes,https://rtionline.gov.in/request/allpa.php,2026-08-23T06:45:58.414113+00:00
RTI Online,75,"PAG/AG (A & E)-II, Prayagraj (UP)",1,4239,110,no,yes,https://rtionline.gov.in/request/allpa.php,2026-08-23T06:45:58.414113+00:00
RTI Online,76,"PAG/AG (A & E) - I, Madhya Pradesh, Gwalior",1,4275,110,no,yes,https://rtionline.gov.in/request/allpa.php,2026-08-23T06:45:58.414113+00:00
RTI Online,77,"PAG/AG (A & E) - I, Maharashtra, Mumbai",1,4311,110,no,yes,https://rtionline.gov.in/request/allpa.php,2026-08-23T06:45:58.414113+00:00
RTI Online,78,"PAG/AG (A & E)-I, Prayagraj",1,4238,110,no,yes,https://rtionline.gov.in/request/allpa.php,2026-08-23T06:45:58.414113+00:00
RTI Online,79,"PAG/AG (A & E), Karnataka, Bengaluru",1,4242,110,no,yes,https://rtionline.gov.in/request/allpa.php,2026-08-23T06:45:58.414113+00:00
RTI Online,80,"PAG/AG (A & E) KERALA,THIRUVANANTHAPURAM",1,4358,110,no,yes,https://rtionline.gov.in/request/allpa.php,2026-08-23T06:45:58.414113+00:00
RTI Online,81,"PAG/AG (A & E) , Kohima",1,4296,110,no,yes,https://rtionline.gov.in/request/allpa.php,2026-08-23T06:45:58.414113+00:00
RTI Online,82,"PAG/AG (A & E), Manipur, Imphal",1,4286,110,no,yes,https://rtionline.gov.in/request/allpa.php,2026-08-23T06:45:58.414113+00:00
RTI Online,83,"PAG/AG (A & E)MEGHALAYA, SHILLONG",1,4349,110,no,yes,https://rtionline.gov.in/request/allpa.php,2026-08-23T06:45:58.414113+00:00
RTI Online,84,"PAG/AG (A & E), Odisha, Bhubaneswar",1,4248,110,no,yes,https://rtionline.gov.in/request/allpa.php,2026-08-23T06:45:58.414113+00:00
RTI Online,85,"PAG/AG (A & E), Rajasthan, Jaipur",1,4290,110,no,yes,https://rtionline.gov.in/request/allpa.php,2026-08-23T06:45:58.414113+00:00
RTI Online,86,PAG/AG (A & E) SRINAGAR (J&K),1,4355,110,no,yes,https://rtionline.gov.in/request/allpa.php,2026-08-23T06:45:58.414113+00:00
RTI Online,87,"PAG/AG (A & E), Tamil Nadu, Chennai",1,4259,110,no,yes,https://rtionline.gov.in/request/allpa.php,2026-08-23T06:45:58.414113+00:00
RTI Online,88,"PAG/AG (A & E), Telangana, Hyderabad",1,4280,110,no,yes,https://rtionline.gov.in/request/allpa.php,2026-08-23T06:45:58.414113+00:00
RTI Online,89,"PAG/AG (A & E),Tripura, Agrtala",1,4233,110,no,yes,https://rtionline.gov.in/request/allpa.php,2026-08-23T06:45:58.414113+00:00
RTI Online,90,"PAG/AG (A & E), Uttarakhand, Dehradun",1,4266,110,no,yes,https://rtionline.gov.in/request/allpa.php,2026-08-23T06:45:58.414113+00:00
RTI Online,91,"PAG/AG (A & E), West Bengal, Kolkata",1,4298,110,no,yes,https://rtionline.gov.in/request/allpa.php,2026-08-23T06:45:58.414113+00:00
RTI Online,92,"PAG/AG, Aizwal",1,4237,110,no,yes,https://rtionline.gov.in/request/allpa.php,2026-08-23T06:45:58.414113+00:00
RTI Online,93,"PAG/AG (AUDIT), Andhra Pradesh, Vijayawada",1,4282,110,no,yes,https://rtionline.gov.in/request/allpa.php,2026-08-23T06:45:58.414113+00:00
RTI Online,94,"PAG/AG (AUDIT) ANDHRA PRADESH, VIJAYAWADA",1,4361,110,no,yes,https://rtionline.gov.in/request/allpa.php,2026-08-23T06:45:58.414113+00:00
RTI Online,95,"PAG/AG (Audit), Arunachal Pradesh, Itanagar",1,4288,110,no,yes,https://rtionline.gov.in/request/allpa.php,2026-08-23T06:45:58.414113+00:00
RTI Online,96,"PAG/AG (AUDIT), Assam, Guwahati",1,4274,110,no,yes,https://rtionline.gov.in/request/allpa.php,2026-08-23T06:45:58.414113+00:00
RTI Online,97,"PAG/AG (AUDIT) BIHAR, PATNA",1,4338,110,no,yes,https://rtionline.gov.in/request/allpa.php,2026-08-23T06:45:58.414113+00:00
RTI Online,98,"PAG/AG (AUDIT) CHHATTISGARH, RAIPUR",1,4341,110,no,yes,https://rtionline.gov.in/request/allpa.php,2026-08-23T06:45:58.414113+00:00
RTI Online,99,"PAG/AG (AUDIT), Haryana, Chandigarh",1,4256,110,no,yes,https://rtionline.gov.in/request/allpa.php,2026-08-23T06:45:58.414113+00:00
RTI Online,100,"PAG/AG (AUDIT) HIMACHAL PRADESH, SHIMLA",1,4353,110,no,yes,https://rtionline.gov.in/request/allpa.php,2026-08-23T06:45:58.414113+00:00
RTI Online,101,"PAG/AG (AUDIT)-I, Chennai",1,4261,110,no,yes,https://rtionline.gov.in/request/allpa.php,2026-08-23T06:45:58.414113+00:00
RTI Online,102,"PAG/AG (AUDIT)-I GUJARAT, RAJKOT",1,4343,110,no,yes,https://rtionline.gov.in/request/allpa.php,2026-08-23T06:45:58.414113+00:00
RTI Online,103,"PAG/AG (AUDIT)-II, Chennai",1,4262,110,no,yes,https://rtionline.gov.in/request/allpa.php,2026-08-23T06:45:58.414113+00:00
RTI Online,104,"PAG/AG (Audit)-II, Gujarat, Ahmedabad",1,4236,110,no,yes,https://rtionline.gov.in/request/allpa.php,2026-08-23T06:45:58.414113+00:00
RTI Online,105,"PAG/AG (AUDIT)-II, Karnataka, Bengaluru",1,4245,110,no,yes,https://rtionline.gov.in/request/allpa.php,2026-08-23T06:45:58.414113+00:00
RTI Online,106,"PAG/AG (AUDIT)-II KERALA, THIRUVANANTHAPURAM",1,4360,110,no,yes,https://rtionline.gov.in/request/allpa.php,2026-08-23T06:45:58.414113+00:00
RTI Online,107,"PAG/AG (AUDIT-II), Madhya Pradesh, Bhopal",1,4247,110,no,yes,https://rtionline.gov.in/request/allpa.php,2026-08-23T06:45:58.414113+00:00
RTI Online,108,"PAG/AG (AUDIT) - II, Maharashtra, Nagpur",1,4320,110,no,yes,https://rtionline.gov.in/request/allpa.php,2026-08-23T06:45:58.414113+00:00
RTI Online,109,"PAG/AG (Audit)-II, Odisha, Bhubaneswar",1,4250,110,no,yes,https://rtionline.gov.in/request/allpa.php,2026-08-23T06:45:58.414113+00:00
RTI Online,110,"PAG/AG (AUDIT)-II, Rajasthan, Jaipur",1,4292,110,no,yes,https://rtionline.gov.in/request/allpa.php,2026-08-23T06:45:58.414113+00:00
RTI Online,111,"PAG/AG (AUDIT)-II, Uttar Pradesh, Lucknow",1,4310,110,no,yes,https://rtionline.gov.in/request/allpa.php,2026-08-23T06:45:58.414113+00:00
RTI Online,112,"PAG/AG (AUDIT)-II, West Bengal, Kolkata",1,4302,110,no,yes,https://rtionline.gov.in/request/allpa.php,2026-08-23T06:45:58.414113+00:00
RTI Online,113,"PAG/AG (AUDIT)-I, Karnataka, Bengaluru",1,4244,110,no,yes,https://rtionline.gov.in/request/allpa.php,2026-08-23T06:45:58.414113+00:00
RTI Online,114,"PAG/AG (AUDIT)-I KERALA, THIRUVANANTHAPURAM",1,4359,110,no,yes,https://rtionline.gov.in/request/allpa.php,2026-08-23T06:45:58.414113+00:00
RTI Online,115,"PAG/AG (AUDIT)-I, Madhya Pradesh, Gwalior",1,4277,110,no,yes,https://rtionline.gov.in/request/allpa.php,2026-08-23T06:45:58.414113+00:00
RTI Online,116,"PAG/AG (Audit) - I, Maharashtra, Mumbai",1,4312,110,no,yes,https://rtionline.gov.in/request/allpa.php,2026-08-23T06:45:58.414113+00:00
RTI Online,117,"PAG/AG (Audit)-I, Odisha, Bhubaneswar",1,4249,110,no,yes,https://rtionline.gov.in/request/allpa.php,2026-08-23T06:45:58.414113+00:00
RTI Online,118,"PAG/AG (Audit)-I, Prayagraj (UP)",1,4240,110,no,yes,https://rtionline.gov.in/request/allpa.php,2026-08-23T06:45:58.414113+00:00
RTI Online,119,"PAG/AG (AUDIT)-I, Rajasthan, Jaipur",1,4291,110,no,yes,https://rtionline.gov.in/request/allpa.php,2026-08-23T06:45:58.414113+00:00
RTI Online,120,"PAG/AG (AUDIT)-I, West Bengal, Kolkata",1,4301,110,no,yes,https://rtionline.gov.in/request/allpa.php,2026-08-23T06:45:58.414113+00:00
RTI Online,121,"PAG/AG (AUDIT) JAMMU & KASHMIR, SRINAGAR",1,4356,110,no,yes,https://rtionline.gov.in/request/allpa.php,2026-08-23T06:45:58.414113+00:00
RTI Online,122,"PAG/AG (AUDIT) JHARKHAND, RANCHI",1,4345,110,no,yes,https://rtionline.gov.in/request/allpa.php,2026-08-23T06:45:58.414113+00:00
RTI Online,123,"PAG/AG (AUDIT), Kohima",1,4297,110,no,yes,https://rtionline.gov.in/request/allpa.php,2026-08-23T06:45:58.414113+00:00
RTI Online,124,"PAG/AG (AUDIT), Manipur, Imphal",1,4287,110,no,yes,https://rtionline.gov.in/request/allpa.php,2026-08-23T06:45:58.414113+00:00
RTI Online,125,"PAG/AG (AUDIT MEGHALAYA, SHILLONG",1,4350,110,no,yes,https://rtionline.gov.in/request/allpa.php,2026-08-23T06:45:58.414113+00:00
RTI Online,126,PAG/AG (AUDIT) NEW DELHI,1,4329,110,no,yes,https://rtionline.gov.in/request/allpa.php,2026-08-23T06:45:58.414113+00:00
RTI Online,127,"PAG/AG (AUDIT), Punjab, Chandigarh",1,4257,110,no,yes,https://rtionline.gov.in/request/allpa.php,2026-08-23T06:45:58.414113+00:00
RTI Online,128,"PAG/AG (AUDIT), Sikkim, Gangtok",1,4269,110,no,yes,https://rtionline.gov.in/request/allpa.php,2026-08-23T06:45:58.414113+00:00
RTI Online,129,"PAG/AG (AUDIT), Telangana, Hyderabad",1,4283,110,no,yes,https://rtionline.gov.in/request/allpa.php,2026-08-23T06:45:58.414113+00:00
RTI Online,130,"PAG/AG (Audit), Tripura, Agartala",1,4235,110,no,yes,https://rtionline.gov.in/request/allpa.php,2026-08-23T06:45:58.414113+00:00
RTI Online,131,"PAG/AG (Audit), Uttarakhand, Dehradun",1,4267,110,no,yes,https://rtionline.gov.in/request/allpa.php,2026-08-23T06:45:58.414113+00:00
RTI Online,132,"PAG/AG, Goa",1,4270,110,no,yes,https://rtionline.gov.in/request/allpa.php,2026-08-23T06:45:58.414113+00:00
RTI Online,133,"PAG/AG, Punjab, Chandigarh",1,4254,110,no,yes,https://rtionline.gov.in/request/allpa.php,2026-08-23T06:45:58.414113+00:00
RTI Online,134,"PD/DG OF COMMERCIAL AUDIT, Mumbai",1,4315,110,no,yes,https://rtionline.gov.in/request/allpa.php,2026-08-23T06:45:58.414113+00:00
RTI Online,135,"Pr. .ACCOUNTANT GENERAL (A & E) JHARKHAND, RANCHI",1,4344,110,no,yes,https://rtionline.gov.in/request/allpa.php,2026-08-23T06:45:58.414113+00:00
RTI Online,136,"Sr. DAG/DAG (A & E), Sikkim, Gangtok",1,4268,110,no,yes,https://rtionline.gov.in/request/allpa.php,2026-08-23T06:45:58.414113+00:00
RTI Online,137,Department of Administrative Reforms & PG,0,76,74,no,yes,https://rtionline.gov.in/request/allpa.php,2026-08-23T06:45:58.414113+00:00
RTI Online,138,Department of Agricultural Research & Education,0,13,9,yes,no,https://rtionline.gov.in/request/allpa.php,2026-08-23T06:45:58.414113+00:00
RTI Online,139,Agricultural Scientists Recruitment Board,1,3707,13,no,yes,https://rtionline.gov.in/request/allpa.php,2026-08-23T06:45:58.414113+00:00
RTI Online,140,Agricultural Technology Application Research Institute Zone I (ICAR),1,3258,13,no,yes,https://rtionline.gov.in/request/allpa.php,2026-08-23T06:45:58.414113+00:00
RTI Online,141,Agricultural Technology Application Research Institute Zone II (ICAR),1,3259,13,no,yes,https://rtionline.gov.in/request/allpa.php,2026-08-23T06:45:58.414113+00:00
RTI Online,142,Agricultural Technology Application Research Institute Zone III (ICAR),1,3260,13,no,yes,https://rtionline.gov.in/request/allpa.php,2026-08-23T06:45:58.414113+00:00
RTI Online,143,Agricultural Technology Application Research Institute Zone IV (ICAR),1,3261,13,no,yes,https://rtionline.gov.in/request/allpa.php,2026-08-23T06:45:58.414113+00:00
RTI Online,144,Agricultural Technology Application Research Institute Zone -IX (ICAR),1,4040,13,no,yes,https://rtionline.gov.in/request/allpa.php,2026-08-23T06:45:58.414113+00:00
RTI Online,145,Agricultural Technology Application Research Institute Zone VI (ICAR),1,3262,13,no,yes,https://rtionline.gov.in/request/allpa.php,2026-08-23T06:45:58.414113+00:00
RTI Online,146,"Agricultural Technology Application Research Institute, Zone VIII (ICAR)",1,2440,13,no,yes,https://rtionline.gov.in/request/allpa.php,2026-08-23T06:45:58.414113+00:00
RTI Online,147,Agrinnovate India Ltd.,1,4110,13,no,yes,https://rtionline.gov.in/request/allpa.php,2026-08-23T06:45:58.414113+00:00
RTI Online,148,"Central Agricultural University, Imphal",1,745,13,no,yes,https://rtionline.gov.in/request/allpa.php,2026-08-23T06:45:58.414113+00:00
RTI Online,149,Central Agroforestry Research Institute(ICAR),1,2396,13,no,yes,https://rtionline.gov.in/request/allpa.php,2026-08-23T06:45:58.414113+00:00
RTI Online,150,Central Arid Zone Research Institute (ICAR),1,2451,13,no,yes,https://rtionline.gov.in/request/allpa.php,2026-08-23T06:45:58.414113+00:00
RTI Online,151,Central Avian Research Institute (ICAR),1,2386,13,no,yes,https://rtionline.gov.in/request/allpa.php,2026-08-23T06:45:58.414113+00:00
RTI Online,152,Central Citrus Research Institute (ICAR),1,2424,13,no,yes,https://rtionline.gov.in/request/allpa.php,2026-08-23T06:45:58.414113+00:00
RTI Online,153,Central Coastal Agricultural Research Institute (ICAR),1,2380,13,no,yes,https://rtionline.gov.in/request/allpa.php,2026-08-23T06:45:58.414113+00:00
RTI Online,154,Central Inland Fisheries Research Institute (ICAR),1,2389,13,no,yes,https://rtionline.gov.in/request/allpa.php,2026-08-23T06:45:58.414113+00:00
RTI Online,155,Central Institue for Women in Agriculture (ICAR),1,2437,13,no,yes,https://rtionline.gov.in/request/allpa.php,2026-08-23T06:45:58.414113+00:00
RTI Online,156,Central Institute for Arid Horticulture (ICAR),1,2375,13,no,yes,https://rtionline.gov.in/request/allpa.php,2026-08-23T06:45:58.414113+00:00
RTI Online,157,Central Institute for Cotton Research (ICAR),1,2372,13,no,yes,https://rtionline.gov.in/request/allpa.php,2026-08-23T06:45:58.414113+00:00
RTI Online,158,Central Institute for Research on Buffaloes (ICAR),1,2445,13,no,yes,https://rtionline.gov.in/request/allpa.php,2026-08-23T06:45:58.414113+00:00
RTI Online,159,Central Institute for Research on Cattle (ICAR),1,2434,13,no,yes,https://rtionline.gov.in/request/allpa.php,2026-08-23T06:45:58.414113+00:00
RTI Online,160,Central Institute for Research on Cotton Technology (ICAR),1,2422,13,no,yes,https://rtionline.gov.in/request/allpa.php,2026-08-23T06:45:58.414113+00:00
RTI Online,161,Central Institute for Research on Goats (ICAR),1,2384,13,no,yes,https://rtionline.gov.in/request/allpa.php,2026-08-23T06:45:58.414113+00:00
RTI Online,162,Central Institute for Subtropical Horticulture (ICAR),1,2374,13,no,yes,https://rtionline.gov.in/request/allpa.php,2026-08-23T06:45:58.414113+00:00
RTI Online,163,Central Institute of Agricultural Engineering (ICAR),1,2443,13,no,yes,https://rtionline.gov.in/request/allpa.php,2026-08-23T06:45:58.414113+00:00
RTI Online,164,Central Institute of Brackishwater Aquaculture (ICAR),1,2388,13,no,yes,https://rtionline.gov.in/request/allpa.php,2026-08-23T06:45:58.414113+00:00
RTI Online,165,Central Institute of Fisheries Education (ICAR),1,2415,13,no,yes,https://rtionline.gov.in/request/allpa.php,2026-08-23T06:45:58.414113+00:00
RTI Online,166,Central Institute of Fisheries Technology (ICAR),1,2390,13,no,yes,https://rtionline.gov.in/request/allpa.php,2026-08-23T06:45:58.414113+00:00
RTI Online,167,Central Institute of Freshwater Aquaculture (ICAR),1,2471,13,no,yes,https://rtionline.gov.in/request/allpa.php,2026-08-23T06:45:58.414113+00:00
RTI Online,168,Central Institute of Post Harvest Engineering and Technology (ICAR),1,2444,13,no,yes,https://rtionline.gov.in/request/allpa.php,2026-08-23T06:45:58.414113+00:00
RTI Online,169,Central Institute of Temperate Horticulture (ICAR),1,2417,13,no,yes,https://rtionline.gov.in/request/allpa.php,2026-08-23T06:45:58.414113+00:00
RTI Online,170,Central Island Agricultural Research Institute (ICAR),1,3273,13,no,yes,https://rtionline.gov.in/request/allpa.php,2026-08-23T06:45:58.414113+00:00
RTI Online,171,Central Marine Fisheries Research Institute (ICAR),1,2387,13,no,yes,https://rtionline.gov.in/request/allpa.php,2026-08-23T06:45:58.414113+00:00
RTI Online,172,Central Plantation Crops Research Institute (ICAR),1,2419,13,no,yes,https://rtionline.gov.in/request/allpa.php,2026-08-23T06:45:58.414113+00:00
RTI Online,173,Central Potato Research Institute (ICAR),1,2418,13,no,yes,https://rtionline.gov.in/request/allpa.php,2026-08-23T06:45:58.414113+00:00
RTI Online,174,Central Research Institute for Dryland Agriculture (ICAR),1,2421,13,no,yes,https://rtionline.gov.in/request/allpa.php,2026-08-23T06:45:58.414113+00:00
RTI Online,175,Central Research Institute for Jute and Allied Fibre (ICAR),1,2460,13,no,yes,https://rtionline.gov.in/request/allpa.php,2026-08-23T06:45:58.414113+00:00
RTI Online,176,Central Sheep and Wool Research Institute (ICAR),1,2452,13,no,yes,https://rtionline.gov.in/request/allpa.php,2026-08-23T06:45:58.414113+00:00
RTI Online,177,Central Soil Salinity Research Institute (ICAR),1,2379,13,no,yes,https://rtionline.gov.in/request/allpa.php,2026-08-23T06:45:58.414113+00:00
RTI Online,178,Central Tobacco Research Institute (ICAR),1,2441,13,no,yes,https://rtionline.gov.in/request/allpa.php,2026-08-23T06:45:58.414113+00:00
RTI Online,179,Central Tuber Crops Research Institute (ICAR),1,2377,13,no,yes,https://rtionline.gov.in/request/allpa.php,2026-08-23T06:45:58.414113+00:00
RTI Online,180,Directorate of Cashew Research (ICAR),1,2409,13,no,yes,https://rtionline.gov.in/request/allpa.php,2026-08-23T06:45:58.414113+00:00
RTI Online,181,Directorate of Coldwater Fisheries Research (ICAR),1,2413,13,no,yes,https://rtionline.gov.in/request/allpa.php,2026-08-23T06:45:58.414113+00:00
RTI Online,182,Directorate of Floricultural Research (ICAR),1,2433,13,no,yes,https://rtionline.gov.in/request/allpa.php,2026-08-23T06:45:58.414113+00:00
RTI Online,183,Directorate of Groundnut Research (ICAR),1,2432,13,no,yes,https://rtionline.gov.in/request/allpa.php,2026-08-23T06:45:58.414113+00:00
RTI Online,184,Directorate of Medicinal and Aromatic Plants Research (ICAR),1,2410,13,no,yes,https://rtionline.gov.in/request/allpa.php,2026-08-23T06:45:58.414113+00:00
RTI Online,185,Directorate of Mushroom Research (ICAR),1,2446,13,no,yes,https://rtionline.gov.in/request/allpa.php,2026-08-23T06:45:58.414113+00:00
RTI Online,186,Directorate of Onion and Garlic Research (ICAR),1,2408,13,no,yes,https://rtionline.gov.in/request/allpa.php,2026-08-23T06:45:58.414113+00:00
RTI Online,187,Directorate of Poultry Research (ICAR),1,2435,13,no,yes,https://rtionline.gov.in/request/allpa.php,2026-08-23T06:45:58.414113+00:00
RTI Online,188,Directorate of Rapeseed Mustard Research (ICAR),1,2407,13,no,yes,https://rtionline.gov.in/request/allpa.php,2026-08-23T06:45:58.414113+00:00
RTI Online,189,Directorate of Weed Science Research (ICAR),1,2412,13,no,yes,https://rtionline.gov.in/request/allpa.php,2026-08-23T06:45:58.414113+00:00
RTI Online,190,Directorate on Foot and Mouth Disease (ICAR),1,2458,13,no,yes,https://rtionline.gov.in/request/allpa.php,2026-08-23T06:45:58.414113+00:00
RTI Online,191,"Dr. Rajendra Prasad Central Agricultural University, Samstipur",1,3709,13,no,yes,https://rtionline.gov.in/request/allpa.php,2026-08-23T06:45:58.414113+00:00
RTI Online,192,"ICAR-Agricultural Technology Application Research Institute Zone X, Hyderabad",1,2472,13,no,yes,https://rtionline.gov.in/request/allpa.php,2026-08-23T06:45:58.414113+00:00
RTI Online,193,"ICAR-IARI, Jharkhand",1,4155,13,no,yes,https://rtionline.gov.in/request/allpa.php,2026-08-23T06:45:58.414113+00:00
RTI Online,194,ICAR Research Complex for Eastern Region (ICAR),1,2420,13,no,yes,https://rtionline.gov.in/request/allpa.php,2026-08-23T06:45:58.414113+00:00
RTI Online,195,ICAR Research Complex for NEH Region (ICAR),1,2381,13,no,yes,https://rtionline.gov.in/request/allpa.php,2026-08-23T06:45:58.414113+00:00
RTI Online,196,"Indian Agricultural Research Institute(IARI), ASSAM",1,4139,13,no,yes,https://rtionline.gov.in/request/allpa.php,2026-08-23T06:45:58.414113+00:00
RTI Online,197,Indian Agricultural Research Institute (ICAR),1,2365,13,no,yes,https://rtionline.gov.in/request/allpa.php,2026-08-23T06:45:58.414113+00:00
RTI Online,198,Indian Agricultural Statistics Research Institute (ICAR),1,2423,13,no,yes,https://rtionline.gov.in/request/allpa.php,2026-08-23T06:45:58.414113+00:00
RTI Online,199,Indian Council of Agricultural Research (ICAR) Hqrs.,1,510,13,no,yes,https://rtionline.gov.in/request/allpa.php,2026-08-23T06:45:58.414113+00:00
RTI Online,200,Indian Grassland and Fodder Research Institute (ICAR),1,2371,13,no,yes,https://rtionline.gov.in/request/allpa.php,2026-08-23T06:45:58.414113+00:00
RTI Online,201,Indian Institute of Agricultural Biotechnology (ICAR),1,3265,13,no,yes,https://rtionline.gov.in/request/allpa.php,2026-08-23T06:45:58.414113+00:00
RTI Online,202,Indian Institute of Farming Systems Research (ICAR),1,2411,13,no,yes,https://rtionline.gov.in/request/allpa.php,2026-08-23T06:45:58.414113+00:00
RTI Online,203,Indian Institute of Horticultural Research (ICAR),1,2373,13,no,yes,https://rtionline.gov.in/request/allpa.php,2026-08-23T06:45:58.414113+00:00
RTI Online,204,Indian Institute of Maize Research (ICAR),1,3267,13,no,yes,https://rtionline.gov.in/request/allpa.php,2026-08-23T06:45:58.414113+00:00
RTI Online,205,Indian Institute of Millets Research (ICAR),1,3271,13,no,yes,https://rtionline.gov.in/request/allpa.php,2026-08-23T06:45:58.414113+00:00
RTI Online,206,Indian Institute of Natural Resins and Gums (ICAR),1,2382,13,no,yes,https://rtionline.gov.in/request/allpa.php,2026-08-23T06:45:58.414113+00:00
RTI Online,207,Indian Institute of Oil Palm Research (ICAR),1,2463,13,no,yes,https://rtionline.gov.in/request/allpa.php,2026-08-23T06:45:58.414113+00:00
RTI Online,208,Indian Institute of Oilseeds Research (ICAR),1,2405,13,no,yes,https://rtionline.gov.in/request/allpa.php,2026-08-23T06:45:58.414113+00:00
RTI Online,209,Indian Institute of Pulses Research (ICAR),1,2459,13,no,yes,https://rtionline.gov.in/request/allpa.php,2026-08-23T06:45:58.414113+00:00
RTI Online,210,Indian Institute of Rice Research (ICAR),1,2470,13,no,yes,https://rtionline.gov.in/request/allpa.php,2026-08-23T06:45:58.414113+00:00
RTI Online,211,Indian Institute of Seed Science (ICAR),1,2431,13,no,yes,https://rtionline.gov.in/request/allpa.php,2026-08-23T06:45:58.414113+00:00
RTI Online,212,Indian Institute of Soil Science (ICAR),1,2449,13,no,yes,https://rtionline.gov.in/request/allpa.php,2026-08-23T06:45:58.414113+00:00
RTI Online,213,Indian Institute of Soil & Water Conservation (ICAR),1,3266,13,no,yes,https://rtionline.gov.in/request/allpa.php,2026-08-23T06:45:58.414113+00:00
RTI Online,214,Indian Institute of Soybean Research (ICAR),1,3269,13,no,yes,https://rtionline.gov.in/request/allpa.php,2026-08-23T06:45:58.414113+00:00
RTI Online,215,Indian Institute of Spices Research (ICAR),1,2442,13,no,yes,https://rtionline.gov.in/request/allpa.php,2026-08-23T06:45:58.414113+00:00
RTI Online,216,Indian Institute of Sugarcane Research (ICAR),1,2369,13,no,yes,https://rtionline.gov.in/request/allpa.php,2026-08-23T06:45:58.414113+00:00
RTI Online,217,Indian Institute of Vegetable Research (ICAR),1,2376,13,no,yes,https://rtionline.gov.in/request/allpa.php,2026-08-23T06:45:58.414113+00:00
RTI Online,218,Indian Institute of Water Management (ICAR),1,2447,13,no,yes,https://rtionline.gov.in/request/allpa.php,2026-08-23T06:45:58.414113+00:00
RTI Online,219,Indian Institute of Wheat and Barley Research (ICAR),1,3268,13,no,yes,https://rtionline.gov.in/request/allpa.php,2026-08-23T06:45:58.414113+00:00
RTI Online,220,Indian Veterinary Research Institute (ICAR),1,2366,13,no,yes,https://rtionline.gov.in/request/allpa.php,2026-08-23T06:45:58.414113+00:00
RTI Online,221,National Academy of Agricultural Research Management (ICAR),1,2391,13,no,yes,https://rtionline.gov.in/request/allpa.php,2026-08-23T06:45:58.414113+00:00
RTI Online,222,National Bureau of Agricultural Insect Resources (ICAR),1,2402,13,no,yes,https://rtionline.gov.in/request/allpa.php,2026-08-23T06:45:58.414113+00:00
RTI Online,223,National Bureau of Agriculturally Important Microorganisms (ICAR),1,2429,13,no,yes,https://rtionline.gov.in/request/allpa.php,2026-08-23T06:45:58.414113+00:00
RTI Online,224,National Bureau of Animal Genetic Resources (ICAR),1,2404,13,no,yes,https://rtionline.gov.in/request/allpa.php,2026-08-23T06:45:58.414113+00:00
RTI Online,225,National Bureau of Fish Genetic Resources (ICAR),1,1472,13,no,yes,https://rtionline.gov.in/request/allpa.php,2026-08-23T06:45:58.414113+00:00
RTI Online,226,National Bureau of Plant Genetic Resources (ICAR),1,2401,13,no,yes,https://rtionline.gov.in/request/allpa.php,2026-08-23T06:45:58.414113+00:00
RTI Online,227,National Bureau of Soil Survey and Land Use Planning (ICAR),1,2403,13,no,yes,https://rtionline.gov.in/request/allpa.php,2026-08-23T06:45:58.414113+00:00
RTI Online,228,National Dairy Research Institute (ICAR),1,480,13,no,yes,https://rtionline.gov.in/request/allpa.php,2026-08-23T06:45:58.414113+00:00
RTI Online,229,National Institute of Abiotic Stress Management (ICAR),1,2450,13,no,yes,https://rtionline.gov.in/request/allpa.php,2026-08-23T06:45:58.414113+00:00
RTI Online,230,National Institute of Agricultural Economics & Policy Research (ICAR),1,3256,13,no,yes,https://rtionline.gov.in/request/allpa.php,2026-08-23T06:45:58.414113+00:00
RTI Online,231,National Institute of Animal Nutrition and Physiology (ICAR),1,2385,13,no,yes,https://rtionline.gov.in/request/allpa.php,2026-08-23T06:45:58.414113+00:00
RTI Online,232,National Institute of Biotic Stress Management (ICAR),1,3257,13,no,yes,https://rtionline.gov.in/request/allpa.php,2026-08-23T06:45:58.414113+00:00
RTI Online,233,National Institute of High Security Animal Diseases (ICAR),1,3264,13,no,yes,https://rtionline.gov.in/request/allpa.php,2026-08-23T06:45:58.414113+00:00
RTI Online,234,National Institute of Research on Jute and Allied Fibre Technology (ICAR),1,2383,13,no,yes,https://rtionline.gov.in/request/allpa.php,2026-08-23T06:45:58.414113+00:00
RTI Online,235,National Institute of Veterinary Epidemiology and Disease Informatics (ICAR),1,3272,13,no,yes,https://rtionline.gov.in/request/allpa.php,2026-08-23T06:45:58.414113+00:00
RTI Online,236,National Research Centre for Banana (ICAR),1,2425,13,no,yes,https://rtionline.gov.in/request/allpa.php,2026-08-23T06:45:58.414113+00:00
RTI Online,237,National Research Centre for Grapes (ICAR),1,2394,13,no,yes,https://rtionline.gov.in/request/allpa.php,2026-08-23T06:45:58.414113+00:00
RTI Online,238,National Research Centre for Integrated Pest Management (ICAR),1,2392,13,no,yes,https://rtionline.gov.in/request/allpa.php,2026-08-23T06:45:58.414113+00:00
RTI Online,239,National Research Centre for Litchi (ICAR),1,2393,13,no,yes,https://rtionline.gov.in/request/allpa.php,2026-08-23T06:45:58.414113+00:00
RTI Online,240,National Research Centre for Orchids (ICAR),1,2395,13,no,yes,https://rtionline.gov.in/request/allpa.php,2026-08-23T06:45:58.414113+00:00
RTI Online,241,National Research Centre on Camel (ICAR),1,2427,13,no,yes,https://rtionline.gov.in/request/allpa.php,2026-08-23T06:45:58.414113+00:00
RTI Online,242,National Research Centre on Equines (ICAR),1,2397,13,no,yes,https://rtionline.gov.in/request/allpa.php,2026-08-23T06:45:58.414113+00:00
RTI Online,243,National Research Centre on Integrated Farming (ICAR),1,3334,13,no,yes,https://rtionline.gov.in/request/allpa.php,2026-08-23T06:45:58.414113+00:00
RTI Online,244,National Research Centre on Meat (ICAR),1,2398,13,no,yes,https://rtionline.gov.in/request/allpa.php,2026-08-23T06:45:58.414113+00:00
RTI Online,245,National Research Centre on Mithun (ICAR),1,2428,13,no,yes,https://rtionline.gov.in/request/allpa.php,2026-08-23T06:45:58.414113+00:00
RTI Online,246,National Research Centre on Pig (ICAR),1,2399,13,no,yes,https://rtionline.gov.in/request/allpa.php,2026-08-23T06:45:58.414113+00:00
RTI Online,247,National Research Centre on Plant Biotechnology (ICAR),1,2466,13,no,yes,https://rtionline.gov.in/request/allpa.php,2026-08-23T06:45:58.414113+00:00
RTI Online,248,National Research Centre on Pomegranate (ICAR),1,2426,13,no,yes,https://rtionline.gov.in/request/allpa.php,2026-08-23T06:45:58.414113+00:00
RTI Online,249,National Research Centre on Seed Spices (ICAR),1,2465,13,no,yes,https://rtionline.gov.in/request/allpa.php,2026-08-23T06:45:58.414113+00:00
RTI Online,250,National Research Centre on Yak (ICAR),1,2400,13,no,yes,https://rtionline.gov.in/request/allpa.php,2026-08-23T06:45:58.414113+00:00
RTI Online,251,National Rice Research Institute (ICAR),1,2416,13,no,yes,https://rtionline.gov.in/request/allpa.php,2026-08-23T06:45:58.414113+00:00
RTI Online,252,"Rani Lakshmibai Central Agricultural University, Jhansi",1,3710,13,no,yes,https://rtionline.gov.in/request/allpa.php,2026-08-23T06:45:58.414113+00:00
RTI Online,253,Sugarcane Breeding Institute (ICAR),1,2370,13,no,yes,https://rtionline.gov.in/request/allpa.php,2026-08-23T06:45:58.414113+00:00
RTI Online,254,Vivekananda Parvatiya Krishi Anusandhan Sansthan (ICAR),1,2368,13,no,yes,https://rtionline.gov.in/request/allpa.php,2026-08-23T06:45:58.414113+00:00
RTI Online,255,"Department of Agriculture, Cooperation & Farmers Welfare",0,12,9,yes,no,https://rtionline.gov.in/request/allpa.php,2026-08-23T06:45:58.414113+00:00
RTI Online,256,All India Soil & Land Use Survey,1,797,12,no,yes,https://rtionline.gov.in/request/allpa.php,2026-08-23T06:45:58.414113+00:00
RTI Online,257,Central Farm Machinery Training & Testing Institute,1,810,12,no,yes,https://rtionline.gov.in/request/allpa.php,2026-08-23T06:45:58.414113+00:00
RTI Online,258,"Central Fertiliser Quality Control & Training Institute (CFQCTI), Faridabad",1,796,12,no,yes,https://rtionline.gov.in/request/allpa.php,2026-08-23T06:45:58.414113+00:00
RTI Online,259,Central Institute of Horticulture,1,3378,12,no,yes,https://rtionline.gov.in/request/allpa.php,2026-08-23T06:45:58.414113+00:00
RTI Online,260,"Chief Controller of Accounts, MAFW & MFAHD",1,3905,12,no,yes,https://rtionline.gov.in/request/allpa.php,2026-08-23T06:45:58.414113+00:00
RTI Online,261,Coconut Development Board,1,351,12,no,yes,https://rtionline.gov.in/request/allpa.php,2026-08-23T06:45:58.414113+00:00
RTI Online,262,Commission for Agricultural Cost & Prices(CACP),1,782,12,no,yes,https://rtionline.gov.in/request/allpa.php,2026-08-23T06:45:58.414113+00:00
RTI Online,263,Directorate of Arecanut and Spices Development,1,799,12,no,yes,https://rtionline.gov.in/request/allpa.php,2026-08-23T06:45:58.414113+00:00
RTI Online,264,Directorate of Cashewnut and Cocoa Development,1,800,12,no,yes,https://rtionline.gov.in/request/allpa.php,2026-08-23T06:45:58.414113+00:00
RTI Online,265,Directorate of Cotton Development,1,806,12,no,yes,https://rtionline.gov.in/request/allpa.php,2026-08-23T06:45:58.414113+00:00
RTI Online,266,Directorate of Extension,1,809,12,no,yes,https://rtionline.gov.in/request/allpa.php,2026-08-23T06:45:58.414113+00:00
RTI Online,267,Directorate of Jute Development,1,786,12,no,yes,https://rtionline.gov.in/request/allpa.php,2026-08-23T06:45:58.414113+00:00
RTI Online,268,Directorate of Marketing & Inspection,1,783,12,no,yes,https://rtionline.gov.in/request/allpa.php,2026-08-23T06:45:58.414113+00:00
RTI Online,269,Directorate of Millets Development,1,789,12,no,yes,https://rtionline.gov.in/request/allpa.php,2026-08-23T06:45:58.414113+00:00
RTI Online,270,Directorate of Oilseeds Development,1,811,12,no,yes,https://rtionline.gov.in/request/allpa.php,2026-08-23T06:45:58.414113+00:00
RTI Online,271,Directorate of Plant Protection Qurantine & Storage,1,785,12,no,yes,https://rtionline.gov.in/request/allpa.php,2026-08-23T06:45:58.414113+00:00
RTI Online,272,Directorate of Rice Development,1,793,12,no,yes,https://rtionline.gov.in/request/allpa.php,2026-08-23T06:45:58.414113+00:00
RTI Online,273,Directorate of Sugarcane Development,1,790,12,no,yes,https://rtionline.gov.in/request/allpa.php,2026-08-23T06:45:58.414113+00:00
RTI Online,274,Directorate of Wheat Development,1,795,12,no,yes,https://rtionline.gov.in/request/allpa.php,2026-08-23T06:45:58.414113+00:00
RTI Online,275,"Krishi Vigyan Kendra, Medak",1,3881,12,no,yes,https://rtionline.gov.in/request/allpa.php,2026-08-23T06:45:58.414113+00:00
RTI Online,276,"Krishi Vigyan Kendra, Solapur",1,3880,12,no,yes,https://rtionline.gov.in/request/allpa.php,2026-08-23T06:45:58.414113+00:00
RTI Online,277,Mahalanobis National Crop Forecast Centre,1,3275,12,no,yes,https://rtionline.gov.in/request/allpa.php,2026-08-23T06:45:58.414113+00:00
RTI Online,278,National Centre for Cold Chain Development,1,3361,12,no,yes,https://rtionline.gov.in/request/allpa.php,2026-08-23T06:45:58.414113+00:00
RTI Online,279,National Centre of Organic Farming,1,805,12,no,yes,https://rtionline.gov.in/request/allpa.php,2026-08-23T06:45:58.414113+00:00
RTI Online,280,National Cooperative Development Corporation,1,354,12,no,yes,https://rtionline.gov.in/request/allpa.php,2026-08-23T06:45:58.414113+00:00
RTI Online,281,National Horticulture Board(NHB),1,816,12,no,yes,https://rtionline.gov.in/request/allpa.php,2026-08-23T06:45:58.414113+00:00
RTI Online,282,National Institute of Agricultural Extension Management (MANAGE),1,352,12,no,yes,https://rtionline.gov.in/request/allpa.php,2026-08-23T06:45:58.414113+00:00
RTI Online,283,National Institute of Agricultural Marketing(NIAM),1,814,12,no,yes,https://rtionline.gov.in/request/allpa.php,2026-08-23T06:45:58.414113+00:00
RTI Online,284,National Institute of Plant Health Management,1,2538,12,no,yes,https://rtionline.gov.in/request/allpa.php,2026-08-23T06:45:58.414113+00:00
RTI Online,285,National Rainfed Area Authority,1,3274,12,no,yes,https://rtionline.gov.in/request/allpa.php,2026-08-23T06:45:58.414113+00:00
RTI Online,286,National Seeds Corporation Ltd.,1,297,12,no,yes,https://rtionline.gov.in/request/allpa.php,2026-08-23T06:45:58.414113+00:00
RTI Online,287,National Seeds Research & Training Centre (NSRTC),1,1851,12,no,yes,https://rtionline.gov.in/request/allpa.php,2026-08-23T06:45:58.414113+00:00
RTI Online,288,North Eastern Regional Farm Machinery Training & Testing Instt.,1,801,12,no,yes,https://rtionline.gov.in/request/allpa.php,2026-08-23T06:45:58.414113+00:00
RTI Online,289,Northern Region Farm Machinery Training & Testing Institute,1,807,12,no,yes,https://rtionline.gov.in/request/allpa.php,2026-08-23T06:45:58.414113+00:00
RTI Online,290,Protection of Plant Varieties and Farmers Rights Authority,1,2537,12,no,yes,https://rtionline.gov.in/request/allpa.php,2026-08-23T06:45:58.414113+00:00
RTI Online,291,Small Farmers Agri Business Consortium,1,812,12,no,yes,https://rtionline.gov.in/request/allpa.php,2026-08-23T06:45:58.414113+00:00
RTI Online,292,Southern Region Farm machinery Training & Testing Institute,1,798,12,no,yes,https://rtionline.gov.in/request/allpa.php,2026-08-23T06:45:58.414113+00:00
RTI Online,293,"Department of Animal Husbandry, Dairying and Fisheries",0,14,9,yes,no,https://rtionline.gov.in/request/allpa.php,2026-08-23T06:45:58.414113+00:00
RTI Online,294,"Animal Quarantine and Certification Service, Mumbai",1,654,14,no,yes,https://rtionline.gov.in/request/allpa.php,2026-08-23T06:45:58.414113+00:00
RTI Online,295,"Animal Quarantine and Certification Services,Bangalore",1,3280,14,no,yes,https://rtionline.gov.in/request/allpa.php,2026-08-23T06:45:58.414113+00:00
RTI Online,296,"Animal Quarantine and Certification Services,Chennai",1,648,14,no,yes,https://rtionline.gov.in/request/allpa.php,2026-08-23T06:45:58.414113+00:00
RTI Online,297,"Animal Quarantine and Certification Services,Hyderabad",1,3281,14,no,yes,https://rtionline.gov.in/request/allpa.php,2026-08-23T06:45:58.414113+00:00
RTI Online,298,"Animal Quarantine and Certification Services,Kolkatta",1,650,14,no,yes,https://rtionline.gov.in/request/allpa.php,2026-08-23T06:45:58.414113+00:00
RTI Online,299,"Animal Quarantine and Certification Services,New Delhi",1,649,14,no,yes,https://rtionline.gov.in/request/allpa.php,2026-08-23T06:45:58.414113+00:00
RTI Online,300,"CCBF,Suratgarh",1,652,14,no,yes,https://rtionline.gov.in/request/allpa.php,2026-08-23T06:45:58.414113+00:00
RTI Online,301,"Central Cattle Breeding Farm, Andeshnagar",1,638,14,no,yes,https://rtionline.gov.in/request/allpa.php,2026-08-23T06:45:58.414113+00:00
RTI Online,302,"Central Cattle Breeding Farm, Chennai",1,3282,14,no,yes,https://rtionline.gov.in/request/allpa.php,2026-08-23T06:45:58.414113+00:00
RTI Online,303,"Central Cattle Breeding Farm, Chiplima",1,639,14,no,yes,https://rtionline.gov.in/request/allpa.php,2026-08-23T06:45:58.414113+00:00
RTI Online,304,"Central Cattle Breeding Farm, Dhamrod",1,636,14,no,yes,https://rtionline.gov.in/request/allpa.php,2026-08-23T06:45:58.414113+00:00
RTI Online,305,"Central Cattle Breeding Farm,Hesserghatta",1,641,14,no,yes,https://rtionline.gov.in/request/allpa.php,2026-08-23T06:45:58.414113+00:00
RTI Online,306,"Central Cattle Breeding Farm, Sunebeda",1,640,14,no,yes,https://rtionline.gov.in/request/allpa.php,2026-08-23T06:45:58.414113+00:00
RTI Online,307,"Central Frozen Semen Production & Training Instt., Hesserghatta",1,647,14,no,yes,https://rtionline.gov.in/request/allpa.php,2026-08-23T06:45:58.414113+00:00
RTI Online,308,"Central Herd Registration Scheme, Ahmedabad",1,634,14,no,yes,https://rtionline.gov.in/request/allpa.php,2026-08-23T06:45:58.414113+00:00
RTI Online,309,"Central Herd Registration Scheme, Ajmer",1,632,14,no,yes,https://rtionline.gov.in/request/allpa.php,2026-08-23T06:45:58.414113+00:00
RTI Online,310,"Central Herd Registration Scheme, Ongole",1,635,14,no,yes,https://rtionline.gov.in/request/allpa.php,2026-08-23T06:45:58.414113+00:00
RTI Online,311,"Central Herd Registration Scheme, Rohtak",1,633,14,no,yes,https://rtionline.gov.in/request/allpa.php,2026-08-23T06:45:58.414113+00:00
RTI Online,312,"Central Institute of Coastal Engineering For Fishery (CICEF),Banglore",1,679,14,no,yes,https://rtionline.gov.in/request/allpa.php,2026-08-23T06:45:58.414113+00:00
RTI Online,313,"Central Poultry Devlopment Organization(ER),Bhubneshwar",1,664,14,no,yes,https://rtionline.gov.in/request/allpa.php,2026-08-23T06:45:58.414113+00:00
RTI Online,314,"Central Poultry Devlopment Organization,Hessarghatta",1,666,14,no,yes,https://rtionline.gov.in/request/allpa.php,2026-08-23T06:45:58.414113+00:00
RTI Online,315,"Central Poultry Devlopment Organization(NR),Chandigarh",1,665,14,no,yes,https://rtionline.gov.in/request/allpa.php,2026-08-23T06:45:58.414113+00:00
RTI Online,316,"Central Poultry Devlopment Organization(WR),Mumbai",1,663,14,no,yes,https://rtionline.gov.in/request/allpa.php,2026-08-23T06:45:58.414113+00:00
RTI Online,317,"Central Poultry Performing Testing Centre, Gurgoan",1,667,14,no,yes,https://rtionline.gov.in/request/allpa.php,2026-08-23T06:45:58.414113+00:00
RTI Online,318,"Central Sheep Breeding Farm,Hissar",1,662,14,no,yes,https://rtionline.gov.in/request/allpa.php,2026-08-23T06:45:58.414113+00:00
RTI Online,319,"CIFNET, Kochi",1,676,14,no,yes,https://rtionline.gov.in/request/allpa.php,2026-08-23T06:45:58.414113+00:00
RTI Online,320,"CIFNET, Royapuram, Chennai",1,678,14,no,yes,https://rtionline.gov.in/request/allpa.php,2026-08-23T06:45:58.414113+00:00
RTI Online,321,"CIFNET, Vishakhapatnam",1,677,14,no,yes,https://rtionline.gov.in/request/allpa.php,2026-08-23T06:45:58.414113+00:00
RTI Online,322,"Delhi Milk Scheme, New Delhi",1,680,14,no,yes,https://rtionline.gov.in/request/allpa.php,2026-08-23T06:45:58.414113+00:00
RTI Online,323,Department of Fisheries,1,3793,14,no,yes,https://rtionline.gov.in/request/allpa.php,2026-08-23T06:45:58.414113+00:00
RTI Online,324,"Fisheries Survey of India, Mumbai Base",1,1692,14,no,yes,https://rtionline.gov.in/request/allpa.php,2026-08-23T06:45:58.414113+00:00
RTI Online,325,"Fisheries Survey of India, Porbandar Base",1,1693,14,no,yes,https://rtionline.gov.in/request/allpa.php,2026-08-23T06:45:58.414113+00:00
RTI Online,326,"Fishery Survey of India, Bogda (Mormugao)",1,673,14,no,yes,https://rtionline.gov.in/request/allpa.php,2026-08-23T06:45:58.414113+00:00
RTI Online,327,"Fishery Survey of India, Chennai",1,669,14,no,yes,https://rtionline.gov.in/request/allpa.php,2026-08-23T06:45:58.414113+00:00
RTI Online,328,"Fishery Survey of India,Kochi",1,671,14,no,yes,https://rtionline.gov.in/request/allpa.php,2026-08-23T06:45:58.414113+00:00
RTI Online,329,"Fishery Survey of India, Mumbai",1,668,14,no,yes,https://rtionline.gov.in/request/allpa.php,2026-08-23T06:45:58.414113+00:00
RTI Online,330,"Fishery Survey of India, Portblair",1,672,14,no,yes,https://rtionline.gov.in/request/allpa.php,2026-08-23T06:45:58.414113+00:00
RTI Online,331,"Fishery Survey of India, Vishakhapatnam",1,670,14,no,yes,https://rtionline.gov.in/request/allpa.php,2026-08-23T06:45:58.414113+00:00
RTI Online,332,National Dairy Development Board,1,3283,14,no,yes,https://rtionline.gov.in/request/allpa.php,2026-08-23T06:45:58.414113+00:00
RTI Online,333,"National Fisheries Development Board, Hyderabad",1,3343,14,no,yes,https://rtionline.gov.in/request/allpa.php,2026-08-23T06:45:58.414113+00:00
RTI Online,334,"National Institute of Animal Health (NIAH),Baghpat",1,2267,14,no,yes,https://rtionline.gov.in/request/allpa.php,2026-08-23T06:45:58.414113+00:00
RTI Online,335,"National Institute of Fisheries Post Harvest Technology and Training (NIFPHATT), Kochi",1,3284,14,no,yes,https://rtionline.gov.in/request/allpa.php,2026-08-23T06:45:58.414113+00:00
RTI Online,336,"NIFPHATT, Vishakhapatnam",1,3341,14,no,yes,https://rtionline.gov.in/request/allpa.php,2026-08-23T06:45:58.414113+00:00
RTI Online,337,"Reginal Fodder Station, Hyderabad",1,3285,14,no,yes,https://rtionline.gov.in/request/allpa.php,2026-08-23T06:45:58.414113+00:00
RTI Online,338,"Reginal Fodder Station, Jammu",1,3286,14,no,yes,https://rtionline.gov.in/request/allpa.php,2026-08-23T06:45:58.414113+00:00
RTI Online,339,"Reginal Fodder Station, Kalyani",1,3287,14,no,yes,https://rtionline.gov.in/request/allpa.php,2026-08-23T06:45:58.414113+00:00
RTI Online,340,"Regional Fodder Station, Chennai",1,3342,14,no,yes,https://rtionline.gov.in/request/allpa.php,2026-08-23T06:45:58.414113+00:00
RTI Online,341,"Regional Fodder Station, Hissar",1,3288,14,no,yes,https://rtionline.gov.in/request/allpa.php,2026-08-23T06:45:58.414113+00:00
RTI Online,342,Veterinary Council of India,1,3150,14,no,yes,https://rtionline.gov.in/request/allpa.php,2026-08-23T06:45:58.414113+00:00
RTI Online,343,Department of Atomic Energy,0,23,,yes,no,https://rtionline.gov.in/request/allpa.php,2026-08-23T06:45:58.414113+00:00
RTI Online,344,Atomic Energy Education Society,1,729,23,no,yes,https://rtionline.gov.in/request/allpa.php,2026-08-23T06:45:58.414113+00:00
RTI Online,345,Atomic Energy Regulatory Board,1,1092,23,no,yes,https://rtionline.gov.in/request/allpa.php,2026-08-23T06:45:58.414113+00:00
RTI Online,346,Atomic Minerals Directorate for Exploration & Research,1,1082,23,no,yes,https://rtionline.gov.in/request/allpa.php,2026-08-23T06:45:58.414113+00:00
RTI Online,347,"BARC Facilities, Kalpakkam",1,2329,23,no,yes,https://rtionline.gov.in/request/allpa.php,2026-08-23T06:45:58.414113+00:00
RTI Online,348,Bhabha Atomic Resarch Centre (Tarapur),1,2327,23,no,yes,https://rtionline.gov.in/request/allpa.php,2026-08-23T06:45:58.414113+00:00
RTI Online,349,Bhabha Atomic Research Centre,1,847,23,no,yes,https://rtionline.gov.in/request/allpa.php,2026-08-23T06:45:58.414113+00:00
RTI Online,350,Bhabha Atomic Research Centre (Vizag),1,3297,23,no,yes,https://rtionline.gov.in/request/allpa.php,2026-08-23T06:45:58.414113+00:00
RTI Online,351,Bharatiya Nabhikiya Vidhyut Nigam Ltd. (BHAVINI),1,728,23,no,yes,https://rtionline.gov.in/request/allpa.php,2026-08-23T06:45:58.414113+00:00
RTI Online,352,Board of Radiation and Isotope Technology,1,2099,23,no,yes,https://rtionline.gov.in/request/allpa.php,2026-08-23T06:45:58.414113+00:00
RTI Online,353,"Directorate of Construction, Services & Estate Management",1,855,23,no,yes,https://rtionline.gov.in/request/allpa.php,2026-08-23T06:45:58.414113+00:00
RTI Online,354,Directorate of Purchase and Stores,1,1039,23,no,yes,https://rtionline.gov.in/request/allpa.php,2026-08-23T06:45:58.414113+00:00
RTI Online,355,Electronics Corporation of India Ltd.,1,130,23,no,yes,https://rtionline.gov.in/request/allpa.php,2026-08-23T06:45:58.414113+00:00
RTI Online,356,"General Services Organisation, Kalpakkam",1,1098,23,no,yes,https://rtionline.gov.in/request/allpa.php,2026-08-23T06:45:58.414113+00:00
RTI Online,357,Global Centre for Nuclear Energy Partnership,1,3295,23,no,yes,https://rtionline.gov.in/request/allpa.php,2026-08-23T06:45:58.414113+00:00
RTI Online,358,Harish Chandra Research Institute,1,1101,23,no,yes,https://rtionline.gov.in/request/allpa.php,2026-08-23T06:45:58.414113+00:00
RTI Online,359,"Heavy Water Board (CO), HWP (Thal) and HWP (Hazira)",1,1032,23,no,yes,https://rtionline.gov.in/request/allpa.php,2026-08-23T06:45:58.414113+00:00
RTI Online,360,Heavy Water Plant(Baroda),1,1094,23,no,yes,https://rtionline.gov.in/request/allpa.php,2026-08-23T06:45:58.414113+00:00
RTI Online,361,Heavy Water Plant (Kota),1,1218,23,no,yes,https://rtionline.gov.in/request/allpa.php,2026-08-23T06:45:58.414113+00:00
RTI Online,362,Heavy Water Plant (Manuguru),1,1099,23,no,yes,https://rtionline.gov.in/request/allpa.php,2026-08-23T06:45:58.414113+00:00
RTI Online,363,Heavy Water Plant (Talcher),1,1097,23,no,yes,https://rtionline.gov.in/request/allpa.php,2026-08-23T06:45:58.414113+00:00
RTI Online,364,Heavy Water Plant (Tuticorin),1,1096,23,no,yes,https://rtionline.gov.in/request/allpa.php,2026-08-23T06:45:58.414113+00:00
RTI Online,365,Homi Bhabha National Institute,1,3298,23,no,yes,https://rtionline.gov.in/request/allpa.php,2026-08-23T06:45:58.414113+00:00
RTI Online,366,Indian Rare Earths Limited,1,131,23,no,yes,https://rtionline.gov.in/request/allpa.php,2026-08-23T06:45:58.414113+00:00
RTI Online,367,Indira Gandhi Centre for Atomic Research,1,1035,23,no,yes,https://rtionline.gov.in/request/allpa.php,2026-08-23T06:45:58.414113+00:00
RTI Online,368,Institute for Plasma Research,1,735,23,no,yes,https://rtionline.gov.in/request/allpa.php,2026-08-23T06:45:58.414113+00:00
RTI Online,369,"Institute of Mathematical Sciences,",1,731,23,no,yes,https://rtionline.gov.in/request/allpa.php,2026-08-23T06:45:58.414113+00:00
RTI Online,370,Institute of Physics (IOP),1,738,23,no,yes,https://rtionline.gov.in/request/allpa.php,2026-08-23T06:45:58.414113+00:00
RTI Online,371,"National Centre for Radio Astrophysics, Pune",1,3886,23,no,yes,https://rtionline.gov.in/request/allpa.php,2026-08-23T06:45:58.414113+00:00
RTI Online,372,National Institute of Science Education and Research Centre,1,3296,23,no,yes,https://rtionline.gov.in/request/allpa.php,2026-08-23T06:45:58.414113+00:00
RTI Online,373,Nuclear Fuel Complex,1,1038,23,no,yes,https://rtionline.gov.in/request/allpa.php,2026-08-23T06:45:58.414113+00:00
RTI Online,374,Nuclear Power Corporation of India Limited,1,132,23,no,yes,https://rtionline.gov.in/request/allpa.php,2026-08-23T06:45:58.414113+00:00
RTI Online,375,"Nuclear Recycle Board, Mumbai",1,4025,23,no,yes,https://rtionline.gov.in/request/allpa.php,2026-08-23T06:45:58.414113+00:00
RTI Online,376,Raja Ramanna Centre for Advanced Technology,1,1088,23,no,yes,https://rtionline.gov.in/request/allpa.php,2026-08-23T06:45:58.414113+00:00
RTI Online,377,Rare Materials Project (Mysore),1,2328,23,no,yes,https://rtionline.gov.in/request/allpa.php,2026-08-23T06:45:58.414113+00:00
RTI Online,378,Saha Institute of Nuclear Physics,1,737,23,no,yes,https://rtionline.gov.in/request/allpa.php,2026-08-23T06:45:58.414113+00:00
RTI Online,379,Tata Institute of Fundamental Research,1,736,23,no,yes,https://rtionline.gov.in/request/allpa.php,2026-08-23T06:45:58.414113+00:00
RTI Online,380,Tata Memorial Centre,1,733,23,no,yes,https://rtionline.gov.in/request/allpa.php,2026-08-23T06:45:58.414113+00:00
RTI Online,381,UM-DAE Centre for Excellence in Basic Sciences,1,3294,23,no,yes,https://rtionline.gov.in/request/allpa.php,2026-08-23T06:45:58.414113+00:00
RTI Online,382,Uranium Corporation of India Limited,1,133,23,no,yes,https://rtionline.gov.in/request/allpa.php,2026-08-23T06:45:58.414113+00:00
RTI Online,383,Variable Energy Cyclotron Centre,1,1102,23,no,yes,https://rtionline.gov.in/request/allpa.php,2026-08-23T06:45:58.414113+00:00
RTI Online,384,Department of Bio-Technology,0,90,87,yes,no,https://rtionline.gov.in/request/allpa.php,2026-08-23T06:45:58.414113+00:00
RTI Online,385,Bharat Immunolgicals & Biologicals Corp. Ltd.(BIBCOL),1,134,90,no,yes,https://rtionline.gov.in/request/allpa.php,2026-08-23T06:45:58.414113+00:00
RTI Online,386,Biotechnology Industry Research Assistance Council (BIRAC),1,3373,90,no,yes,https://rtionline.gov.in/request/allpa.php,2026-08-23T06:45:58.414113+00:00
RTI Online,387,"Center of Innovative and Applied Bioprocessing, Mohali",1,3369,90,no,yes,https://rtionline.gov.in/request/allpa.php,2026-08-23T06:45:58.414113+00:00
RTI Online,388,Centre for DNA Fingerprinting and Diagnostics(CDFD),1,1013,90,no,yes,https://rtionline.gov.in/request/allpa.php,2026-08-23T06:45:58.414113+00:00
RTI Online,389,Indian Vaccines Corporation Limited (IVCOL),1,1177,90,no,yes,https://rtionline.gov.in/request/allpa.php,2026-08-23T06:45:58.414113+00:00
RTI Online,390,Institute of Bioresources & Sustainable Development(IBSD),1,1018,90,no,yes,https://rtionline.gov.in/request/allpa.php,2026-08-23T06:45:58.414113+00:00
RTI Online,391,Institute of Life Sciences(ILS),1,1017,90,no,yes,https://rtionline.gov.in/request/allpa.php,2026-08-23T06:45:58.414113+00:00
RTI Online,392,Institute of Stem Cell Science and Regenerative Medicine (inStem),1,3869,90,no,yes,https://rtionline.gov.in/request/allpa.php,2026-08-23T06:45:58.414113+00:00
RTI Online,393,National Agri Food Biotechnology Institute (NABI),1,3371,90,no,yes,https://rtionline.gov.in/request/allpa.php,2026-08-23T06:45:58.414113+00:00
RTI Online,394,National Brain Research Centre(NBRC),1,1014,90,no,yes,https://rtionline.gov.in/request/allpa.php,2026-08-23T06:45:58.414113+00:00
RTI Online,395,National Centre for Cell Science(NCCS),1,1012,90,no,yes,https://rtionline.gov.in/request/allpa.php,2026-08-23T06:45:58.414113+00:00
RTI Online,396,National Institute of Animal Biotechnolgy(NIAB),1,3370,90,no,yes,https://rtionline.gov.in/request/allpa.php,2026-08-23T06:45:58.414113+00:00
RTI Online,397,National Institute of Biomedical Genomics,1,2788,90,no,yes,https://rtionline.gov.in/request/allpa.php,2026-08-23T06:45:58.414113+00:00
RTI Online,398,National Institute of Immunology (NII),1,1011,90,no,yes,https://rtionline.gov.in/request/allpa.php,2026-08-23T06:45:58.414113+00:00
RTI Online,399,National Institute of Plant Genome Researchc (NIPGR),1,1016,90,no,yes,https://rtionline.gov.in/request/allpa.php,2026-08-23T06:45:58.414113+00:00
RTI Online,400,Rajiv Gandhi Centre for Biotechnology,1,2050,90,no,yes,https://rtionline.gov.in/request/allpa.php,2026-08-23T06:45:58.414113+00:00
RTI Online,401,Regional Centre for Biotechnology,1,3372,90,no,yes,https://rtionline.gov.in/request/allpa.php,2026-08-23T06:45:58.414113+00:00
RTI Online,402,Translational Health Science and Technology Institute,1,2787,90,no,yes,https://rtionline.gov.in/request/allpa.php,2026-08-23T06:45:58.414113+00:00
RTI Online,403,Department of Chemicals & Petrochemicals,0,17,16,yes,no,https://rtionline.gov.in/request/allpa.php,2026-08-23T06:45:58.414113+00:00
RTI Online,404,Brahmaputra Cracker and Polymer Limited,1,3335,17,no,yes,https://rtionline.gov.in/request/allpa.php,2026-08-23T06:45:58.414113+00:00
RTI Online,405,Central Insititute of Petrochemicals Engineering & Technology (CIPET),1,1505,17,no,yes,https://rtionline.gov.in/request/allpa.php,2026-08-23T06:45:58.414113+00:00
RTI Online,406,Hindustan Fluorocarbons Limited,1,3336,17,no,yes,https://rtionline.gov.in/request/allpa.php,2026-08-23T06:45:58.414113+00:00
RTI Online,407,Hindustan Insecticides Limited,1,137,17,no,yes,https://rtionline.gov.in/request/allpa.php,2026-08-23T06:45:58.414113+00:00
RTI Online,408,Hindustan Organic Chemical Ltd,1,138,17,no,yes,https://rtionline.gov.in/request/allpa.php,2026-08-23T06:45:58.414113+00:00
RTI Online,409,Institute of Pesticide Formulation Technology,1,1503,17,no,yes,https://rtionline.gov.in/request/allpa.php,2026-08-23T06:45:58.414113+00:00
RTI Online,410,Office of the Welfare Commissioner Bhopal Gas,1,1888,17,no,yes,https://rtionline.gov.in/request/allpa.php,2026-08-23T06:45:58.414113+00:00
RTI Online,411,Department of Commerce,0,24,22,yes,no,https://rtionline.gov.in/request/allpa.php,2026-08-23T06:45:58.414113+00:00
RTI Online,412,Agricultural and Processed Food Products Export Development Authority,1,596,24,no,yes,https://rtionline.gov.in/request/allpa.php,2026-08-23T06:45:58.414113+00:00
RTI Online,413,Cochin Special Economic Zone,1,590,24,no,yes,https://rtionline.gov.in/request/allpa.php,2026-08-23T06:45:58.414113+00:00
RTI Online,414,Coffee Board,1,592,24,no,yes,https://rtionline.gov.in/request/allpa.php,2026-08-23T06:45:58.414113+00:00
RTI Online,415,Directorate General of Foreign Trade,1,581,24,no,yes,https://rtionline.gov.in/request/allpa.php,2026-08-23T06:45:58.414113+00:00
RTI Online,416,Directorate General of Trade Remedies (DGTR),1,3675,24,no,yes,https://rtionline.gov.in/request/allpa.php,2026-08-23T06:45:58.414113+00:00
RTI Online,417,ECGC LIMITED,1,3345,24,no,yes,https://rtionline.gov.in/request/allpa.php,2026-08-23T06:45:58.414113+00:00
RTI Online,418,Export Inspection Council of India,1,598,24,no,yes,https://rtionline.gov.in/request/allpa.php,2026-08-23T06:45:58.414113+00:00
RTI Online,419,Falta Special Economic Zone,1,585,24,no,yes,https://rtionline.gov.in/request/allpa.php,2026-08-23T06:45:58.414113+00:00
RTI Online,420,Footwear Design and Development Insitute,1,2785,24,no,yes,https://rtionline.gov.in/request/allpa.php,2026-08-23T06:45:58.414113+00:00
RTI Online,421,Government e marketplace,1,3702,24,no,yes,https://rtionline.gov.in/request/allpa.php,2026-08-23T06:45:58.414113+00:00
RTI Online,422,Hindustan Diamond Company Pvt. Ltd.,1,2541,24,no,yes,https://rtionline.gov.in/request/allpa.php,2026-08-23T06:45:58.414113+00:00
RTI Online,423,Indian Institute of Foreign Trade,1,599,24,no,yes,https://rtionline.gov.in/request/allpa.php,2026-08-23T06:45:58.414113+00:00
RTI Online,424,INDIAN INSTITUTE OF FOREIGN TRADE,1,3773,24,no,yes,https://rtionline.gov.in/request/allpa.php,2026-08-23T06:45:58.414113+00:00
RTI Online,425,Indian Institute of Packaging,1,600,24,no,yes,https://rtionline.gov.in/request/allpa.php,2026-08-23T06:45:58.414113+00:00
RTI Online,426,India Trade Promotion Organisation,1,601,24,no,yes,https://rtionline.gov.in/request/allpa.php,2026-08-23T06:45:58.414113+00:00
RTI Online,427,Kandla Special Economic Zone,1,588,24,no,yes,https://rtionline.gov.in/request/allpa.php,2026-08-23T06:45:58.414113+00:00
RTI Online,428,MEPZ Special Economic Zone & HEOUs,1,584,24,no,yes,https://rtionline.gov.in/request/allpa.php,2026-08-23T06:45:58.414113+00:00
RTI Online,429,MMTC Limited,1,604,24,no,yes,https://rtionline.gov.in/request/allpa.php,2026-08-23T06:45:58.414113+00:00
RTI Online,430,National Centre For Trade Information ( NCTI ),1,607,24,no,yes,https://rtionline.gov.in/request/allpa.php,2026-08-23T06:45:58.414113+00:00
RTI Online,431,Noida Special Economic Zone,1,586,24,no,yes,https://rtionline.gov.in/request/allpa.php,2026-08-23T06:45:58.414113+00:00
RTI Online,432,PEC Ltd.,1,605,24,no,yes,https://rtionline.gov.in/request/allpa.php,2026-08-23T06:45:58.414113+00:00
RTI Online,433,Rubber Board,1,593,24,no,yes,https://rtionline.gov.in/request/allpa.php,2026-08-23T06:45:58.414113+00:00
RTI Online,434,SEEPZ Special Economic Zone,1,587,24,no,yes,https://rtionline.gov.in/request/allpa.php,2026-08-23T06:45:58.414113+00:00
RTI Online,435,Spices Board India,1,594,24,no,yes,https://rtionline.gov.in/request/allpa.php,2026-08-23T06:45:58.414113+00:00
RTI Online,436,STCL Limited,1,606,24,no,yes,https://rtionline.gov.in/request/allpa.php,2026-08-23T06:45:58.414113+00:00
RTI Online,437,Tea Board,1,591,24,no,yes,https://rtionline.gov.in/request/allpa.php,2026-08-23T06:45:58.414113+00:00
RTI Online,438,Tea Research Association,1,1594,24,no,yes,https://rtionline.gov.in/request/allpa.php,2026-08-23T06:45:58.414113+00:00
RTI Online,439,The Marine Products Export Development Authority,1,597,24,no,yes,https://rtionline.gov.in/request/allpa.php,2026-08-23T06:45:58.414113+00:00
RTI Online,440,The State Trading Corporation of India Ltd.,1,603,24,no,yes,https://rtionline.gov.in/request/allpa.php,2026-08-23T06:45:58.414113+00:00
RTI Online,441,Tobacco Board,1,595,24,no,yes,https://rtionline.gov.in/request/allpa.php,2026-08-23T06:45:58.414113+00:00
RTI Online,442,UPASI Tea Research Foundation,1,1528,24,no,yes,https://rtionline.gov.in/request/allpa.php,2026-08-23T06:45:58.414113+00:00
RTI Online,443,Vishakhapatnam Special Economic Zone,1,589,24,no,yes,https://rtionline.gov.in/request/allpa.php,2026-08-23T06:45:58.414113+00:00
RTI Online,444,Department of Consumer Affairs,0,32,30,yes,no,https://rtionline.gov.in/request/allpa.php,2026-08-23T06:45:58.414113+00:00
RTI Online,445,Bureau of Indian Standards(HQs),1,1475,32,no,yes,https://rtionline.gov.in/request/allpa.php,2026-08-23T06:45:58.414113+00:00
RTI Online,446,Central Consumer Protection Authority(CCPA),1,3983,32,no,yes,https://rtionline.gov.in/request/allpa.php,2026-08-23T06:45:58.414113+00:00
RTI Online,447,Indian Institute of Legal Metrology,1,2557,32,no,yes,https://rtionline.gov.in/request/allpa.php,2026-08-23T06:45:58.414113+00:00
RTI Online,448,National Consumer Disputes Redressal Commission,1,2558,32,no,yes,https://rtionline.gov.in/request/allpa.php,2026-08-23T06:45:58.414113+00:00
RTI Online,449,National Test House,1,1477,32,no,yes,https://rtionline.gov.in/request/allpa.php,2026-08-23T06:45:58.414113+00:00
RTI Online,450,"Regional Reference Standard Laboratory, Ahmedabad",1,3891,32,no,yes,https://rtionline.gov.in/request/allpa.php,2026-08-23T06:45:58.414113+00:00
RTI Online,451,"Regional Reference Standard Laboratory, Bangalore",1,3887,32,no,yes,https://rtionline.gov.in/request/allpa.php,2026-08-23T06:45:58.414113+00:00
RTI Online,452,"Regional Reference Standard Laboratory, Faridabad",1,3889,32,no,yes,https://rtionline.gov.in/request/allpa.php,2026-08-23T06:45:58.414113+00:00
RTI Online,453,"Regional Reference Standard Laboratory, Guwahati",1,3890,32,no,yes,https://rtionline.gov.in/request/allpa.php,2026-08-23T06:45:58.414113+00:00
RTI Online,454,"Regional Reference Standard Laboratory, Nagpur",1,4128,32,no,yes,https://rtionline.gov.in/request/allpa.php,2026-08-23T06:45:58.414113+00:00
RTI Online,455,"Regional Reference Standard Laboratory, Varanasi",1,4127,32,no,yes,https://rtionline.gov.in/request/allpa.php,2026-08-23T06:45:58.414113+00:00
RTI Online,456,"Regional Reference Standards Laboratory,Bhubaneswar",1,2562,32,no,yes,https://rtionline.gov.in/request/allpa.php,2026-08-23T06:45:58.414113+00:00
RTI Online,457,Department of Defence,0,34,33,yes,no,https://rtionline.gov.in/request/allpa.php,2026-08-23T06:45:58.414113+00:00
RTI Online,458,"ADEO, Agartala",1,3481,34,no,yes,https://rtionline.gov.in/request/allpa.php,2026-08-23T06:45:58.414113+00:00
RTI Online,459,"ADEO, Baramulla",1,3482,34,no,yes,https://rtionline.gov.in/request/allpa.php,2026-08-23T06:45:58.414113+00:00
RTI Online,460,"ADEO, Port Blair",1,3479,34,no,yes,https://rtionline.gov.in/request/allpa.php,2026-08-23T06:45:58.414113+00:00
RTI Online,461,"ADEO, Rajouri",1,3483,34,no,yes,https://rtionline.gov.in/request/allpa.php,2026-08-23T06:45:58.414113+00:00
RTI Online,462,Armed Forces Films & Photo Division,1,698,34,no,yes,https://rtionline.gov.in/request/allpa.php,2026-08-23T06:45:58.414113+00:00
RTI Online,463,"ARMED FORCES TRIBUNAL, PRINCIPAL BENCH",1,4436,34,no,yes,https://rtionline.gov.in/request/allpa.php,2026-08-23T06:45:58.414113+00:00
RTI Online,464,Border Road Organisation,1,688,34,no,yes,https://rtionline.gov.in/request/allpa.php,2026-08-23T06:45:58.414113+00:00
RTI Online,465,Border Roads Development Board (BRDB),1,687,34,no,yes,https://rtionline.gov.in/request/allpa.php,2026-08-23T06:45:58.414113+00:00
RTI Online,466,"CB, Agra",1,3519,34,no,yes,https://rtionline.gov.in/request/allpa.php,2026-08-23T06:45:58.414113+00:00
RTI Online,467,"CB, Ahmedabad",1,3475,34,no,yes,https://rtionline.gov.in/request/allpa.php,2026-08-23T06:45:58.414113+00:00
RTI Online,468,"CB, Ahmednagar",1,3476,34,no,yes,https://rtionline.gov.in/request/allpa.php,2026-08-23T06:45:58.414113+00:00
RTI Online,469,"CB, Ajmer",1,3477,34,no,yes,https://rtionline.gov.in/request/allpa.php,2026-08-23T06:45:58.414113+00:00
RTI Online,470,"CB, Allahabad",1,3518,34,no,yes,https://rtionline.gov.in/request/allpa.php,2026-08-23T06:45:58.414113+00:00
RTI Online,471,"CB, Almora",1,3517,34,no,yes,https://rtionline.gov.in/request/allpa.php,2026-08-23T06:45:58.414113+00:00
RTI Online,472,CB Ambala,1,3526,34,no,yes,https://rtionline.gov.in/request/allpa.php,2026-08-23T06:45:58.414113+00:00
RTI Online,473,"CB, Amritsar",1,3527,34,no,yes,https://rtionline.gov.in/request/allpa.php,2026-08-23T06:45:58.414113+00:00
RTI Online,474,"CB,Aurangabad",1,3478,34,no,yes,https://rtionline.gov.in/request/allpa.php,2026-08-23T06:45:58.414113+00:00
RTI Online,475,"CB, Babina",1,3480,34,no,yes,https://rtionline.gov.in/request/allpa.php,2026-08-23T06:45:58.414113+00:00
RTI Online,476,"CB, Badamibagh",1,3516,34,no,yes,https://rtionline.gov.in/request/allpa.php,2026-08-23T06:45:58.414113+00:00
RTI Online,477,"CB, Bakloh",1,3528,34,no,yes,https://rtionline.gov.in/request/allpa.php,2026-08-23T06:45:58.414113+00:00
RTI Online,478,"CB, Bareily",1,3515,34,no,yes,https://rtionline.gov.in/request/allpa.php,2026-08-23T06:45:58.414113+00:00
RTI Online,479,"CB, Barrackpore",1,3524,34,no,yes,https://rtionline.gov.in/request/allpa.php,2026-08-23T06:45:58.414113+00:00
RTI Online,480,"CB, Belgaum",1,3485,34,no,yes,https://rtionline.gov.in/request/allpa.php,2026-08-23T06:45:58.414113+00:00
RTI Online,481,"CB, Cannanore",1,3486,34,no,yes,https://rtionline.gov.in/request/allpa.php,2026-08-23T06:45:58.414113+00:00
RTI Online,482,"CB, Chakrata",1,3514,34,no,yes,https://rtionline.gov.in/request/allpa.php,2026-08-23T06:45:58.414113+00:00
RTI Online,483,"CB, Clementtown",1,3512,34,no,yes,https://rtionline.gov.in/request/allpa.php,2026-08-23T06:45:58.414113+00:00
RTI Online,484,"CB, Dagshai",1,3536,34,no,yes,https://rtionline.gov.in/request/allpa.php,2026-08-23T06:45:58.414113+00:00
RTI Online,485,"CB, Dalhousie",1,3537,34,no,yes,https://rtionline.gov.in/request/allpa.php,2026-08-23T06:45:58.414113+00:00
RTI Online,486,"CB, Danapur",1,3510,34,no,yes,https://rtionline.gov.in/request/allpa.php,2026-08-23T06:45:58.414113+00:00
RTI Online,487,"CB, Dehradun",1,3541,34,no,yes,https://rtionline.gov.in/request/allpa.php,2026-08-23T06:45:58.414113+00:00
RTI Online,488,"CB, Dehuroad",1,3488,34,no,yes,https://rtionline.gov.in/request/allpa.php,2026-08-23T06:45:58.414113+00:00
RTI Online,489,"CB , Delhi",1,3529,34,no,yes,https://rtionline.gov.in/request/allpa.php,2026-08-23T06:45:58.414113+00:00
RTI Online,490,"CB,Deolali",1,3490,34,no,yes,https://rtionline.gov.in/request/allpa.php,2026-08-23T06:45:58.414113+00:00
RTI Online,491,"CB, Faizabad",1,3507,34,no,yes,https://rtionline.gov.in/request/allpa.php,2026-08-23T06:45:58.414113+00:00
RTI Online,492,"CB, Fatehgar",1,3509,34,no,yes,https://rtionline.gov.in/request/allpa.php,2026-08-23T06:45:58.414113+00:00
RTI Online,493,"CB, Ferozpur",1,3523,34,no,yes,https://rtionline.gov.in/request/allpa.php,2026-08-23T06:45:58.414113+00:00
RTI Online,494,"CB, Jabalpur",1,3506,34,no,yes,https://rtionline.gov.in/request/allpa.php,2026-08-23T06:45:58.414113+00:00
RTI Online,495,"CB, Jalandhar",1,3522,34,no,yes,https://rtionline.gov.in/request/allpa.php,2026-08-23T06:45:58.414113+00:00
RTI Online,496,"CB, Jalapahar",1,3534,34,no,yes,https://rtionline.gov.in/request/allpa.php,2026-08-23T06:45:58.414113+00:00
RTI Online,497,"CB, Jammu",1,3521,34,no,yes,https://rtionline.gov.in/request/allpa.php,2026-08-23T06:45:58.414113+00:00
RTI Online,498,"CB, Jhansi",1,3492,34,no,yes,https://rtionline.gov.in/request/allpa.php,2026-08-23T06:45:58.414113+00:00
RTI Online,499,"CB, Jutogh",1,3538,34,no,yes,https://rtionline.gov.in/request/allpa.php,2026-08-23T06:45:58.414113+00:00
RTI Online,500,"CB, Kamptee",1,3493,34,no,yes,https://rtionline.gov.in/request/allpa.php,2026-08-23T06:45:58.414113+00:00
RTI Online,501,"CB, Kanpur",1,3505,34,no,yes,https://rtionline.gov.in/request/allpa.php,2026-08-23T06:45:58.414113+00:00
RTI Online,502,"CB, Kasauli",1,3539,34,no,yes,https://rtionline.gov.in/request/allpa.php,2026-08-23T06:45:58.414113+00:00
RTI Online,503,"CB, Khasyol",1,3520,34,no,yes,https://rtionline.gov.in/request/allpa.php,2026-08-23T06:45:58.414113+00:00
RTI Online,504,"CB, Kirkee",1,3495,34,no,yes,https://rtionline.gov.in/request/allpa.php,2026-08-23T06:45:58.414113+00:00
RTI Online,505,"CB, Landour",1,3542,34,no,yes,https://rtionline.gov.in/request/allpa.php,2026-08-23T06:45:58.414113+00:00
RTI Online,506,"CB, Lansdowne",1,3504,34,no,yes,https://rtionline.gov.in/request/allpa.php,2026-08-23T06:45:58.414113+00:00
RTI Online,507,"CB, Lebong",1,3535,34,no,yes,https://rtionline.gov.in/request/allpa.php,2026-08-23T06:45:58.414113+00:00
RTI Online,508,"CB, Lucknow",1,3502,34,no,yes,https://rtionline.gov.in/request/allpa.php,2026-08-23T06:45:58.414113+00:00
RTI Online,509,"CB, Mathura",1,3499,34,no,yes,https://rtionline.gov.in/request/allpa.php,2026-08-23T06:45:58.414113+00:00
RTI Online,510,"CB, Meerut",1,3500,34,no,yes,https://rtionline.gov.in/request/allpa.php,2026-08-23T06:45:58.414113+00:00
RTI Online,511,"CB, Mhow",1,3497,34,no,yes,https://rtionline.gov.in/request/allpa.php,2026-08-23T06:45:58.414113+00:00
RTI Online,512,"CB, Morar",1,3498,34,no,yes,https://rtionline.gov.in/request/allpa.php,2026-08-23T06:45:58.414113+00:00
RTI Online,513,"CB, Nainital",1,3496,34,no,yes,https://rtionline.gov.in/request/allpa.php,2026-08-23T06:45:58.414113+00:00
RTI Online,514,"CB, Nasirabad",1,3533,34,no,yes,https://rtionline.gov.in/request/allpa.php,2026-08-23T06:45:58.414113+00:00
RTI Online,515,"CB, Pachmarhi",1,3494,34,no,yes,https://rtionline.gov.in/request/allpa.php,2026-08-23T06:45:58.414113+00:00
RTI Online,516,"CB, Pune",1,3501,34,no,yes,https://rtionline.gov.in/request/allpa.php,2026-08-23T06:45:58.414113+00:00
RTI Online,517,"CB, Ramgarh",1,3491,34,no,yes,https://rtionline.gov.in/request/allpa.php,2026-08-23T06:45:58.414113+00:00
RTI Online,518,"CB, Ranikhet",1,3487,34,no,yes,https://rtionline.gov.in/request/allpa.php,2026-08-23T06:45:58.414113+00:00
RTI Online,519,"CB, Roorkee",1,3489,34,no,yes,https://rtionline.gov.in/request/allpa.php,2026-08-23T06:45:58.414113+00:00
RTI Online,520,"CB, Saugor",1,3503,34,no,yes,https://rtionline.gov.in/request/allpa.php,2026-08-23T06:45:58.414113+00:00
RTI Online,521,"CB, Secundrabad",1,3508,34,no,yes,https://rtionline.gov.in/request/allpa.php,2026-08-23T06:45:58.414113+00:00
RTI Online,522,"CB, Shahjahanpur",1,3484,34,no,yes,https://rtionline.gov.in/request/allpa.php,2026-08-23T06:45:58.414113+00:00
RTI Online,523,CB Shillong,1,3525,34,no,yes,https://rtionline.gov.in/request/allpa.php,2026-08-23T06:45:58.414113+00:00
RTI Online,524,"CB, St. Thomas Mount",1,3511,34,no,yes,https://rtionline.gov.in/request/allpa.php,2026-08-23T06:45:58.414113+00:00
RTI Online,525,"CB, Subathu",1,3540,34,no,yes,https://rtionline.gov.in/request/allpa.php,2026-08-23T06:45:58.414113+00:00
RTI Online,526,"CB, Varanasi",1,3543,34,no,yes,https://rtionline.gov.in/request/allpa.php,2026-08-23T06:45:58.414113+00:00
RTI Online,527,"CB, Wellington",1,3513,34,no,yes,https://rtionline.gov.in/request/allpa.php,2026-08-23T06:45:58.414113+00:00
RTI Online,528,Central Organisation ECHS,1,3786,34,no,yes,https://rtionline.gov.in/request/allpa.php,2026-08-23T06:45:58.414113+00:00
RTI Online,529,College of Defence Management,1,699,34,no,yes,https://rtionline.gov.in/request/allpa.php,2026-08-23T06:45:58.414113+00:00
RTI Online,530,Controller General of Defence Accounts (CGDA),1,3408,34,no,yes,https://rtionline.gov.in/request/allpa.php,2026-08-23T06:45:58.414113+00:00
RTI Online,531,Defence Services Staff College,1,711,34,no,yes,https://rtionline.gov.in/request/allpa.php,2026-08-23T06:45:58.414113+00:00
RTI Online,532,"DEO, Agra",1,3439,34,no,yes,https://rtionline.gov.in/request/allpa.php,2026-08-23T06:45:58.414113+00:00
RTI Online,533,"DEO, Ahmedabad",1,3447,34,no,yes,https://rtionline.gov.in/request/allpa.php,2026-08-23T06:45:58.414113+00:00
RTI Online,534,"DEO, Allahabad",1,3531,34,no,yes,https://rtionline.gov.in/request/allpa.php,2026-08-23T06:45:58.414113+00:00
RTI Online,535,"DEO, Ambala",1,3465,34,no,yes,https://rtionline.gov.in/request/allpa.php,2026-08-23T06:45:58.414113+00:00
RTI Online,536,"DEO, Bangalore",1,3448,34,no,yes,https://rtionline.gov.in/request/allpa.php,2026-08-23T06:45:58.414113+00:00
RTI Online,537,DEO Bareily,1,3440,34,no,yes,https://rtionline.gov.in/request/allpa.php,2026-08-23T06:45:58.414113+00:00
RTI Online,538,DEO Bathinda,1,3471,34,no,yes,https://rtionline.gov.in/request/allpa.php,2026-08-23T06:45:58.414113+00:00
RTI Online,539,"DEO, Bhopal",1,3449,34,no,yes,https://rtionline.gov.in/request/allpa.php,2026-08-23T06:45:58.414113+00:00
RTI Online,540,"DEO, Bhubaneshwar",1,3441,34,no,yes,https://rtionline.gov.in/request/allpa.php,2026-08-23T06:45:58.414113+00:00
RTI Online,541,DEO Bikaner,1,3472,34,no,yes,https://rtionline.gov.in/request/allpa.php,2026-08-23T06:45:58.414113+00:00
RTI Online,542,"DEO, Chandigarh",1,3466,34,no,yes,https://rtionline.gov.in/request/allpa.php,2026-08-23T06:45:58.414113+00:00
RTI Online,543,"DEO, Chennai",1,3450,34,no,yes,https://rtionline.gov.in/request/allpa.php,2026-08-23T06:45:58.414113+00:00
RTI Online,544,"DEO, Cochin",1,3451,34,no,yes,https://rtionline.gov.in/request/allpa.php,2026-08-23T06:45:58.414113+00:00
RTI Online,545,"DEO,Danapur",1,3442,34,no,yes,https://rtionline.gov.in/request/allpa.php,2026-08-23T06:45:58.414113+00:00
RTI Online,546,"DEO, Dehradun",1,4126,34,no,yes,https://rtionline.gov.in/request/allpa.php,2026-08-23T06:45:58.414113+00:00
RTI Online,547,"DEO, Delhi",1,3467,34,no,yes,https://rtionline.gov.in/request/allpa.php,2026-08-23T06:45:58.414113+00:00
RTI Online,548,"DEO, Goa",1,3452,34,no,yes,https://rtionline.gov.in/request/allpa.php,2026-08-23T06:45:58.414113+00:00
RTI Online,549,"DEO, Guwahati",1,3460,34,no,yes,https://rtionline.gov.in/request/allpa.php,2026-08-23T06:45:58.414113+00:00
RTI Online,550,"DEO, Jabalpur",1,3443,34,no,yes,https://rtionline.gov.in/request/allpa.php,2026-08-23T06:45:58.414113+00:00
RTI Online,551,DEO Jaipur,1,3473,34,no,yes,https://rtionline.gov.in/request/allpa.php,2026-08-23T06:45:58.414113+00:00
RTI Online,552,DEO Jalandhar,1,3468,34,no,yes,https://rtionline.gov.in/request/allpa.php,2026-08-23T06:45:58.414113+00:00
RTI Online,553,"DEO, Jammu",1,3469,34,no,yes,https://rtionline.gov.in/request/allpa.php,2026-08-23T06:45:58.414113+00:00
RTI Online,554,"DEO, Jodhpur",1,3453,34,no,yes,https://rtionline.gov.in/request/allpa.php,2026-08-23T06:45:58.414113+00:00
RTI Online,555,"DEO, Jorhat",1,3461,34,no,yes,https://rtionline.gov.in/request/allpa.php,2026-08-23T06:45:58.414113+00:00
RTI Online,556,"DEO, Kolkata",1,3462,34,no,yes,https://rtionline.gov.in/request/allpa.php,2026-08-23T06:45:58.414113+00:00
RTI Online,557,"DEO, Leh",1,3458,34,no,yes,https://rtionline.gov.in/request/allpa.php,2026-08-23T06:45:58.414113+00:00
RTI Online,558,"DEO , Lucknow",1,3444,34,no,yes,https://rtionline.gov.in/request/allpa.php,2026-08-23T06:45:58.414113+00:00
RTI Online,559,"DEO, Meerut",1,3445,34,no,yes,https://rtionline.gov.in/request/allpa.php,2026-08-23T06:45:58.414113+00:00
RTI Online,560,"DEO, MHOW",1,3446,34,no,yes,https://rtionline.gov.in/request/allpa.php,2026-08-23T06:45:58.414113+00:00
RTI Online,561,"DEO, Mumbai",1,3454,34,no,yes,https://rtionline.gov.in/request/allpa.php,2026-08-23T06:45:58.414113+00:00
RTI Online,562,DEO Pathankot,1,3470,34,no,yes,https://rtionline.gov.in/request/allpa.php,2026-08-23T06:45:58.414113+00:00
RTI Online,563,"DEO, Pune",1,3455,34,no,yes,https://rtionline.gov.in/request/allpa.php,2026-08-23T06:45:58.414113+00:00
RTI Online,564,"DEO, Secunderabad",1,3456,34,no,yes,https://rtionline.gov.in/request/allpa.php,2026-08-23T06:45:58.414113+00:00
RTI Online,565,"DEO, Siliguri",1,3463,34,no,yes,https://rtionline.gov.in/request/allpa.php,2026-08-23T06:45:58.414113+00:00
RTI Online,566,"DEO, Srinagar",1,3532,34,no,yes,https://rtionline.gov.in/request/allpa.php,2026-08-23T06:45:58.414113+00:00
RTI Online,567,"DEO, Tezpur",1,3464,34,no,yes,https://rtionline.gov.in/request/allpa.php,2026-08-23T06:45:58.414113+00:00
RTI Online,568,"DEO, Udhampur",1,3459,34,no,yes,https://rtionline.gov.in/request/allpa.php,2026-08-23T06:45:58.414113+00:00
RTI Online,569,"DEO, Vizag",1,3457,34,no,yes,https://rtionline.gov.in/request/allpa.php,2026-08-23T06:45:58.414113+00:00
RTI Online,570,"Directorate General, Armed Forces Medical Services",1,700,34,no,yes,https://rtionline.gov.in/request/allpa.php,2026-08-23T06:45:58.414113+00:00
RTI Online,571,Directorate General Defence Estates (DGDE),1,696,34,no,yes,https://rtionline.gov.in/request/allpa.php,2026-08-23T06:45:58.414113+00:00
RTI Online,572,Directorate General Resettlement (DGR),1,3785,34,no,yes,https://rtionline.gov.in/request/allpa.php,2026-08-23T06:45:58.414113+00:00
RTI Online,573,Directorate of Public Relations,1,685,34,no,yes,https://rtionline.gov.in/request/allpa.php,2026-08-23T06:45:58.414113+00:00
RTI Online,574,Director General National Cadet Corps (NCC),1,691,34,no,yes,https://rtionline.gov.in/request/allpa.php,2026-08-23T06:45:58.414113+00:00
RTI Online,575,Himalayan Mountaineering Institute (HMI),1,702,34,no,yes,https://rtionline.gov.in/request/allpa.php,2026-08-23T06:45:58.414113+00:00
RTI Online,576,History Division,1,697,34,no,yes,https://rtionline.gov.in/request/allpa.php,2026-08-23T06:45:58.414113+00:00
RTI Online,577,Indian Coast Guard,1,695,34,no,yes,https://rtionline.gov.in/request/allpa.php,2026-08-23T06:45:58.414113+00:00
RTI Online,578,Institute for Defence Studies and Analyses,1,701,34,no,yes,https://rtionline.gov.in/request/allpa.php,2026-08-23T06:45:58.414113+00:00
RTI Online,579,Jawahar Institute of Mountaineering & Winter Sports (JIM),1,704,34,no,yes,https://rtionline.gov.in/request/allpa.php,2026-08-23T06:45:58.414113+00:00
RTI Online,580,Kendriya Sainik Board,1,3787,34,no,yes,https://rtionline.gov.in/request/allpa.php,2026-08-23T06:45:58.414113+00:00
RTI Online,581,"Metal and Steel Factory, Ishapore",1,4023,34,no,yes,https://rtionline.gov.in/request/allpa.php,2026-08-23T06:45:58.414113+00:00
RTI Online,582,Military Engineer Services,1,689,34,no,yes,https://rtionline.gov.in/request/allpa.php,2026-08-23T06:45:58.414113+00:00
RTI Online,583,National Defence College,1,690,34,no,yes,https://rtionline.gov.in/request/allpa.php,2026-08-23T06:45:58.414113+00:00
RTI Online,584,National Institute of Mountaineering and Allied Sports (NIMAS),1,3383,34,no,yes,https://rtionline.gov.in/request/allpa.php,2026-08-23T06:45:58.414113+00:00
RTI Online,585,Nehru Institute of Mountaineering (NIM),1,703,34,no,yes,https://rtionline.gov.in/request/allpa.php,2026-08-23T06:45:58.414113+00:00
RTI Online,586,Office of Chief Administrative Officer (CAO),1,686,34,no,yes,https://rtionline.gov.in/request/allpa.php,2026-08-23T06:45:58.414113+00:00
RTI Online,587,"PDDE,CC, Lucknow",1,3434,34,no,yes,https://rtionline.gov.in/request/allpa.php,2026-08-23T06:45:58.414113+00:00
RTI Online,588,"PDDE, EC, Kolkata",1,3433,34,no,yes,https://rtionline.gov.in/request/allpa.php,2026-08-23T06:45:58.414113+00:00
RTI Online,589,"PDDE,NC, Jammu",1,3438,34,no,yes,https://rtionline.gov.in/request/allpa.php,2026-08-23T06:45:58.414113+00:00
RTI Online,590,"PDDE, SC, Pune",1,3436,34,no,yes,https://rtionline.gov.in/request/allpa.php,2026-08-23T06:45:58.414113+00:00
RTI Online,591,"PDDE , SWC, Jaipur",1,3435,34,no,yes,https://rtionline.gov.in/request/allpa.php,2026-08-23T06:45:58.414113+00:00
RTI Online,592,"PDDE,WC, Chandigarh",1,3437,34,no,yes,https://rtionline.gov.in/request/allpa.php,2026-08-23T06:45:58.414113+00:00
RTI Online,593,Sainik School Amaravathinagar,1,4399,34,no,yes,https://rtionline.gov.in/request/allpa.php,2026-08-23T06:45:58.414113+00:00
RTI Online,594,Sainik School Ambikapur,1,4400,34,no,yes,https://rtionline.gov.in/request/allpa.php,2026-08-23T06:45:58.414113+00:00
RTI Online,595,Sainik School Amethi,1,4401,34,no,yes,https://rtionline.gov.in/request/allpa.php,2026-08-23T06:45:58.414113+00:00
RTI Online,596,Sainik School Balachadi,1,4402,34,no,yes,https://rtionline.gov.in/request/allpa.php,2026-08-23T06:45:58.414113+00:00
RTI Online,597,Sainik School Bhubaneswar,1,4403,34,no,yes,https://rtionline.gov.in/request/allpa.php,2026-08-23T06:45:58.414113+00:00
RTI Online,598,Sainik School Bijapur,1,4404,34,no,yes,https://rtionline.gov.in/request/allpa.php,2026-08-23T06:45:58.414113+00:00
RTI Online,599,Sainik School Chandrapur,1,4405,34,no,yes,https://rtionline.gov.in/request/allpa.php,2026-08-23T06:45:58.414113+00:00
RTI Online,600,Sainik School Chhingchhip,1,4406,34,no,yes,https://rtionline.gov.in/request/allpa.php,2026-08-23T06:45:58.414113+00:00
RTI Online,601,Sainik School Chittorgarh,1,4407,34,no,yes,https://rtionline.gov.in/request/allpa.php,2026-08-23T06:45:58.414113+00:00
RTI Online,602,Sainik School East Siang,1,4408,34,no,yes,https://rtionline.gov.in/request/allpa.php,2026-08-23T06:45:58.414113+00:00
RTI Online,603,Sainik School Ghorakhal,1,4409,34,no,yes,https://rtionline.gov.in/request/allpa.php,2026-08-23T06:45:58.414113+00:00
RTI Online,604,Sainik School Goalpara,1,4410,34,no,yes,https://rtionline.gov.in/request/allpa.php,2026-08-23T06:45:58.414113+00:00
RTI Online,605,Sainik School Gopalganj,1,4411,34,no,yes,https://rtionline.gov.in/request/allpa.php,2026-08-23T06:45:58.414113+00:00
RTI Online,606,Sainik School Imphal,1,4412,34,no,yes,https://rtionline.gov.in/request/allpa.php,2026-08-23T06:45:58.414113+00:00
RTI Online,607,Sainik School Jhansi,1,4413,34,no,yes,https://rtionline.gov.in/request/allpa.php,2026-08-23T06:45:58.414113+00:00
RTI Online,608,Sainik School Jhunjhunu,1,4414,34,no,yes,https://rtionline.gov.in/request/allpa.php,2026-08-23T06:45:58.414113+00:00
RTI Online,609,Sainik School Kalikiri,1,4415,34,no,yes,https://rtionline.gov.in/request/allpa.php,2026-08-23T06:45:58.414113+00:00
RTI Online,610,Sainik School Kapurthala,1,4416,34,no,yes,https://rtionline.gov.in/request/allpa.php,2026-08-23T06:45:58.414113+00:00
RTI Online,611,Sainik School Kazhakootam,1,4417,34,no,yes,https://rtionline.gov.in/request/allpa.php,2026-08-23T06:45:58.414113+00:00
RTI Online,612,Sainik School Kodagu,1,4418,34,no,yes,https://rtionline.gov.in/request/allpa.php,2026-08-23T06:45:58.414113+00:00
RTI Online,613,Sainik School Korukonda,1,4419,34,no,yes,https://rtionline.gov.in/request/allpa.php,2026-08-23T06:45:58.414113+00:00
RTI Online,614,Sainik School Kunjpura,1,4420,34,no,yes,https://rtionline.gov.in/request/allpa.php,2026-08-23T06:45:58.414113+00:00
RTI Online,615,Sainik School Mainpuri,1,4421,34,no,yes,https://rtionline.gov.in/request/allpa.php,2026-08-23T06:45:58.414113+00:00
RTI Online,616,Sainik School Nagrota,1,4422,34,no,yes,https://rtionline.gov.in/request/allpa.php,2026-08-23T06:45:58.414113+00:00
RTI Online,617,Sainik School Nalanda,1,4423,34,no,yes,https://rtionline.gov.in/request/allpa.php,2026-08-23T06:45:58.414113+00:00
RTI Online,618,Sainik School Punglwa,1,4424,34,no,yes,https://rtionline.gov.in/request/allpa.php,2026-08-23T06:45:58.414113+00:00
RTI Online,619,Sainik School Purulia,1,4425,34,no,yes,https://rtionline.gov.in/request/allpa.php,2026-08-23T06:45:58.414113+00:00
RTI Online,620,Sainik School Rewa,1,4426,34,no,yes,https://rtionline.gov.in/request/allpa.php,2026-08-23T06:45:58.414113+00:00
RTI Online,621,Sainik School Rewari,1,4427,34,no,yes,https://rtionline.gov.in/request/allpa.php,2026-08-23T06:45:58.414113+00:00
RTI Online,622,Sainik School Sambalpur,1,4428,34,no,yes,https://rtionline.gov.in/request/allpa.php,2026-08-23T06:45:58.414113+00:00
RTI Online,623,Sainik School Satara,1,4429,34,no,yes,https://rtionline.gov.in/request/allpa.php,2026-08-23T06:45:58.414113+00:00
RTI Online,624,Sainik School Sujanpur Tira,1,4430,34,no,yes,https://rtionline.gov.in/request/allpa.php,2026-08-23T06:45:58.414113+00:00
RTI Online,625,Sainik School Tilaiya,1,4431,34,no,yes,https://rtionline.gov.in/request/allpa.php,2026-08-23T06:45:58.414113+00:00
RTI Online,626,School of Foreign Languages,1,692,34,no,yes,https://rtionline.gov.in/request/allpa.php,2026-08-23T06:45:58.414113+00:00
RTI Online,627,Security Office,1,709,34,no,yes,https://rtionline.gov.in/request/allpa.php,2026-08-23T06:45:58.414113+00:00
RTI Online,628,Services Sports Control Board (SSCB),1,710,34,no,yes,https://rtionline.gov.in/request/allpa.php,2026-08-23T06:45:58.414113+00:00
RTI Online,629,Weapons and Electronics Systems Engineering Establishment,1,694,34,no,yes,https://rtionline.gov.in/request/allpa.php,2026-08-23T06:45:58.414113+00:00
RTI Online,630,Department of Defence Production,0,35,33,yes,no,https://rtionline.gov.in/request/allpa.php,2026-08-23T06:45:58.414113+00:00
RTI Online,631,BEML Limited,1,162,35,no,yes,https://rtionline.gov.in/request/allpa.php,2026-08-23T06:45:58.414113+00:00
RTI Online,632,Bharat Dynamics Ltd.,1,161,35,no,yes,https://rtionline.gov.in/request/allpa.php,2026-08-23T06:45:58.414113+00:00
RTI Online,633,Bharat Electronics Ltd.,1,259,35,no,yes,https://rtionline.gov.in/request/allpa.php,2026-08-23T06:45:58.414113+00:00
RTI Online,634,Defence Exhibition Organisation,1,2698,35,no,yes,https://rtionline.gov.in/request/allpa.php,2026-08-23T06:45:58.414113+00:00
RTI Online,635,Directorate General of Aeronautical Quality Assurance,1,1615,35,no,yes,https://rtionline.gov.in/request/allpa.php,2026-08-23T06:45:58.414113+00:00
RTI Online,636,Directorate General of Quality Assurance,1,1614,35,no,yes,https://rtionline.gov.in/request/allpa.php,2026-08-23T06:45:58.414113+00:00
RTI Online,637,Directorate of Planning and Coordination,1,2697,35,no,yes,https://rtionline.gov.in/request/allpa.php,2026-08-23T06:45:58.414113+00:00
RTI Online,638,Directorate of Standardisation,1,2043,35,no,yes,https://rtionline.gov.in/request/allpa.php,2026-08-23T06:45:58.414113+00:00
RTI Online,639,Garden Reach Shipbuilders and Engineers Limited,1,163,35,no,yes,https://rtionline.gov.in/request/allpa.php,2026-08-23T06:45:58.414113+00:00
RTI Online,640,Goa Shipyard Limited,1,164,35,no,yes,https://rtionline.gov.in/request/allpa.php,2026-08-23T06:45:58.414113+00:00
RTI Online,641,"Heavy Vehicle Factory, Avadi",1,3608,35,no,yes,https://rtionline.gov.in/request/allpa.php,2026-08-23T06:45:58.414113+00:00
RTI Online,642,Hindustan Aeronautics Ltd.,1,165,35,no,yes,https://rtionline.gov.in/request/allpa.php,2026-08-23T06:45:58.414113+00:00
RTI Online,643,Hindustan Shipyard Limited (HSL),1,2695,35,no,yes,https://rtionline.gov.in/request/allpa.php,2026-08-23T06:45:58.414113+00:00
RTI Online,644,Mazagon Dock Limited,1,166,35,no,yes,https://rtionline.gov.in/request/allpa.php,2026-08-23T06:45:58.414113+00:00
RTI Online,645,MIDHANI Limited,1,167,35,no,yes,https://rtionline.gov.in/request/allpa.php,2026-08-23T06:45:58.414113+00:00
RTI Online,646,National Academy of Defence Production,1,3629,35,no,yes,https://rtionline.gov.in/request/allpa.php,2026-08-23T06:45:58.414113+00:00
RTI Online,647,Ordnance Factory Board,1,1431,35,no,yes,https://rtionline.gov.in/request/allpa.php,2026-08-23T06:45:58.414113+00:00
RTI Online,648,Ordnance Factory Dum Dum,1,3909,35,no,yes,https://rtionline.gov.in/request/allpa.php,2026-08-23T06:45:58.414113+00:00
RTI Online,649,Regional Collecterate of Safety (Western Region),1,3698,35,no,yes,https://rtionline.gov.in/request/allpa.php,2026-08-23T06:45:58.414113+00:00
RTI Online,650,Department of Economic Affairs,0,42,41,yes,no,https://rtionline.gov.in/request/allpa.php,2026-08-23T06:45:58.414113+00:00
RTI Online,651,"India Security Press, Nashik Road",1,903,42,no,yes,https://rtionline.gov.in/request/allpa.php,2026-08-23T06:45:58.414113+00:00
RTI Online,652,International Financial Services Centres Authority,1,4058,42,no,yes,https://rtionline.gov.in/request/allpa.php,2026-08-23T06:45:58.414113+00:00
RTI Online,653,National Savings Institute (NSI),1,900,42,no,yes,https://rtionline.gov.in/request/allpa.php,2026-08-23T06:45:58.414113+00:00
RTI Online,654,"Securities and Exchange Board of India (SEBI), Head Office",1,910,42,no,yes,https://rtionline.gov.in/request/allpa.php,2026-08-23T06:45:58.414113+00:00
RTI Online,655,Securities Appellate Tribunal (SAT),1,914,42,no,yes,https://rtionline.gov.in/request/allpa.php,2026-08-23T06:45:58.414113+00:00
RTI Online,656,"Specified Undertaking of Unit Trust of India (SUUTI), Mumbai",1,916,42,no,yes,https://rtionline.gov.in/request/allpa.php,2026-08-23T06:45:58.414113+00:00
RTI Online,657,SPMCIL - Bank Note Press,1,901,42,no,yes,https://rtionline.gov.in/request/allpa.php,2026-08-23T06:45:58.414113+00:00
RTI Online,658,SPMCIL Corporate Office,1,2040,42,no,yes,https://rtionline.gov.in/request/allpa.php,2026-08-23T06:45:58.414113+00:00
RTI Online,659,SPMCIL Currency Note Press Nashik,1,902,42,no,yes,https://rtionline.gov.in/request/allpa.php,2026-08-23T06:45:58.414113+00:00
RTI Online,660,"SPMCIL India Government Mint, Hyderabad",1,906,42,no,yes,https://rtionline.gov.in/request/allpa.php,2026-08-23T06:45:58.414113+00:00
RTI Online,661,"SPMCIL - India Government Mint, Kolkata",1,907,42,no,yes,https://rtionline.gov.in/request/allpa.php,2026-08-23T06:45:58.414113+00:00
RTI Online,662,"SPMCIL - India Government Mint, Mumbai",1,908,42,no,yes,https://rtionline.gov.in/request/allpa.php,2026-08-23T06:45:58.414113+00:00
RTI Online,663,"SPMCIL - India Government Mint, Noida",1,909,42,no,yes,https://rtionline.gov.in/request/allpa.php,2026-08-23T06:45:58.414113+00:00
RTI Online,664,"SPMCIL Security Paper Mill, Hoshangabad",1,904,42,no,yes,https://rtionline.gov.in/request/allpa.php,2026-08-23T06:45:58.414113+00:00
RTI Online,665,"SPMCIL - Security Printing Press, Hyderabad",1,905,42,no,yes,https://rtionline.gov.in/request/allpa.php,2026-08-23T06:45:58.414113+00:00
RTI Online,666,UTI Infrastructure Technolgoy And Services Limited,1,2229,42,no,yes,https://rtionline.gov.in/request/allpa.php,2026-08-23T06:45:58.414113+00:00
RTI Online,667,Department of Empowerment of Person with Disabilities (Divyangjan),0,3076,93,no,yes,https://rtionline.gov.in/request/allpa.php,2026-08-23T06:45:58.414113+00:00
RTI Online,668,Department of Expenditure,0,43,41,yes,no,https://rtionline.gov.in/request/allpa.php,2026-08-23T06:45:58.414113+00:00
RTI Online,669,Central Pension Accounting Office,1,1435,43,no,yes,https://rtionline.gov.in/request/allpa.php,2026-08-23T06:45:58.414113+00:00
RTI Online,670,Controller General of Accounts,1,1084,43,no,yes,https://rtionline.gov.in/request/allpa.php,2026-08-23T06:45:58.414113+00:00
RTI Online,671,Department of Ex-Servicemen Welfare,0,323,33,no,yes,https://rtionline.gov.in/request/allpa.php,2026-08-23T06:45:58.414113+00:00
RTI Online,672,Department of Fertilisers,0,108,16,yes,no,https://rtionline.gov.in/request/allpa.php,2026-08-23T06:45:58.414113+00:00
RTI Online,673,Brahmaputra Valley Fertilizer Corporation Ltd. (BVFCL),1,774,108,no,yes,https://rtionline.gov.in/request/allpa.php,2026-08-23T06:45:58.414113+00:00
RTI Online,674,FCI Aravali Gypsum and Minerals India Limited (FAGMIL),1,775,108,no,yes,https://rtionline.gov.in/request/allpa.php,2026-08-23T06:45:58.414113+00:00
RTI Online,675,Fertilizer and Chemical Travencore Limited (FACT),1,171,108,no,yes,https://rtionline.gov.in/request/allpa.php,2026-08-23T06:45:58.414113+00:00
RTI Online,676,Fertilizer Corporation of India Limited (FCI),1,172,108,no,yes,https://rtionline.gov.in/request/allpa.php,2026-08-23T06:45:58.414113+00:00
RTI Online,677,Hindustan Fertilizers Corporation Limited (HFC),1,173,108,no,yes,https://rtionline.gov.in/request/allpa.php,2026-08-23T06:45:58.414113+00:00
RTI Online,678,Hindustan Urvarak & Rasayan Limited,1,4369,108,no,yes,https://rtionline.gov.in/request/allpa.php,2026-08-23T06:45:58.414113+00:00
RTI Online,679,Madras Fertilizer Limited (MFL),1,174,108,no,yes,https://rtionline.gov.in/request/allpa.php,2026-08-23T06:45:58.414113+00:00
RTI Online,680,National Fertilizer Limited (NFL),1,175,108,no,yes,https://rtionline.gov.in/request/allpa.php,2026-08-23T06:45:58.414113+00:00
RTI Online,681,Projects & Development of India Ltd. (PDIL),1,251,108,no,yes,https://rtionline.gov.in/request/allpa.php,2026-08-23T06:45:58.414113+00:00
RTI Online,682,Rashtriya Chemicals and Fertilizers Ltd. (RCF),1,177,108,no,yes,https://rtionline.gov.in/request/allpa.php,2026-08-23T06:45:58.414113+00:00
RTI Online,683,Department of Financial Services,0,1738,41,yes,no,https://rtionline.gov.in/request/allpa.php,2026-08-23T06:45:58.414113+00:00
RTI Online,684,Agriculture Insurance Company of India Ltd.,1,2064,1738,no,yes,https://rtionline.gov.in/request/allpa.php,2026-08-23T06:45:58.414113+00:00
RTI Online,685,Andhra Pradesh Grameena Bank,1,4382,1738,no,yes,https://rtionline.gov.in/request/allpa.php,2026-08-23T06:45:58.414113+00:00
RTI Online,686,Arunachal Pradesh Rural Bank,1,3726,1738,no,yes,https://rtionline.gov.in/request/allpa.php,2026-08-23T06:45:58.414113+00:00
RTI Online,687,Assam Gramin Vikash Bank,1,3728,1738,no,yes,https://rtionline.gov.in/request/allpa.php,2026-08-23T06:45:58.414113+00:00
RTI Online,688,Bank of Baroda,1,2027,1738,no,yes,https://rtionline.gov.in/request/allpa.php,2026-08-23T06:45:58.414113+00:00
RTI Online,689,Bank of India,1,2023,1738,no,yes,https://rtionline.gov.in/request/allpa.php,2026-08-23T06:45:58.414113+00:00
RTI Online,690,Bank of Maharashtra,1,2017,1738,no,yes,https://rtionline.gov.in/request/allpa.php,2026-08-23T06:45:58.414113+00:00
RTI Online,691,Bihar Gramin Bank,1,3719,1738,no,yes,https://rtionline.gov.in/request/allpa.php,2026-08-23T06:45:58.414113+00:00
RTI Online,692,Canara Bank,1,2013,1738,no,yes,https://rtionline.gov.in/request/allpa.php,2026-08-23T06:45:58.414113+00:00
RTI Online,693,Central Bank of India,1,2007,1738,no,yes,https://rtionline.gov.in/request/allpa.php,2026-08-23T06:45:58.414113+00:00
RTI Online,694,Central Registry of Securitisation Asset Reconstruction and Security Interest of India (CERSAI),1,3908,1738,no,yes,https://rtionline.gov.in/request/allpa.php,2026-08-23T06:45:58.414113+00:00
RTI Online,695,Chhattisgarh Rajya Gramin Bank,1,3734,1738,no,yes,https://rtionline.gov.in/request/allpa.php,2026-08-23T06:45:58.414113+00:00
RTI Online,696,Council for Insurance Ombudsmen (CIO),1,3627,1738,no,yes,https://rtionline.gov.in/request/allpa.php,2026-08-23T06:45:58.414113+00:00
RTI Online,697,"Debts Recovery Appellate Tribunal,Kolkata",1,2796,1738,no,yes,https://rtionline.gov.in/request/allpa.php,2026-08-23T06:45:58.414113+00:00
RTI Online,698,Debts Recovery Tribunal No.2 Kolkata,1,3900,1738,no,yes,https://rtionline.gov.in/request/allpa.php,2026-08-23T06:45:58.414113+00:00
RTI Online,699,"DRAT, Allahabad",1,2029,1738,no,yes,https://rtionline.gov.in/request/allpa.php,2026-08-23T06:45:58.414113+00:00
RTI Online,700,"DRAT, Chennai",1,1894,1738,no,yes,https://rtionline.gov.in/request/allpa.php,2026-08-23T06:45:58.414113+00:00
RTI Online,701,"DRAT, Delhi",1,2000,1738,no,yes,https://rtionline.gov.in/request/allpa.php,2026-08-23T06:45:58.414113+00:00
RTI Online,702,"DRAT, MUMBAI",1,3358,1738,no,yes,https://rtionline.gov.in/request/allpa.php,2026-08-23T06:45:58.414113+00:00
RTI Online,703,"DRT-2,Ernakulam",1,3570,1738,no,yes,https://rtionline.gov.in/request/allpa.php,2026-08-23T06:45:58.414113+00:00
RTI Online,704,"DRT, Allahabad",1,1986,1738,no,yes,https://rtionline.gov.in/request/allpa.php,2026-08-23T06:45:58.414113+00:00
RTI Online,705,"DRT, Aurangabad",1,1899,1738,no,yes,https://rtionline.gov.in/request/allpa.php,2026-08-23T06:45:58.414113+00:00
RTI Online,706,"DRT, Bangalore",1,1895,1738,no,yes,https://rtionline.gov.in/request/allpa.php,2026-08-23T06:45:58.414113+00:00
RTI Online,707,"DRT, Chandigarh",1,2039,1738,no,yes,https://rtionline.gov.in/request/allpa.php,2026-08-23T06:45:58.414113+00:00
RTI Online,708,"DRT, Coimbatore",1,1987,1738,no,yes,https://rtionline.gov.in/request/allpa.php,2026-08-23T06:45:58.414113+00:00
RTI Online,709,DRT Cuttack,1,1898,1738,no,yes,https://rtionline.gov.in/request/allpa.php,2026-08-23T06:45:58.414113+00:00
RTI Online,710,"DRT, Ernakulam",1,1991,1738,no,yes,https://rtionline.gov.in/request/allpa.php,2026-08-23T06:45:58.414113+00:00
RTI Online,711,"DRT, Guwahati",1,2030,1738,no,yes,https://rtionline.gov.in/request/allpa.php,2026-08-23T06:45:58.414113+00:00
RTI Online,712,"DRT, Hyderabad",1,2006,1738,no,yes,https://rtionline.gov.in/request/allpa.php,2026-08-23T06:45:58.414113+00:00
RTI Online,713,"DRT I, Chennai",1,2069,1738,no,yes,https://rtionline.gov.in/request/allpa.php,2026-08-23T06:45:58.414113+00:00
RTI Online,714,"DRT- I, Delhi",1,1990,1738,no,yes,https://rtionline.gov.in/request/allpa.php,2026-08-23T06:45:58.414113+00:00
RTI Online,715,"DRT-II, Chandigarh",1,2797,1738,no,yes,https://rtionline.gov.in/request/allpa.php,2026-08-23T06:45:58.414113+00:00
RTI Online,716,DRT-II Chennai,1,1945,1738,no,yes,https://rtionline.gov.in/request/allpa.php,2026-08-23T06:45:58.414113+00:00
RTI Online,717,DRT-II Delhi,1,1818,1738,no,yes,https://rtionline.gov.in/request/allpa.php,2026-08-23T06:45:58.414113+00:00
RTI Online,718,"DRT-III, Chandigarh",1,3674,1738,no,yes,https://rtionline.gov.in/request/allpa.php,2026-08-23T06:45:58.414113+00:00
RTI Online,719,"DRT-III, Chennai",1,1988,1738,no,yes,https://rtionline.gov.in/request/allpa.php,2026-08-23T06:45:58.414113+00:00
RTI Online,720,"DRT-III, Delhi",1,1989,1738,no,yes,https://rtionline.gov.in/request/allpa.php,2026-08-23T06:45:58.414113+00:00
RTI Online,721,DRT III Kolkata,1,2055,1738,no,yes,https://rtionline.gov.in/request/allpa.php,2026-08-23T06:45:58.414113+00:00
RTI Online,722,DRT III Mumbai,1,2292,1738,no,yes,https://rtionline.gov.in/request/allpa.php,2026-08-23T06:45:58.414113+00:00
RTI Online,723,DRT II Mumbai,1,1993,1738,no,yes,https://rtionline.gov.in/request/allpa.php,2026-08-23T06:45:58.414113+00:00
RTI Online,724,"DRT I, Kolkata",1,3359,1738,no,yes,https://rtionline.gov.in/request/allpa.php,2026-08-23T06:45:58.414113+00:00
RTI Online,725,"DRT Il, Ahmedabad",1,2294,1738,no,yes,https://rtionline.gov.in/request/allpa.php,2026-08-23T06:45:58.414113+00:00
RTI Online,726,DRT-Jabalpur,1,1897,1738,no,yes,https://rtionline.gov.in/request/allpa.php,2026-08-23T06:45:58.414113+00:00
RTI Online,727,"DRT, Jaipur",1,2002,1738,no,yes,https://rtionline.gov.in/request/allpa.php,2026-08-23T06:45:58.414113+00:00
RTI Online,728,"DRT l, Ahmedabad",1,1892,1738,no,yes,https://rtionline.gov.in/request/allpa.php,2026-08-23T06:45:58.414113+00:00
RTI Online,729,"DRT, Lucknow",1,3360,1738,no,yes,https://rtionline.gov.in/request/allpa.php,2026-08-23T06:45:58.414113+00:00
RTI Online,730,"DRT, Madurai",1,1992,1738,no,yes,https://rtionline.gov.in/request/allpa.php,2026-08-23T06:45:58.414113+00:00
RTI Online,731,"DRT, Mumbai-I",1,2291,1738,no,yes,https://rtionline.gov.in/request/allpa.php,2026-08-23T06:45:58.414113+00:00
RTI Online,732,"DRT, Nagpur",1,1896,1738,no,yes,https://rtionline.gov.in/request/allpa.php,2026-08-23T06:45:58.414113+00:00
RTI Online,733,"DRT, Patna",1,1994,1738,no,yes,https://rtionline.gov.in/request/allpa.php,2026-08-23T06:45:58.414113+00:00
RTI Online,734,"DRT, Pune",1,1995,1738,no,yes,https://rtionline.gov.in/request/allpa.php,2026-08-23T06:45:58.414113+00:00
RTI Online,735,"DRT, Ranchi",1,1996,1738,no,yes,https://rtionline.gov.in/request/allpa.php,2026-08-23T06:45:58.414113+00:00
RTI Online,736,"DRT, Vishakhapatnam",1,1998,1738,no,yes,https://rtionline.gov.in/request/allpa.php,2026-08-23T06:45:58.414113+00:00
RTI Online,737,Export Import Bank of India (EXIM Bank),1,2048,1738,no,yes,https://rtionline.gov.in/request/allpa.php,2026-08-23T06:45:58.414113+00:00
RTI Online,738,Financial Services Institutions Bureau (FSIB),1,4020,1738,no,yes,https://rtionline.gov.in/request/allpa.php,2026-08-23T06:45:58.414113+00:00
RTI Online,739,General Insurance Corporation of India,1,2286,1738,no,yes,https://rtionline.gov.in/request/allpa.php,2026-08-23T06:45:58.414113+00:00
RTI Online,740,Gujarat Gramin Bank,1,4383,1738,no,yes,https://rtionline.gov.in/request/allpa.php,2026-08-23T06:45:58.414113+00:00
RTI Online,741,"Haryana Gramin Bank, Rohtak",1,3720,1738,no,yes,https://rtionline.gov.in/request/allpa.php,2026-08-23T06:45:58.414113+00:00
RTI Online,742,"Himachal Pradesh Gramin Bank, Mandi",1,3721,1738,no,yes,https://rtionline.gov.in/request/allpa.php,2026-08-23T06:45:58.414113+00:00
RTI Online,743,IFCI Ltd,1,3188,1738,no,yes,https://rtionline.gov.in/request/allpa.php,2026-08-23T06:45:58.414113+00:00
RTI Online,744,India Infrastructure Finance Co. Ltd. (IIFCL),1,2049,1738,no,yes,https://rtionline.gov.in/request/allpa.php,2026-08-23T06:45:58.414113+00:00
RTI Online,745,Indian Bank,1,2008,1738,no,yes,https://rtionline.gov.in/request/allpa.php,2026-08-23T06:45:58.414113+00:00
RTI Online,746,Indian Overseas Bank,1,2032,1738,no,yes,https://rtionline.gov.in/request/allpa.php,2026-08-23T06:45:58.414113+00:00
RTI Online,747,Insurance Regulatory and Development Authority of India,1,2794,1738,no,yes,https://rtionline.gov.in/request/allpa.php,2026-08-23T06:45:58.414113+00:00
RTI Online,748,Jammu And Kashmir Grameen Bank,1,4372,1738,no,yes,https://rtionline.gov.in/request/allpa.php,2026-08-23T06:45:58.414113+00:00
RTI Online,749,Jharkhand Rajya Gramin Bank,1,3737,1738,no,yes,https://rtionline.gov.in/request/allpa.php,2026-08-23T06:45:58.414113+00:00
RTI Online,750,Karnataka Grameena Bank,1,4387,1738,no,yes,https://rtionline.gov.in/request/allpa.php,2026-08-23T06:45:58.414113+00:00
RTI Online,751,Kerala Gramin Bank,1,3741,1738,no,yes,https://rtionline.gov.in/request/allpa.php,2026-08-23T06:45:58.414113+00:00
RTI Online,752,LIC Central Office: Mumbai,1,2287,1738,no,yes,https://rtionline.gov.in/request/allpa.php,2026-08-23T06:45:58.414113+00:00
RTI Online,753,"LIC CZ: Chhattisgarh, M.P",1,3127,1738,no,yes,https://rtionline.gov.in/request/allpa.php,2026-08-23T06:45:58.414113+00:00
RTI Online,754,"LIC ECZ: Bihar, Jharkhand, Odisha",1,3129,1738,no,yes,https://rtionline.gov.in/request/allpa.php,2026-08-23T06:45:58.414113+00:00
RTI Online,755,"LIC EZ: Arunachal, Assam, Manipur, Meghalaya, Mizoram, Nagaland, Sikkim, Tripura, W.B",1,3130,1738,no,yes,https://rtionline.gov.in/request/allpa.php,2026-08-23T06:45:58.414113+00:00
RTI Online,756,"LIC NCZ: U.P., Uttrakhand",1,3132,1738,no,yes,https://rtionline.gov.in/request/allpa.php,2026-08-23T06:45:58.414113+00:00
RTI Online,757,"LIC NZ: Delhi, H.P., Haryana, J&K, Punjab, Rajasthan",1,3078,1738,no,yes,https://rtionline.gov.in/request/allpa.php,2026-08-23T06:45:58.414113+00:00
RTI Online,758,"LIC SCZ: Andhra, Karnataka, Telangana",1,3126,1738,no,yes,https://rtionline.gov.in/request/allpa.php,2026-08-23T06:45:58.414113+00:00
RTI Online,759,"LIC SZ: Kerala, Tamil Nadu",1,3128,1738,no,yes,https://rtionline.gov.in/request/allpa.php,2026-08-23T06:45:58.414113+00:00
RTI Online,760,"LIC WZ: Goa, Gujarat, Maharashtra",1,3131,1738,no,yes,https://rtionline.gov.in/request/allpa.php,2026-08-23T06:45:58.414113+00:00
RTI Online,761,Madhya Pradesh Gramin Bank,1,4056,1738,no,yes,https://rtionline.gov.in/request/allpa.php,2026-08-23T06:45:58.414113+00:00
RTI Online,762,Maharashtra Gramin Bank,1,3744,1738,no,yes,https://rtionline.gov.in/request/allpa.php,2026-08-23T06:45:58.414113+00:00
RTI Online,763,Manipur Rural Bank,1,3745,1738,no,yes,https://rtionline.gov.in/request/allpa.php,2026-08-23T06:45:58.414113+00:00
RTI Online,764,Meghalaya Rural Bank,1,3746,1738,no,yes,https://rtionline.gov.in/request/allpa.php,2026-08-23T06:45:58.414113+00:00
RTI Online,765,Mizoram Rural Bank,1,3747,1738,no,yes,https://rtionline.gov.in/request/allpa.php,2026-08-23T06:45:58.414113+00:00
RTI Online,766,NABARD,1,1819,1738,no,yes,https://rtionline.gov.in/request/allpa.php,2026-08-23T06:45:58.414113+00:00
RTI Online,767,Nagaland Rural Bank,1,3748,1738,no,yes,https://rtionline.gov.in/request/allpa.php,2026-08-23T06:45:58.414113+00:00
RTI Online,768,National Bank for Financing Infrastructure and Development (NaBFID),1,4111,1738,no,yes,https://rtionline.gov.in/request/allpa.php,2026-08-23T06:45:58.414113+00:00
RTI Online,769,National Housing Bank (NHB),1,2053,1738,no,yes,https://rtionline.gov.in/request/allpa.php,2026-08-23T06:45:58.414113+00:00
RTI Online,770,National Insurance Company Limited,1,2795,1738,no,yes,https://rtionline.gov.in/request/allpa.php,2026-08-23T06:45:58.414113+00:00
RTI Online,771,National Pension System Trust,1,3906,1738,no,yes,https://rtionline.gov.in/request/allpa.php,2026-08-23T06:45:58.414113+00:00
RTI Online,772,Odisha Grameen Bank,1,4384,1738,no,yes,https://rtionline.gov.in/request/allpa.php,2026-08-23T06:45:58.414113+00:00
RTI Online,773,"OFFICE OF INSURANCE OMBUDSMAN, THANE",1,4373,1738,no,yes,https://rtionline.gov.in/request/allpa.php,2026-08-23T06:45:58.414113+00:00
RTI Online,774,Office of the Custodian,1,2034,1738,no,yes,https://rtionline.gov.in/request/allpa.php,2026-08-23T06:45:58.414113+00:00
RTI Online,775,"Office of the Insurance Ombudsman, Ahmedabad",1,3610,1738,no,yes,https://rtionline.gov.in/request/allpa.php,2026-08-23T06:45:58.414113+00:00
RTI Online,776,"Office of the Insurance Ombudsman, Bengaluru",1,3611,1738,no,yes,https://rtionline.gov.in/request/allpa.php,2026-08-23T06:45:58.414113+00:00
RTI Online,777,"Office of the Insurance Ombudsman, Bhopal",1,3612,1738,no,yes,https://rtionline.gov.in/request/allpa.php,2026-08-23T06:45:58.414113+00:00
RTI Online,778,"Office of the Insurance Ombudsman, Bhubaneswar",1,3613,1738,no,yes,https://rtionline.gov.in/request/allpa.php,2026-08-23T06:45:58.414113+00:00
RTI Online,779,"Office of the Insurance Ombudsman, Chandigarh",1,3614,1738,no,yes,https://rtionline.gov.in/request/allpa.php,2026-08-23T06:45:58.414113+00:00
RTI Online,780,"Office of the Insurance Ombudsman, Chennai",1,3615,1738,no,yes,https://rtionline.gov.in/request/allpa.php,2026-08-23T06:45:58.414113+00:00
RTI Online,781,"Office of the Insurance Ombudsman, Delhi",1,3616,1738,no,yes,https://rtionline.gov.in/request/allpa.php,2026-08-23T06:45:58.414113+00:00
RTI Online,782,"Office of the Insurance Ombudsman, Guwahati",1,3617,1738,no,yes,https://rtionline.gov.in/request/allpa.php,2026-08-23T06:45:58.414113+00:00
RTI Online,783,"Office of the Insurance Ombudsman, Hyderabad",1,3618,1738,no,yes,https://rtionline.gov.in/request/allpa.php,2026-08-23T06:45:58.414113+00:00
RTI Online,784,"Office of the Insurance Ombudsman, Jaipur",1,3619,1738,no,yes,https://rtionline.gov.in/request/allpa.php,2026-08-23T06:45:58.414113+00:00
RTI Online,785,"Office of the Insurance Ombudsman, Kochi",1,3620,1738,no,yes,https://rtionline.gov.in/request/allpa.php,2026-08-23T06:45:58.414113+00:00
RTI Online,786,"Office of the Insurance Ombudsman, Kolkata",1,3621,1738,no,yes,https://rtionline.gov.in/request/allpa.php,2026-08-23T06:45:58.414113+00:00
RTI Online,787,"Office of the Insurance Ombudsman, Lucknow",1,3622,1738,no,yes,https://rtionline.gov.in/request/allpa.php,2026-08-23T06:45:58.414113+00:00
RTI Online,788,"Office of the Insurance Ombudsman, Mumbai",1,3623,1738,no,yes,https://rtionline.gov.in/request/allpa.php,2026-08-23T06:45:58.414113+00:00
RTI Online,789,"Office of the Insurance Ombudsman, Noida",1,3624,1738,no,yes,https://rtionline.gov.in/request/allpa.php,2026-08-23T06:45:58.414113+00:00
RTI Online,790,"Office of the Insurance Ombudsman, Patna",1,3625,1738,no,yes,https://rtionline.gov.in/request/allpa.php,2026-08-23T06:45:58.414113+00:00
RTI Online,791,"Office of the Insurance Ombudsman, Pune",1,3626,1738,no,yes,https://rtionline.gov.in/request/allpa.php,2026-08-23T06:45:58.414113+00:00
RTI Online,792,Oriental Insurance Company Ltd.,1,2793,1738,no,yes,https://rtionline.gov.in/request/allpa.php,2026-08-23T06:45:58.414113+00:00
RTI Online,793,Pension Fund Regulatory and Development Authority,1,2105,1738,no,yes,https://rtionline.gov.in/request/allpa.php,2026-08-23T06:45:58.414113+00:00
RTI Online,794,Puduvai Bharathiar Grama Bank,1,3714,1738,no,yes,https://rtionline.gov.in/request/allpa.php,2026-08-23T06:45:58.414113+00:00
RTI Online,795,"Punjab Gramin Bank, Kapurthala",1,3722,1738,no,yes,https://rtionline.gov.in/request/allpa.php,2026-08-23T06:45:58.414113+00:00
RTI Online,796,Punjab National Bank,1,2018,1738,no,yes,https://rtionline.gov.in/request/allpa.php,2026-08-23T06:45:58.414113+00:00
RTI Online,797,Punjab & Sind Bank,1,2010,1738,no,yes,https://rtionline.gov.in/request/allpa.php,2026-08-23T06:45:58.414113+00:00
RTI Online,798,Rajasthan Gramin Bank,1,4385,1738,no,yes,https://rtionline.gov.in/request/allpa.php,2026-08-23T06:45:58.414113+00:00
RTI Online,799,Reserve Bank of India,1,2285,1738,no,yes,https://rtionline.gov.in/request/allpa.php,2026-08-23T06:45:58.414113+00:00
RTI Online,800,SBI Ahmedabad Circle,1,3576,1738,no,yes,https://rtionline.gov.in/request/allpa.php,2026-08-23T06:45:58.414113+00:00
RTI Online,801,SBI Amravati Circle,1,3590,1738,no,yes,https://rtionline.gov.in/request/allpa.php,2026-08-23T06:45:58.414113+00:00
RTI Online,802,SBI Bangalore Circle,1,3577,1738,no,yes,https://rtionline.gov.in/request/allpa.php,2026-08-23T06:45:58.414113+00:00
RTI Online,803,SBI Bhopal Circle,1,3578,1738,no,yes,https://rtionline.gov.in/request/allpa.php,2026-08-23T06:45:58.414113+00:00
RTI Online,804,SBI Bhubaneswar Circle,1,3579,1738,no,yes,https://rtionline.gov.in/request/allpa.php,2026-08-23T06:45:58.414113+00:00
RTI Online,805,SBI Chandigarh Circle,1,3580,1738,no,yes,https://rtionline.gov.in/request/allpa.php,2026-08-23T06:45:58.414113+00:00
RTI Online,806,SBI Chennai Circle,1,3581,1738,no,yes,https://rtionline.gov.in/request/allpa.php,2026-08-23T06:45:58.414113+00:00
RTI Online,807,SBI - Corporate Centre,1,2009,1738,no,yes,https://rtionline.gov.in/request/allpa.php,2026-08-23T06:45:58.414113+00:00
RTI Online,808,SBI Delhi Circle,1,3582,1738,no,yes,https://rtionline.gov.in/request/allpa.php,2026-08-23T06:45:58.414113+00:00
RTI Online,809,SBI Guwahati Circle,1,3589,1738,no,yes,https://rtionline.gov.in/request/allpa.php,2026-08-23T06:45:58.414113+00:00
RTI Online,810,SBI Hyderabad Circle,1,3583,1738,no,yes,https://rtionline.gov.in/request/allpa.php,2026-08-23T06:45:58.414113+00:00
RTI Online,811,SBI Jaipur Circle,1,3591,1738,no,yes,https://rtionline.gov.in/request/allpa.php,2026-08-23T06:45:58.414113+00:00
RTI Online,812,SBI Kolkata Circle,1,3584,1738,no,yes,https://rtionline.gov.in/request/allpa.php,2026-08-23T06:45:58.414113+00:00
RTI Online,813,SBI Lucknow Circle,1,3585,1738,no,yes,https://rtionline.gov.in/request/allpa.php,2026-08-23T06:45:58.414113+00:00
RTI Online,814,SBI Maharashtra Circle,1,3761,1738,no,yes,https://rtionline.gov.in/request/allpa.php,2026-08-23T06:45:58.414113+00:00
RTI Online,815,SBI Mumbai Metro Circle,1,3586,1738,no,yes,https://rtionline.gov.in/request/allpa.php,2026-08-23T06:45:58.414113+00:00
RTI Online,816,SBI Patna Circle,1,3587,1738,no,yes,https://rtionline.gov.in/request/allpa.php,2026-08-23T06:45:58.414113+00:00
RTI Online,817,SBI Trivandrum Circle,1,3588,1738,no,yes,https://rtionline.gov.in/request/allpa.php,2026-08-23T06:45:58.414113+00:00
RTI Online,818,Small Industries Development Bank of India (SIDBI),1,2052,1738,no,yes,https://rtionline.gov.in/request/allpa.php,2026-08-23T06:45:58.414113+00:00
RTI Online,819,Syndicate Bank Regional Office-Puttur,1,3769,1738,no,yes,https://rtionline.gov.in/request/allpa.php,2026-08-23T06:45:58.414113+00:00
RTI Online,820,TAMIL NADU GRAMA BANK,1,3715,1738,no,yes,https://rtionline.gov.in/request/allpa.php,2026-08-23T06:45:58.414113+00:00
RTI Online,821,Telangana Grameena Bank,1,3754,1738,no,yes,https://rtionline.gov.in/request/allpa.php,2026-08-23T06:45:58.414113+00:00
RTI Online,822,The New India Assurance Company Ltd.,1,2066,1738,no,yes,https://rtionline.gov.in/request/allpa.php,2026-08-23T06:45:58.414113+00:00
RTI Online,823,Tripura Gramin Bank,1,3755,1738,no,yes,https://rtionline.gov.in/request/allpa.php,2026-08-23T06:45:58.414113+00:00
RTI Online,824,UCO Bank,1,2026,1738,no,yes,https://rtionline.gov.in/request/allpa.php,2026-08-23T06:45:58.414113+00:00
RTI Online,825,Union Bank of India,1,2012,1738,no,yes,https://rtionline.gov.in/request/allpa.php,2026-08-23T06:45:58.414113+00:00
RTI Online,826,United India Insurance Co. Ltd.,1,2065,1738,no,yes,https://rtionline.gov.in/request/allpa.php,2026-08-23T06:45:58.414113+00:00
RTI Online,827,Uttarakhand Gramin Bank,1,3759,1738,no,yes,https://rtionline.gov.in/request/allpa.php,2026-08-23T06:45:58.414113+00:00
RTI Online,828,Uttar Pradesh Gramin Bank,1,4386,1738,no,yes,https://rtionline.gov.in/request/allpa.php,2026-08-23T06:45:58.414113+00:00
RTI Online,829,West Bengal Gramin Bank,1,4388,1738,no,yes,https://rtionline.gov.in/request/allpa.php,2026-08-23T06:45:58.414113+00:00
RTI Online,830,Department of Food & Public Distribution,0,31,30,yes,no,https://rtionline.gov.in/request/allpa.php,2026-08-23T06:45:58.414113+00:00
RTI Online,831,Central Railside Warehouse Company Limited,1,3348,31,no,yes,https://rtionline.gov.in/request/allpa.php,2026-08-23T06:45:58.414113+00:00
RTI Online,832,Central Warehousing Corporation,1,544,31,no,yes,https://rtionline.gov.in/request/allpa.php,2026-08-23T06:45:58.414113+00:00
RTI Online,833,Directorate of Sugar & Vegetable Oils,1,3375,31,no,yes,https://rtionline.gov.in/request/allpa.php,2026-08-23T06:45:58.414113+00:00
RTI Online,834,"Directorate of Vananspati, Vegetable Oils & Fats",1,523,31,no,yes,https://rtionline.gov.in/request/allpa.php,2026-08-23T06:45:58.414113+00:00
RTI Online,835,Food Corporation of India,1,543,31,no,yes,https://rtionline.gov.in/request/allpa.php,2026-08-23T06:45:58.414113+00:00
RTI Online,836,"Food Corporation of India, Andhra Pradesh",1,4097,31,no,yes,https://rtionline.gov.in/request/allpa.php,2026-08-23T06:45:58.414113+00:00
RTI Online,837,"Food Corporation of India, Arunachal Pradesh",1,4103,31,no,yes,https://rtionline.gov.in/request/allpa.php,2026-08-23T06:45:58.414113+00:00
RTI Online,838,"Food Corporation of India, Assam",1,4104,31,no,yes,https://rtionline.gov.in/request/allpa.php,2026-08-23T06:45:58.414113+00:00
RTI Online,839,"Food Corporation of India, Bihar",1,4087,31,no,yes,https://rtionline.gov.in/request/allpa.php,2026-08-23T06:45:58.414113+00:00
RTI Online,840,"Food Corporation of India, Chennai",1,4096,31,no,yes,https://rtionline.gov.in/request/allpa.php,2026-08-23T06:45:58.414113+00:00
RTI Online,841,"Food Corporation of India, Chhatisgarh",1,4092,31,no,yes,https://rtionline.gov.in/request/allpa.php,2026-08-23T06:45:58.414113+00:00
RTI Online,842,"Food Corporation of India, Delhi",1,4080,31,no,yes,https://rtionline.gov.in/request/allpa.php,2026-08-23T06:45:58.414113+00:00
RTI Online,843,"Food Corporation of India, Gujrat",1,4093,31,no,yes,https://rtionline.gov.in/request/allpa.php,2026-08-23T06:45:58.414113+00:00
RTI Online,844,"Food Corporation of India, Guwahati",1,4102,31,no,yes,https://rtionline.gov.in/request/allpa.php,2026-08-23T06:45:58.414113+00:00
RTI Online,845,"Food Corporation of India, Haryana",1,4081,31,no,yes,https://rtionline.gov.in/request/allpa.php,2026-08-23T06:45:58.414113+00:00
RTI Online,846,"Food Corporation of India, Himachal Pradesh",1,4082,31,no,yes,https://rtionline.gov.in/request/allpa.php,2026-08-23T06:45:58.414113+00:00
RTI Online,847,"Food Corporation of India, Jammu & Kashmir",1,4083,31,no,yes,https://rtionline.gov.in/request/allpa.php,2026-08-23T06:45:58.414113+00:00
RTI Online,848,"Food Corporation of India, Jharkhand",1,4088,31,no,yes,https://rtionline.gov.in/request/allpa.php,2026-08-23T06:45:58.414113+00:00
RTI Online,849,"Food Corporation of India, Karnataka",1,4098,31,no,yes,https://rtionline.gov.in/request/allpa.php,2026-08-23T06:45:58.414113+00:00
RTI Online,850,"Food Corporation of India, Kerala",1,4099,31,no,yes,https://rtionline.gov.in/request/allpa.php,2026-08-23T06:45:58.414113+00:00
RTI Online,851,"Food Corporation of India, Kolkata",1,4114,31,no,yes,https://rtionline.gov.in/request/allpa.php,2026-08-23T06:45:58.414113+00:00
RTI Online,852,"Food Corporation of India, Madhya Pradesh",1,4095,31,no,yes,https://rtionline.gov.in/request/allpa.php,2026-08-23T06:45:58.414113+00:00
RTI Online,853,"Food Corporation of India, Maharashtra",1,4094,31,no,yes,https://rtionline.gov.in/request/allpa.php,2026-08-23T06:45:58.414113+00:00
RTI Online,854,"Food Corporation of India, Manipur",1,4105,31,no,yes,https://rtionline.gov.in/request/allpa.php,2026-08-23T06:45:58.414113+00:00
RTI Online,855,"Food Corporation of India, Mumbai",1,4091,31,no,yes,https://rtionline.gov.in/request/allpa.php,2026-08-23T06:45:58.414113+00:00
RTI Online,856,"Food Corporation of India, Nagaland",1,4106,31,no,yes,https://rtionline.gov.in/request/allpa.php,2026-08-23T06:45:58.414113+00:00
RTI Online,857,"Food Corporation of India, NEF Region",1,4107,31,no,yes,https://rtionline.gov.in/request/allpa.php,2026-08-23T06:45:58.414113+00:00
RTI Online,858,"Food Corporation of India, Noida",1,4079,31,no,yes,https://rtionline.gov.in/request/allpa.php,2026-08-23T06:45:58.414113+00:00
RTI Online,859,"Food Corporation of India, Odisha",1,4089,31,no,yes,https://rtionline.gov.in/request/allpa.php,2026-08-23T06:45:58.414113+00:00
RTI Online,860,"Food Corporation of India, Punjab",1,4084,31,no,yes,https://rtionline.gov.in/request/allpa.php,2026-08-23T06:45:58.414113+00:00
RTI Online,861,"Food Corporation of India, Rajasthan",1,4085,31,no,yes,https://rtionline.gov.in/request/allpa.php,2026-08-23T06:45:58.414113+00:00
RTI Online,862,"Food Corporation of India, Tamil Nadu",1,4100,31,no,yes,https://rtionline.gov.in/request/allpa.php,2026-08-23T06:45:58.414113+00:00
RTI Online,863,"Food Corporation of India, Telangana",1,4101,31,no,yes,https://rtionline.gov.in/request/allpa.php,2026-08-23T06:45:58.414113+00:00
RTI Online,864,"Food Corporation of India, Uttarakhand",1,4113,31,no,yes,https://rtionline.gov.in/request/allpa.php,2026-08-23T06:45:58.414113+00:00
RTI Online,865,"Food Corporation of India, Uttar Pradesh",1,4086,31,no,yes,https://rtionline.gov.in/request/allpa.php,2026-08-23T06:45:58.414113+00:00
RTI Online,866,"Food Corporation of India, West Bengal",1,4090,31,no,yes,https://rtionline.gov.in/request/allpa.php,2026-08-23T06:45:58.414113+00:00
RTI Online,867,Hindustan Vegetable Oils Corporation,1,545,31,no,yes,https://rtionline.gov.in/request/allpa.php,2026-08-23T06:45:58.414113+00:00
RTI Online,868,"Indian Grain Storage Management & Research Institute, Field Station, Hyderabad",1,525,31,no,yes,https://rtionline.gov.in/request/allpa.php,2026-08-23T06:45:58.414113+00:00
RTI Online,869,"Indian Grain Storage Management & Research Institute, Field Station, Ludhiana",1,527,31,no,yes,https://rtionline.gov.in/request/allpa.php,2026-08-23T06:45:58.414113+00:00
RTI Online,870,"Indian Grain Storage Management & Research Institute, Hapur",1,524,31,no,yes,https://rtionline.gov.in/request/allpa.php,2026-08-23T06:45:58.414113+00:00
RTI Online,871,"National Sugar Institute, Kanpur",1,528,31,no,yes,https://rtionline.gov.in/request/allpa.php,2026-08-23T06:45:58.414113+00:00
RTI Online,872,"Quality Control Cell, Bangalore",1,3380,31,no,yes,https://rtionline.gov.in/request/allpa.php,2026-08-23T06:45:58.414113+00:00
RTI Online,873,"Quality Control Cell, Bhopal",1,3381,31,no,yes,https://rtionline.gov.in/request/allpa.php,2026-08-23T06:45:58.414113+00:00
RTI Online,874,"Quality Control Cell, Bhubaneswar",1,3379,31,no,yes,https://rtionline.gov.in/request/allpa.php,2026-08-23T06:45:58.414113+00:00
RTI Online,875,"Quality Control Cell, Hyderabad",1,541,31,no,yes,https://rtionline.gov.in/request/allpa.php,2026-08-23T06:45:58.414113+00:00
RTI Online,876,"Quality Control Cell, Kolkata",1,542,31,no,yes,https://rtionline.gov.in/request/allpa.php,2026-08-23T06:45:58.414113+00:00
RTI Online,877,"Quality Control Cell, Lucknow",1,3374,31,no,yes,https://rtionline.gov.in/request/allpa.php,2026-08-23T06:45:58.414113+00:00
RTI Online,878,"Quality Control Cell, Pune",1,3382,31,no,yes,https://rtionline.gov.in/request/allpa.php,2026-08-23T06:45:58.414113+00:00
RTI Online,879,Department of Health & Family Welfare,0,47,46,yes,no,https://rtionline.gov.in/request/allpa.php,2026-08-23T06:45:58.414113+00:00
RTI Online,880,AIIMS Bathinda,1,4135,47,no,yes,https://rtionline.gov.in/request/allpa.php,2026-08-23T06:45:58.414113+00:00
RTI Online,881,"AIIMS, Bhopal",1,3692,47,no,yes,https://rtionline.gov.in/request/allpa.php,2026-08-23T06:45:58.414113+00:00
RTI Online,882,"AIIMS, Bhubaneshwar",1,3693,47,no,yes,https://rtionline.gov.in/request/allpa.php,2026-08-23T06:45:58.414113+00:00
RTI Online,883,AIIMS Bibinagar,1,4138,47,no,yes,https://rtionline.gov.in/request/allpa.php,2026-08-23T06:45:58.414113+00:00
RTI Online,884,AIIMS BILASPUR,1,4142,47,no,yes,https://rtionline.gov.in/request/allpa.php,2026-08-23T06:45:58.414113+00:00
RTI Online,885,AIIMS DEOGHAR,1,4145,47,no,yes,https://rtionline.gov.in/request/allpa.php,2026-08-23T06:45:58.414113+00:00
RTI Online,886,"AIIMS, Gorakhpur",1,4157,47,no,yes,https://rtionline.gov.in/request/allpa.php,2026-08-23T06:45:58.414113+00:00
RTI Online,887,"AIIMS, Guwahati",1,4133,47,no,yes,https://rtionline.gov.in/request/allpa.php,2026-08-23T06:45:58.414113+00:00
RTI Online,888,"AIIMS, JAMMU",1,4136,47,no,yes,https://rtionline.gov.in/request/allpa.php,2026-08-23T06:45:58.414113+00:00
RTI Online,889,"AIIMS, Jodhpur",1,3694,47,no,yes,https://rtionline.gov.in/request/allpa.php,2026-08-23T06:45:58.414113+00:00
RTI Online,890,"AIIMS, Kalyani",1,4137,47,no,yes,https://rtionline.gov.in/request/allpa.php,2026-08-23T06:45:58.414113+00:00
RTI Online,891,"AIIMS, Madurai",1,4203,47,no,yes,https://rtionline.gov.in/request/allpa.php,2026-08-23T06:45:58.414113+00:00
RTI Online,892,AIIMS Mangalagiri,1,4112,47,no,yes,https://rtionline.gov.in/request/allpa.php,2026-08-23T06:45:58.414113+00:00
RTI Online,893,AIIMS NAGPUR,1,4144,47,no,yes,https://rtionline.gov.in/request/allpa.php,2026-08-23T06:45:58.414113+00:00
RTI Online,894,"AIIMS, Patna",1,3695,47,no,yes,https://rtionline.gov.in/request/allpa.php,2026-08-23T06:45:58.414113+00:00
RTI Online,895,AIIMS Raebareli,1,4141,47,no,yes,https://rtionline.gov.in/request/allpa.php,2026-08-23T06:45:58.414113+00:00
RTI Online,896,"AIIMS, Raipur",1,3696,47,no,yes,https://rtionline.gov.in/request/allpa.php,2026-08-23T06:45:58.414113+00:00
RTI Online,897,AIIMS RAJKOT,1,4069,47,no,yes,https://rtionline.gov.in/request/allpa.php,2026-08-23T06:45:58.414113+00:00
RTI Online,898,"AIIMS, Rishikesh",1,3697,47,no,yes,https://rtionline.gov.in/request/allpa.php,2026-08-23T06:45:58.414113+00:00
RTI Online,899,Airport Health Organisation Pune,1,4129,47,no,yes,https://rtionline.gov.in/request/allpa.php,2026-08-23T06:45:58.414113+00:00
RTI Online,900,All India Institute of Hygiene and Public Health,1,1426,47,no,yes,https://rtionline.gov.in/request/allpa.php,2026-08-23T06:45:58.414113+00:00
RTI Online,901,"All India Institute of Medical Sciences (AIIMS), Delhi",1,1049,47,no,yes,https://rtionline.gov.in/request/allpa.php,2026-08-23T06:45:58.414113+00:00
RTI Online,902,"All INDIA INSTITUTE OF PHYSICAL MEDICINE AND REHABLITATION, MUMBAI",1,1401,47,no,yes,https://rtionline.gov.in/request/allpa.php,2026-08-23T06:45:58.414113+00:00
RTI Online,903,All India Institute of Speech and Hearing,1,1054,47,no,yes,https://rtionline.gov.in/request/allpa.php,2026-08-23T06:45:58.414113+00:00
RTI Online,904,BCG VACCINE LABORATORY,1,3772,47,no,yes,https://rtionline.gov.in/request/allpa.php,2026-08-23T06:45:58.414113+00:00
RTI Online,905,Bhopal Memorial Hospital & Research Centre (BMHRC),1,3347,47,no,yes,https://rtionline.gov.in/request/allpa.php,2026-08-23T06:45:58.414113+00:00
RTI Online,906,Central Council for Research in Ayurvedic Sciences (CCRAS),1,1063,47,no,yes,https://rtionline.gov.in/request/allpa.php,2026-08-23T06:45:58.414113+00:00
RTI Online,907,Central Council for Research in Homoeopathy,1,1175,47,no,yes,https://rtionline.gov.in/request/allpa.php,2026-08-23T06:45:58.414113+00:00
RTI Online,908,Central Council for Research in Yoga & Naturopathy,1,1068,47,no,yes,https://rtionline.gov.in/request/allpa.php,2026-08-23T06:45:58.414113+00:00
RTI Online,909,CENTRAL DRUGS STANDARD CONTROL ORGANISATION,1,1375,47,no,yes,https://rtionline.gov.in/request/allpa.php,2026-08-23T06:45:58.414113+00:00
RTI Online,910,Central Government Health Scheme,1,4022,47,no,yes,https://rtionline.gov.in/request/allpa.php,2026-08-23T06:45:58.414113+00:00
RTI Online,911,"CENTRAL INSTITUTE OF PSYCHIATRY,RANCHI",1,1410,47,no,yes,https://rtionline.gov.in/request/allpa.php,2026-08-23T06:45:58.414113+00:00
RTI Online,912,Central Medical Services Society,1,3884,47,no,yes,https://rtionline.gov.in/request/allpa.php,2026-08-23T06:45:58.414113+00:00
RTI Online,913,Central Research Instirute.Kasauli,1,3771,47,no,yes,https://rtionline.gov.in/request/allpa.php,2026-08-23T06:45:58.414113+00:00
RTI Online,914,CGHS Ahemdabad,1,3987,47,no,yes,https://rtionline.gov.in/request/allpa.php,2026-08-23T06:45:58.414113+00:00
RTI Online,915,"CGHS, Bengaluru",1,4205,47,no,yes,https://rtionline.gov.in/request/allpa.php,2026-08-23T06:45:58.414113+00:00
RTI Online,916,CGHS Bhopal,1,4148,47,no,yes,https://rtionline.gov.in/request/allpa.php,2026-08-23T06:45:58.414113+00:00
RTI Online,917,CGHS Chandigarh,1,4003,47,no,yes,https://rtionline.gov.in/request/allpa.php,2026-08-23T06:45:58.414113+00:00
RTI Online,918,"CGHS, Chennai",1,4229,47,no,yes,https://rtionline.gov.in/request/allpa.php,2026-08-23T06:45:58.414113+00:00
RTI Online,919,CGHS Dehradun,1,4376,47,no,yes,https://rtionline.gov.in/request/allpa.php,2026-08-23T06:45:58.414113+00:00
RTI Online,920,"CGHS, Delhi",1,2663,47,no,yes,https://rtionline.gov.in/request/allpa.php,2026-08-23T06:45:58.414113+00:00
RTI Online,921,CGHS Guwahati,1,4005,47,no,yes,https://rtionline.gov.in/request/allpa.php,2026-08-23T06:45:58.414113+00:00
RTI Online,922,"CGHS, HYDERABAD",1,4067,47,no,yes,https://rtionline.gov.in/request/allpa.php,2026-08-23T06:45:58.414113+00:00
RTI Online,923,CGHS Jabalpur,1,4021,47,no,yes,https://rtionline.gov.in/request/allpa.php,2026-08-23T06:45:58.414113+00:00
RTI Online,924,"CGHS, Jaipur",1,4009,47,no,yes,https://rtionline.gov.in/request/allpa.php,2026-08-23T06:45:58.414113+00:00
RTI Online,925,CGHS Kolkata,1,4035,47,no,yes,https://rtionline.gov.in/request/allpa.php,2026-08-23T06:45:58.414113+00:00
RTI Online,926,"CGHS, Lucknow",1,4161,47,no,yes,https://rtionline.gov.in/request/allpa.php,2026-08-23T06:45:58.414113+00:00
RTI Online,927,CGHS Meerut,1,4002,47,no,yes,https://rtionline.gov.in/request/allpa.php,2026-08-23T06:45:58.414113+00:00
RTI Online,928,CGHS Mumbai,1,4156,47,no,yes,https://rtionline.gov.in/request/allpa.php,2026-08-23T06:45:58.414113+00:00
RTI Online,929,CGHS Nagpur,1,4153,47,no,yes,https://rtionline.gov.in/request/allpa.php,2026-08-23T06:45:58.414113+00:00
RTI Online,930,CGHS patna,1,4004,47,no,yes,https://rtionline.gov.in/request/allpa.php,2026-08-23T06:45:58.414113+00:00
RTI Online,931,"CGHS, Shillong",1,3978,47,no,yes,https://rtionline.gov.in/request/allpa.php,2026-08-23T06:45:58.414113+00:00
RTI Online,932,CGHS Trivandrum,1,4206,47,no,yes,https://rtionline.gov.in/request/allpa.php,2026-08-23T06:45:58.414113+00:00
RTI Online,933,Chintranjan National Cancer Institute.,1,1044,47,no,yes,https://rtionline.gov.in/request/allpa.php,2026-08-23T06:45:58.414113+00:00
RTI Online,934,Dental Council of India,1,1047,47,no,yes,https://rtionline.gov.in/request/allpa.php,2026-08-23T06:45:58.414113+00:00
RTI Online,935,Directorate General of Health Services,1,1070,47,no,yes,https://rtionline.gov.in/request/allpa.php,2026-08-23T06:45:58.414113+00:00
RTI Online,936,"DR. R. M. L. HOSPITAL, NEW DELHI",1,1399,47,no,yes,https://rtionline.gov.in/request/allpa.php,2026-08-23T06:45:58.414113+00:00
RTI Online,937,HLL BioTech Limited,1,3186,47,no,yes,https://rtionline.gov.in/request/allpa.php,2026-08-23T06:45:58.414113+00:00
RTI Online,938,HLL Lifecare Limited,1,3185,47,no,yes,https://rtionline.gov.in/request/allpa.php,2026-08-23T06:45:58.414113+00:00
RTI Online,939,"HSCC, India Ltd.",1,1076,47,no,yes,https://rtionline.gov.in/request/allpa.php,2026-08-23T06:45:58.414113+00:00
RTI Online,940,ICMR-National Institute of Cholera and Enteric Diseases (NICED),1,3795,47,no,yes,https://rtionline.gov.in/request/allpa.php,2026-08-23T06:45:58.414113+00:00
RTI Online,941,Indian Council of Medical Research,1,1051,47,no,yes,https://rtionline.gov.in/request/allpa.php,2026-08-23T06:45:58.414113+00:00
RTI Online,942,Indian Nursing Council,1,1046,47,no,yes,https://rtionline.gov.in/request/allpa.php,2026-08-23T06:45:58.414113+00:00
RTI Online,943,"INDIAN PHARMACOPOEIA COMMISSION, GHAZIABAD",1,1366,47,no,yes,https://rtionline.gov.in/request/allpa.php,2026-08-23T06:45:58.414113+00:00
RTI Online,944,International Institute of Population Sciences,1,1043,47,no,yes,https://rtionline.gov.in/request/allpa.php,2026-08-23T06:45:58.414113+00:00
RTI Online,945,"JAWAHARLAL INSTITUTE OF POST GRADUATE MEDICAL EDUCATION AND RESEARCH, PONDICHERRY",1,1394,47,no,yes,https://rtionline.gov.in/request/allpa.php,2026-08-23T06:45:58.414113+00:00
RTI Online,946,"KALAWATI SARAN CHILDRENS HOSPITAL, NEW DELHI",1,1396,47,no,yes,https://rtionline.gov.in/request/allpa.php,2026-08-23T06:45:58.414113+00:00
RTI Online,947,"LHMC AND SMT. S.K. HOSPITAL, NEW DELHI.",1,1395,47,no,yes,https://rtionline.gov.in/request/allpa.php,2026-08-23T06:45:58.414113+00:00
RTI Online,948,Lokopriya Gopinath Bordoloi Regional Institute of Mental Health,1,4065,47,no,yes,https://rtionline.gov.in/request/allpa.php,2026-08-23T06:45:58.414113+00:00
RTI Online,949,Medical Stores Organisation,1,3202,47,no,yes,https://rtionline.gov.in/request/allpa.php,2026-08-23T06:45:58.414113+00:00
RTI Online,950,Morarji Desai National Institute of Yoga,1,1065,47,no,yes,https://rtionline.gov.in/request/allpa.php,2026-08-23T06:45:58.414113+00:00
RTI Online,951,National Academy of Medical Sciences,1,3189,47,no,yes,https://rtionline.gov.in/request/allpa.php,2026-08-23T06:45:58.414113+00:00
RTI Online,952,National AIDS Control Organization (NACO),1,2827,47,no,yes,https://rtionline.gov.in/request/allpa.php,2026-08-23T06:45:58.414113+00:00
RTI Online,953,"National AIDS Research Institute, Pune",1,3365,47,no,yes,https://rtionline.gov.in/request/allpa.php,2026-08-23T06:45:58.414113+00:00
RTI Online,954,National Board of Examinations in Medical Sciences,1,1048,47,no,yes,https://rtionline.gov.in/request/allpa.php,2026-08-23T06:45:58.414113+00:00
RTI Online,955,"NATIONAL CENTRE FOR DISEASE CONTROL, DELHI",1,1424,47,no,yes,https://rtionline.gov.in/request/allpa.php,2026-08-23T06:45:58.414113+00:00
RTI Online,956,National Commission for Indian System of Medicine (NCISM),1,1062,47,no,yes,https://rtionline.gov.in/request/allpa.php,2026-08-23T06:45:58.414113+00:00
RTI Online,957,National Health Authority,1,3680,47,no,yes,https://rtionline.gov.in/request/allpa.php,2026-08-23T06:45:58.414113+00:00
RTI Online,958,National Institute of Biologicals,1,1055,47,no,yes,https://rtionline.gov.in/request/allpa.php,2026-08-23T06:45:58.414113+00:00
RTI Online,959,National Institute of Health & Family Welfare,1,1042,47,no,yes,https://rtionline.gov.in/request/allpa.php,2026-08-23T06:45:58.414113+00:00
RTI Online,960,National Institute of Mental Health & Neuro Sciences (NIMHANS),1,1052,47,no,yes,https://rtionline.gov.in/request/allpa.php,2026-08-23T06:45:58.414113+00:00
RTI Online,961,National Institute of Tuberculosis and Respiratory Diseases,1,1057,47,no,yes,https://rtionline.gov.in/request/allpa.php,2026-08-23T06:45:58.414113+00:00
RTI Online,962,National Medical Commission,1,3895,47,no,yes,https://rtionline.gov.in/request/allpa.php,2026-08-23T06:45:58.414113+00:00
RTI Online,963,"National Medical Library, New Delhi",1,4149,47,no,yes,https://rtionline.gov.in/request/allpa.php,2026-08-23T06:45:58.414113+00:00
RTI Online,964,"NATIONAL VECTOR BORNE DISEASE CONTROL PROGRAMME, NEW DELHI",1,1425,47,no,yes,https://rtionline.gov.in/request/allpa.php,2026-08-23T06:45:58.414113+00:00
RTI Online,965,National Viral Hepatitis Control Programme,1,4059,47,no,yes,https://rtionline.gov.in/request/allpa.php,2026-08-23T06:45:58.414113+00:00
RTI Online,966,North Eastern Indira Gandhi Regional Institute of Health & Medical Sciences.,1,1056,47,no,yes,https://rtionline.gov.in/request/allpa.php,2026-08-23T06:45:58.414113+00:00
RTI Online,967,Pasteur Institute of India,1,1050,47,no,yes,https://rtionline.gov.in/request/allpa.php,2026-08-23T06:45:58.414113+00:00
RTI Online,968,"PG Institute of Medical Education & Research, Chandigarh",1,507,47,no,yes,https://rtionline.gov.in/request/allpa.php,2026-08-23T06:45:58.414113+00:00
RTI Online,969,Pharmacy Council of India,1,1045,47,no,yes,https://rtionline.gov.in/request/allpa.php,2026-08-23T06:45:58.414113+00:00
RTI Online,970,"Pr. Accounts Office, M/o Health & Family Welfare",1,3894,47,no,yes,https://rtionline.gov.in/request/allpa.php,2026-08-23T06:45:58.414113+00:00
RTI Online,971,"Regional Institute of Medical Sciences,Imphal",1,3337,47,no,yes,https://rtionline.gov.in/request/allpa.php,2026-08-23T06:45:58.414113+00:00
RTI Online,972,"Regional Institute of Paramedical & Nursing Sciences (RIPANS), Aizawl",1,4066,47,no,yes,https://rtionline.gov.in/request/allpa.php,2026-08-23T06:45:58.414113+00:00
RTI Online,973,"Rural Health Training Centre, Najafgarh",1,3647,47,no,yes,https://rtionline.gov.in/request/allpa.php,2026-08-23T06:45:58.414113+00:00
RTI Online,974,"SAFDARJUNG HOSPITAL,NEW DELHI",1,1398,47,no,yes,https://rtionline.gov.in/request/allpa.php,2026-08-23T06:45:58.414113+00:00
RTI Online,975,Department of Health Research,0,2551,46,yes,no,https://rtionline.gov.in/request/allpa.php,2026-08-23T06:45:58.414113+00:00
RTI Online,976,"ICMR-National AIDS Research Institute (NARI), Pune",1,3850,2551,no,yes,https://rtionline.gov.in/request/allpa.php,2026-08-23T06:45:58.414113+00:00
RTI Online,977,"ICMR-National Animal Resource Facility for Biomedical Research (NARFBR), Hyderabad",1,3839,2551,no,yes,https://rtionline.gov.in/request/allpa.php,2026-08-23T06:45:58.414113+00:00
RTI Online,978,"ICMR-National Centre for Disease Informatics and Research (NCDIR), Bengaluru",1,3833,2551,no,yes,https://rtionline.gov.in/request/allpa.php,2026-08-23T06:45:58.414113+00:00
RTI Online,979,"ICMR-National Institue for Research in Environmental Health (NIREH), Bhopal",1,3834,2551,no,yes,https://rtionline.gov.in/request/allpa.php,2026-08-23T06:45:58.414113+00:00
RTI Online,980,"ICMR-National Institue of Occupational Health (NIOH), Ahmedabad",1,3831,2551,no,yes,https://rtionline.gov.in/request/allpa.php,2026-08-23T06:45:58.414113+00:00
RTI Online,981,"ICMR-National Institute for Implementation Research on Non Communicable Diseases (NIIRNCD), Jodhpur",1,3841,2551,no,yes,https://rtionline.gov.in/request/allpa.php,2026-08-23T06:45:58.414113+00:00
RTI Online,982,"ICMR-National Institute for Research in Reproductive Health (NIRRH), Mumbai",1,3843,2551,no,yes,https://rtionline.gov.in/request/allpa.php,2026-08-23T06:45:58.414113+00:00
RTI Online,983,ICMR-NATIONAL INSTITUTE FOR RESEARCH IN TUBERCULOSIS,1,3796,2551,no,yes,https://rtionline.gov.in/request/allpa.php,2026-08-23T06:45:58.414113+00:00
RTI Online,984,"ICMR-National Institute of Cancer Prevention and Research (NICPR), Noida",1,3829,2551,no,yes,https://rtionline.gov.in/request/allpa.php,2026-08-23T06:45:58.414113+00:00
RTI Online,985,"ICMR-National Institute of Epidemiology (NIE), Chennai",1,3836,2551,no,yes,https://rtionline.gov.in/request/allpa.php,2026-08-23T06:45:58.414113+00:00
RTI Online,986,"ICMR-National Institute of Immunohaematology (NIIH), Mumbai",1,3842,2551,no,yes,https://rtionline.gov.in/request/allpa.php,2026-08-23T06:45:58.414113+00:00
RTI Online,987,"ICMR-National Institute of Malaria Research (NIMR), New Delhi",1,3844,2551,no,yes,https://rtionline.gov.in/request/allpa.php,2026-08-23T06:45:58.414113+00:00
RTI Online,988,"ICMR-National Institute of Medical Statistics (NIMS), New Delhi",1,3845,2551,no,yes,https://rtionline.gov.in/request/allpa.php,2026-08-23T06:45:58.414113+00:00
RTI Online,989,"ICMR-National Institute of Nutrition (NIN), Hyderabad",1,3840,2551,no,yes,https://rtionline.gov.in/request/allpa.php,2026-08-23T06:45:58.414113+00:00
RTI Online,990,"ICMR-National Institute of Pathology (NIOP), New Delhi",1,3846,2551,no,yes,https://rtionline.gov.in/request/allpa.php,2026-08-23T06:45:58.414113+00:00
RTI Online,991,ICMR-National Institute of Research in Tribal Health,1,3798,2551,no,yes,https://rtionline.gov.in/request/allpa.php,2026-08-23T06:45:58.414113+00:00
RTI Online,992,"ICMR-National Institute of Traditional Medicine (NITM), Belagavi",1,3832,2551,no,yes,https://rtionline.gov.in/request/allpa.php,2026-08-23T06:45:58.414113+00:00
RTI Online,993,"ICMR-National Institute of Virology (NIV), Pune",1,3851,2551,no,yes,https://rtionline.gov.in/request/allpa.php,2026-08-23T06:45:58.414113+00:00
RTI Online,994,"ICMR-National JALMA Institute for Leprosy & Other Mycrobacterial Diseases (NJIL & OMD), Agra",1,3830,2551,no,yes,https://rtionline.gov.in/request/allpa.php,2026-08-23T06:45:58.414113+00:00
RTI Online,995,"ICMR-Rajendra Memorial Research Institute of Medical Sciences (RMRIMS), Patna",1,3847,2551,no,yes,https://rtionline.gov.in/request/allpa.php,2026-08-23T06:45:58.414113+00:00
RTI Online,996,"ICMR-Regional Medical Research Centre (RMRC), Bhubaneswar",1,3835,2551,no,yes,https://rtionline.gov.in/request/allpa.php,2026-08-23T06:45:58.414113+00:00
RTI Online,997,"ICMR-Regional Medical Research Centre (RMRC), Gorakhpur",1,3838,2551,no,yes,https://rtionline.gov.in/request/allpa.php,2026-08-23T06:45:58.414113+00:00
RTI Online,998,"ICMR-Regional Medical Research Centre (RMRC), N. E. Region, Dibrugarh",1,3837,2551,no,yes,https://rtionline.gov.in/request/allpa.php,2026-08-23T06:45:58.414113+00:00
RTI Online,999,"ICMR-Regional Medical Research Centre (RMRC), Port Blair",1,3848,2551,no,yes,https://rtionline.gov.in/request/allpa.php,2026-08-23T06:45:58.414113+00:00
RTI Online,1000,"ICMR-Vector Control Research Centre (VCRC), Puducherry",1,3849,2551,no,yes,https://rtionline.gov.in/request/allpa.php,2026-08-23T06:45:58.414113+00:00
RTI Online,1001,Department of Higher Education,0,61,59,yes,no,https://rtionline.gov.in/request/allpa.php,2026-08-23T06:45:58.414113+00:00
RTI Online,1002,Aligarh Muslim University,1,1624,61,no,yes,https://rtionline.gov.in/request/allpa.php,2026-08-23T06:45:58.414113+00:00
RTI Online,1003,All India Council for Technical Education (AICTE),1,1480,61,no,yes,https://rtionline.gov.in/request/allpa.php,2026-08-23T06:45:58.414113+00:00
RTI Online,1004,Assam University,1,1499,61,no,yes,https://rtionline.gov.in/request/allpa.php,2026-08-23T06:45:58.414113+00:00
RTI Online,1005,Association of Indian Universities (AIU),1,3255,61,no,yes,https://rtionline.gov.in/request/allpa.php,2026-08-23T06:45:58.414113+00:00
RTI Online,1006,Auroville Foundation,1,1172,61,no,yes,https://rtionline.gov.in/request/allpa.php,2026-08-23T06:45:58.414113+00:00
RTI Online,1007,Babasaheb Bhimrao Ambedkar University,1,1627,61,no,yes,https://rtionline.gov.in/request/allpa.php,2026-08-23T06:45:58.414113+00:00
RTI Online,1008,Banaras Hindu University,1,1496,61,no,yes,https://rtionline.gov.in/request/allpa.php,2026-08-23T06:45:58.414113+00:00
RTI Online,1009,Board of Apprenticeship Training (BOAT) (NR) Kanpur,1,1630,61,no,yes,https://rtionline.gov.in/request/allpa.php,2026-08-23T06:45:58.414113+00:00
RTI Online,1010,"Board of Apprenticeship Training, Chennai",1,1629,61,no,yes,https://rtionline.gov.in/request/allpa.php,2026-08-23T06:45:58.414113+00:00
RTI Online,1011,Board of Apprenticeship Training (W R) Mumbai,1,1631,61,no,yes,https://rtionline.gov.in/request/allpa.php,2026-08-23T06:45:58.414113+00:00
RTI Online,1012,Board of Practical Training Eastern Region Kolkata,1,1632,61,no,yes,https://rtionline.gov.in/request/allpa.php,2026-08-23T06:45:58.414113+00:00
RTI Online,1013,Central Hindi Directorate,1,1019,61,no,yes,https://rtionline.gov.in/request/allpa.php,2026-08-23T06:45:58.414113+00:00
RTI Online,1014,CENTRAL INSTITUTE OF CLASSICAL TAMIL (CICT),1,2303,61,no,yes,https://rtionline.gov.in/request/allpa.php,2026-08-23T06:45:58.414113+00:00
RTI Online,1015,Central Institute of Indian Languages (CIIL),1,1022,61,no,yes,https://rtionline.gov.in/request/allpa.php,2026-08-23T06:45:58.414113+00:00
RTI Online,1016,"Central Institute of Technology, Kokrajhar",1,3346,61,no,yes,https://rtionline.gov.in/request/allpa.php,2026-08-23T06:45:58.414113+00:00
RTI Online,1017,Central University of Gujarat,1,2297,61,no,yes,https://rtionline.gov.in/request/allpa.php,2026-08-23T06:45:58.414113+00:00
RTI Online,1018,CENTRAL UNIVERSITY OF HARYANA,1,2288,61,no,yes,https://rtionline.gov.in/request/allpa.php,2026-08-23T06:45:58.414113+00:00
RTI Online,1019,Central University of Himachal Pradesh,1,2319,61,no,yes,https://rtionline.gov.in/request/allpa.php,2026-08-23T06:45:58.414113+00:00
RTI Online,1020,Central University of Jammu,1,2320,61,no,yes,https://rtionline.gov.in/request/allpa.php,2026-08-23T06:45:58.414113+00:00
RTI Online,1021,Central University of Jharkhand,1,2317,61,no,yes,https://rtionline.gov.in/request/allpa.php,2026-08-23T06:45:58.414113+00:00
RTI Online,1022,CENTRAL UNIVERSITY OF KARNATAKA,1,2289,61,no,yes,https://rtionline.gov.in/request/allpa.php,2026-08-23T06:45:58.414113+00:00
RTI Online,1023,Central University of Kashmir,1,2330,61,no,yes,https://rtionline.gov.in/request/allpa.php,2026-08-23T06:45:58.414113+00:00
RTI Online,1024,Central University of Kerala,1,2296,61,no,yes,https://rtionline.gov.in/request/allpa.php,2026-08-23T06:45:58.414113+00:00
RTI Online,1025,Central University of Odisha,1,2321,61,no,yes,https://rtionline.gov.in/request/allpa.php,2026-08-23T06:45:58.414113+00:00
RTI Online,1026,Central University of Punjab,1,2322,61,no,yes,https://rtionline.gov.in/request/allpa.php,2026-08-23T06:45:58.414113+00:00
RTI Online,1027,Central University of Rajasthan,1,2323,61,no,yes,https://rtionline.gov.in/request/allpa.php,2026-08-23T06:45:58.414113+00:00
RTI Online,1028,CENTRAL UNIVERSITY OF SOUTH BIHAR,1,2284,61,no,yes,https://rtionline.gov.in/request/allpa.php,2026-08-23T06:45:58.414113+00:00
RTI Online,1029,Central University of Tamil Nadu,1,2299,61,no,yes,https://rtionline.gov.in/request/allpa.php,2026-08-23T06:45:58.414113+00:00
RTI Online,1030,Commission for Scientific and Technical Terminology (CSTT),1,1020,61,no,yes,https://rtionline.gov.in/request/allpa.php,2026-08-23T06:45:58.414113+00:00
RTI Online,1031,Consortium for Educational Communication (CEC),1,4391,61,no,yes,https://rtionline.gov.in/request/allpa.php,2026-08-23T06:45:58.414113+00:00
RTI Online,1032,Council of Architecture,1,2310,61,no,yes,https://rtionline.gov.in/request/allpa.php,2026-08-23T06:45:58.414113+00:00
RTI Online,1033,"Dr. B.R. Ambedkar National Institute of Technology, Jallandhar",1,1194,61,no,yes,https://rtionline.gov.in/request/allpa.php,2026-08-23T06:45:58.414113+00:00
RTI Online,1034,Dr. Harisingh Gour University,1,2312,61,no,yes,https://rtionline.gov.in/request/allpa.php,2026-08-23T06:45:58.414113+00:00
RTI Online,1035,EdCIL (India) Limited,1,843,61,no,yes,https://rtionline.gov.in/request/allpa.php,2026-08-23T06:45:58.414113+00:00
RTI Online,1036,"Gandhigram Rural Institute (Deemed to be university), Gandhigram",1,4365,61,no,yes,https://rtionline.gov.in/request/allpa.php,2026-08-23T06:45:58.414113+00:00
RTI Online,1037,Ghani Khan Choudhury Institute of Engineering and Technology (GKCIET),1,3411,61,no,yes,https://rtionline.gov.in/request/allpa.php,2026-08-23T06:45:58.414113+00:00
RTI Online,1038,"Guru Ghasidas Vishvidyalaya, Bilaspur",1,2309,61,no,yes,https://rtionline.gov.in/request/allpa.php,2026-08-23T06:45:58.414113+00:00
RTI Online,1039,Hemvati Nandan Bahuguna Garhwal University,1,2311,61,no,yes,https://rtionline.gov.in/request/allpa.php,2026-08-23T06:45:58.414113+00:00
RTI Online,1040,"IIIT, Nagpur",1,3988,61,no,yes,https://rtionline.gov.in/request/allpa.php,2026-08-23T06:45:58.414113+00:00
RTI Online,1041,IIIT Senapati,1,3882,61,no,yes,https://rtionline.gov.in/request/allpa.php,2026-08-23T06:45:58.414113+00:00
RTI Online,1042,IIIT Tiruchirappalli,1,4007,61,no,yes,https://rtionline.gov.in/request/allpa.php,2026-08-23T06:45:58.414113+00:00
RTI Online,1043,IIT-Banaras Hindu University(BHU),1,3190,61,no,yes,https://rtionline.gov.in/request/allpa.php,2026-08-23T06:45:58.414113+00:00
RTI Online,1044,Indian Council of Historical Research (ICHR),1,1830,61,no,yes,https://rtionline.gov.in/request/allpa.php,2026-08-23T06:45:58.414113+00:00
RTI Online,1045,"Indian Council of Philosophical Research (ICPR),",1,1974,61,no,yes,https://rtionline.gov.in/request/allpa.php,2026-08-23T06:45:58.414113+00:00
RTI Online,1046,Indian Council of Social Science Research (ICSSR),1,1154,61,no,yes,https://rtionline.gov.in/request/allpa.php,2026-08-23T06:45:58.414113+00:00
RTI Online,1047,Indian Institute of Advanced Study (IIAS),1,1980,61,no,yes,https://rtionline.gov.in/request/allpa.php,2026-08-23T06:45:58.414113+00:00
RTI Online,1048,"Indian Institute of Information Technology , Allahabad",1,1703,61,no,yes,https://rtionline.gov.in/request/allpa.php,2026-08-23T06:45:58.414113+00:00
RTI Online,1049,"Indian Institute of Information Technology and Management, Gwalior",1,1704,61,no,yes,https://rtionline.gov.in/request/allpa.php,2026-08-23T06:45:58.414113+00:00
RTI Online,1050,"Indian Institute of Information Technology, Bhagalpur",1,4026,61,no,yes,https://rtionline.gov.in/request/allpa.php,2026-08-23T06:45:58.414113+00:00
RTI Online,1051,Indian Institute of Information Technology Design and Manufacturing Kancheepuram,1,1984,61,no,yes,https://rtionline.gov.in/request/allpa.php,2026-08-23T06:45:58.414113+00:00
RTI Online,1052,Indian Institute of Information Technology (IIIT) Ranchi,1,3990,61,no,yes,https://rtionline.gov.in/request/allpa.php,2026-08-23T06:45:58.414113+00:00
RTI Online,1053,Indian Institute of Information Technology (IIIT) Una Saloh,1,3991,61,no,yes,https://rtionline.gov.in/request/allpa.php,2026-08-23T06:45:58.414113+00:00
RTI Online,1054,"Indian Institute of Information Technology, Kottayam",1,3992,61,no,yes,https://rtionline.gov.in/request/allpa.php,2026-08-23T06:45:58.414113+00:00
RTI Online,1055,"Indian Institute of Information Technology, Lucknow",1,3879,61,no,yes,https://rtionline.gov.in/request/allpa.php,2026-08-23T06:45:58.414113+00:00
RTI Online,1056,"Indian Institute of Information Technology, Pune",1,3993,61,no,yes,https://rtionline.gov.in/request/allpa.php,2026-08-23T06:45:58.414113+00:00
RTI Online,1057,Indian Institute of Information Technology Raichur,1,3994,61,no,yes,https://rtionline.gov.in/request/allpa.php,2026-08-23T06:45:58.414113+00:00
RTI Online,1058,"Indian Institute of Information Technology, Surat",1,3989,61,no,yes,https://rtionline.gov.in/request/allpa.php,2026-08-23T06:45:58.414113+00:00
RTI Online,1059,"Indian Institute of Information Technology, Vadodara",1,3945,61,no,yes,https://rtionline.gov.in/request/allpa.php,2026-08-23T06:45:58.414113+00:00
RTI Online,1060,"Indian Institute of Management (IIM), Ahmedabad",1,1009,61,no,yes,https://rtionline.gov.in/request/allpa.php,2026-08-23T06:45:58.414113+00:00
RTI Online,1061,"Indian Institute of Management (IIM), Amritsar",1,3168,61,no,yes,https://rtionline.gov.in/request/allpa.php,2026-08-23T06:45:58.414113+00:00
RTI Online,1062,"Indian Institute of Management (IIM), Bangalore",1,1714,61,no,yes,https://rtionline.gov.in/request/allpa.php,2026-08-23T06:45:58.414113+00:00
RTI Online,1063,"Indian Institute of Management (IIM), Bodhgaya",1,3167,61,no,yes,https://rtionline.gov.in/request/allpa.php,2026-08-23T06:45:58.414113+00:00
RTI Online,1064,"Indian Institute of Management (IIM), Indore",1,1075,61,no,yes,https://rtionline.gov.in/request/allpa.php,2026-08-23T06:45:58.414113+00:00
RTI Online,1065,"Indian Institute of Management (IIM), Jammu",1,3672,61,no,yes,https://rtionline.gov.in/request/allpa.php,2026-08-23T06:45:58.414113+00:00
RTI Online,1066,"Indian Institute of Management (IIM), Kashipur",1,2703,61,no,yes,https://rtionline.gov.in/request/allpa.php,2026-08-23T06:45:58.414113+00:00
RTI Online,1067,"Indian Institute of Management (IIM), Kolkata",1,1715,61,no,yes,https://rtionline.gov.in/request/allpa.php,2026-08-23T06:45:58.414113+00:00
RTI Online,1068,"Indian Institute of Management (IIM), Kozhikode",1,1010,61,no,yes,https://rtionline.gov.in/request/allpa.php,2026-08-23T06:45:58.414113+00:00
RTI Online,1069,"Indian Institute of Management (IIM), Lucknow",1,1074,61,no,yes,https://rtionline.gov.in/request/allpa.php,2026-08-23T06:45:58.414113+00:00
RTI Online,1070,"Indian Institute of Management (IIM), Mumbai",1,1716,61,no,yes,https://rtionline.gov.in/request/allpa.php,2026-08-23T06:45:58.414113+00:00
RTI Online,1071,"Indian Institute of Management (IIM), Nagpur",1,3165,61,no,yes,https://rtionline.gov.in/request/allpa.php,2026-08-23T06:45:58.414113+00:00
RTI Online,1072,"Indian Institute of Management (IIM), Raipur",1,2700,61,no,yes,https://rtionline.gov.in/request/allpa.php,2026-08-23T06:45:58.414113+00:00
RTI Online,1073,"Indian Institute of Management (IIM), Ranchi",1,2701,61,no,yes,https://rtionline.gov.in/request/allpa.php,2026-08-23T06:45:58.414113+00:00
RTI Online,1074,"Indian Institute of Management (IIM), Rohtak",1,2699,61,no,yes,https://rtionline.gov.in/request/allpa.php,2026-08-23T06:45:58.414113+00:00
RTI Online,1075,"Indian Institute of Management (IIM), Sambalpur",1,3169,61,no,yes,https://rtionline.gov.in/request/allpa.php,2026-08-23T06:45:58.414113+00:00
RTI Online,1076,"Indian Institute of Management (IIM), Sirmour",1,3170,61,no,yes,https://rtionline.gov.in/request/allpa.php,2026-08-23T06:45:58.414113+00:00
RTI Online,1077,"Indian Institute of Management (IIM), Tiruchirapalli",1,2702,61,no,yes,https://rtionline.gov.in/request/allpa.php,2026-08-23T06:45:58.414113+00:00
RTI Online,1078,"Indian Institute of Management (IIM), Udaipur",1,2704,61,no,yes,https://rtionline.gov.in/request/allpa.php,2026-08-23T06:45:58.414113+00:00
RTI Online,1079,"Indian Institute of Management (IIM), Vishakhapatnam",1,3166,61,no,yes,https://rtionline.gov.in/request/allpa.php,2026-08-23T06:45:58.414113+00:00
RTI Online,1080,"Indian Institute of Management, Shillong",1,1981,61,no,yes,https://rtionline.gov.in/request/allpa.php,2026-08-23T06:45:58.414113+00:00
RTI Online,1081,"Indian Institute of Science, Bangalore",1,1709,61,no,yes,https://rtionline.gov.in/request/allpa.php,2026-08-23T06:45:58.414113+00:00
RTI Online,1082,"Indian Institute of Science Education and Research (IISER), Berhampur",1,3643,61,no,yes,https://rtionline.gov.in/request/allpa.php,2026-08-23T06:45:58.414113+00:00
RTI Online,1083,"Indian Institute of Science Education and Research (IISER), Bhopal",1,2301,61,no,yes,https://rtionline.gov.in/request/allpa.php,2026-08-23T06:45:58.414113+00:00
RTI Online,1084,"Indian Institute of Science Education and Research (IISER), Kolkata",1,1706,61,no,yes,https://rtionline.gov.in/request/allpa.php,2026-08-23T06:45:58.414113+00:00
RTI Online,1085,"Indian Institute of Science Education and Research (IISER), Mohali",1,2119,61,no,yes,https://rtionline.gov.in/request/allpa.php,2026-08-23T06:45:58.414113+00:00
RTI Online,1086,"Indian Institute of Science Education and Research (IISER), Pune",1,1708,61,no,yes,https://rtionline.gov.in/request/allpa.php,2026-08-23T06:45:58.414113+00:00
RTI Online,1087,"Indian Institute of Science Education and Research (IISER), Thiruvananthapuram",1,2316,61,no,yes,https://rtionline.gov.in/request/allpa.php,2026-08-23T06:45:58.414113+00:00
RTI Online,1088,"Indian Institute of Science Education and Research (IISER),Tirupati",1,3171,61,no,yes,https://rtionline.gov.in/request/allpa.php,2026-08-23T06:45:58.414113+00:00
RTI Online,1089,"Indian Institute of Science, Engineering & Technology, Shibpur",1,2860,61,no,yes,https://rtionline.gov.in/request/allpa.php,2026-08-23T06:45:58.414113+00:00
RTI Online,1090,"Indian Institute of Technology, Delhi",1,1698,61,no,yes,https://rtionline.gov.in/request/allpa.php,2026-08-23T06:45:58.414113+00:00
RTI Online,1091,"Indian Institute of Technology, Dharwad",1,3790,61,no,yes,https://rtionline.gov.in/request/allpa.php,2026-08-23T06:45:58.414113+00:00
RTI Online,1092,"Indian Institute of Technology, Goa",1,3712,61,no,yes,https://rtionline.gov.in/request/allpa.php,2026-08-23T06:45:58.414113+00:00
RTI Online,1093,"Indian Institute of Technology, Guwahati",1,1701,61,no,yes,https://rtionline.gov.in/request/allpa.php,2026-08-23T06:45:58.414113+00:00
RTI Online,1094,"Indian Institute of Technology (IIT), Bhilai",1,3689,61,no,yes,https://rtionline.gov.in/request/allpa.php,2026-08-23T06:45:58.414113+00:00
RTI Online,1095,"Indian Institute of Technology (IIT), Bhubaneshwar",1,2313,61,no,yes,https://rtionline.gov.in/request/allpa.php,2026-08-23T06:45:58.414113+00:00
RTI Online,1096,"Indian Institute of Technology (IIT), Gandhinagar",1,2298,61,no,yes,https://rtionline.gov.in/request/allpa.php,2026-08-23T06:45:58.414113+00:00
RTI Online,1097,"Indian Institute of Technology (IIT), Hyderabad",1,2305,61,no,yes,https://rtionline.gov.in/request/allpa.php,2026-08-23T06:45:58.414113+00:00
RTI Online,1098,"Indian Institute of Technology (IIT), Indore",1,2315,61,no,yes,https://rtionline.gov.in/request/allpa.php,2026-08-23T06:45:58.414113+00:00
RTI Online,1099,"Indian Institute of Technology (IIT), Mandi",1,2314,61,no,yes,https://rtionline.gov.in/request/allpa.php,2026-08-23T06:45:58.414113+00:00
RTI Online,1100,Indian Institute of Technology (IIT) Patna,1,2233,61,no,yes,https://rtionline.gov.in/request/allpa.php,2026-08-23T06:45:58.414113+00:00
RTI Online,1101,"Indian Institute of Technology (IIT), ROORKEE",1,2004,61,no,yes,https://rtionline.gov.in/request/allpa.php,2026-08-23T06:45:58.414113+00:00
RTI Online,1102,"Indian Institute of Technology (IIT), Ropar",1,2307,61,no,yes,https://rtionline.gov.in/request/allpa.php,2026-08-23T06:45:58.414113+00:00
RTI Online,1103,"Indian Institute of Technology (IIT), Tirupati",1,3648,61,no,yes,https://rtionline.gov.in/request/allpa.php,2026-08-23T06:45:58.414113+00:00
RTI Online,1104,"Indian Institute of Technology (Indian School of Mines), Dhanbad",1,1710,61,no,yes,https://rtionline.gov.in/request/allpa.php,2026-08-23T06:45:58.414113+00:00
RTI Online,1105,"Indian Institute of Technology, Jammu",1,3717,61,no,yes,https://rtionline.gov.in/request/allpa.php,2026-08-23T06:45:58.414113+00:00
RTI Online,1106,"Indian Institute of Technology, Jodhpur",1,2300,61,no,yes,https://rtionline.gov.in/request/allpa.php,2026-08-23T06:45:58.414113+00:00
RTI Online,1107,"Indian Institute of Technology, Kanpur",1,1699,61,no,yes,https://rtionline.gov.in/request/allpa.php,2026-08-23T06:45:58.414113+00:00
RTI Online,1108,"Indian Institute of Technology, Kharagpur",1,2003,61,no,yes,https://rtionline.gov.in/request/allpa.php,2026-08-23T06:45:58.414113+00:00
RTI Online,1109,"Indian Institute of Technology , Madras",1,1700,61,no,yes,https://rtionline.gov.in/request/allpa.php,2026-08-23T06:45:58.414113+00:00
RTI Online,1110,"Indian Institute of Technology , Mumbai",1,1702,61,no,yes,https://rtionline.gov.in/request/allpa.php,2026-08-23T06:45:58.414113+00:00
RTI Online,1111,"Indian Institute of Technology, Palakkad",1,3789,61,no,yes,https://rtionline.gov.in/request/allpa.php,2026-08-23T06:45:58.414113+00:00
RTI Online,1112,Indira Gandhi National Open University (IGNOU),1,923,61,no,yes,https://rtionline.gov.in/request/allpa.php,2026-08-23T06:45:58.414113+00:00
RTI Online,1113,Information and Library Network Centre (INFLIBNET),1,4390,61,no,yes,https://rtionline.gov.in/request/allpa.php,2026-08-23T06:45:58.414113+00:00
RTI Online,1114,Inter-University Accelerator Centre (IUAC),1,4397,61,no,yes,https://rtionline.gov.in/request/allpa.php,2026-08-23T06:45:58.414113+00:00
RTI Online,1115,Inter-University Centre for Astronomy & Astrophysics (IUCAA),1,4393,61,no,yes,https://rtionline.gov.in/request/allpa.php,2026-08-23T06:45:58.414113+00:00
RTI Online,1116,"Inter-University Centre for Teacher Education (IUCTE), Banaras Hindu University, Varanasi",1,4392,61,no,yes,https://rtionline.gov.in/request/allpa.php,2026-08-23T06:45:58.414113+00:00
RTI Online,1117,Inter-University Centre for Yogic Sciences (IUCYS),1,4396,61,no,yes,https://rtionline.gov.in/request/allpa.php,2026-08-23T06:45:58.414113+00:00
RTI Online,1118,JAMIA MILLIA ISLAMIA,1,1478,61,no,yes,https://rtionline.gov.in/request/allpa.php,2026-08-23T06:45:58.414113+00:00
RTI Online,1119,"Jawaharlal Nehru University, New Delhi",1,1140,61,no,yes,https://rtionline.gov.in/request/allpa.php,2026-08-23T06:45:58.414113+00:00
RTI Online,1120,"Kendriya Hindi Sansthan, Agra",1,1103,61,no,yes,https://rtionline.gov.in/request/allpa.php,2026-08-23T06:45:58.414113+00:00
RTI Online,1121,Maharshi Sandeepani Rashtriya Veda Vidya Pratishthan,1,1648,61,no,yes,https://rtionline.gov.in/request/allpa.php,2026-08-23T06:45:58.414113+00:00
RTI Online,1122,Maharshi Sandeepani Rashtriya Ved Vidya Pratishthan,1,924,61,no,yes,https://rtionline.gov.in/request/allpa.php,2026-08-23T06:45:58.414113+00:00
RTI Online,1123,Mahatma Gandhi Antarrashtriya Hindi Vishwavidyalaya,1,1625,61,no,yes,https://rtionline.gov.in/request/allpa.php,2026-08-23T06:45:58.414113+00:00
RTI Online,1124,"Mahatma Gandhi Central Univesity - Bihar, Motihari",1,3184,61,no,yes,https://rtionline.gov.in/request/allpa.php,2026-08-23T06:45:58.414113+00:00
RTI Online,1125,"Malavya National Institute of Technology, Jaipur",1,1193,61,no,yes,https://rtionline.gov.in/request/allpa.php,2026-08-23T06:45:58.414113+00:00
RTI Online,1126,Manipur University,1,1479,61,no,yes,https://rtionline.gov.in/request/allpa.php,2026-08-23T06:45:58.414113+00:00
RTI Online,1127,"Maulana Azad National Institute of Technology, Bhopal",1,1189,61,no,yes,https://rtionline.gov.in/request/allpa.php,2026-08-23T06:45:58.414113+00:00
RTI Online,1128,Maulana Azad National Urdu University (MANUU),1,1171,61,no,yes,https://rtionline.gov.in/request/allpa.php,2026-08-23T06:45:58.414113+00:00
RTI Online,1129,Mizoram University,1,1498,61,no,yes,https://rtionline.gov.in/request/allpa.php,2026-08-23T06:45:58.414113+00:00
RTI Online,1130,Motilal Nehru National Institute of Technology Allahabad,1,1188,61,no,yes,https://rtionline.gov.in/request/allpa.php,2026-08-23T06:45:58.414113+00:00
RTI Online,1131,Nagaland University,1,1500,61,no,yes,https://rtionline.gov.in/request/allpa.php,2026-08-23T06:45:58.414113+00:00
RTI Online,1132,National Assessment and Accreditation Council (NAAC),1,4395,61,no,yes,https://rtionline.gov.in/request/allpa.php,2026-08-23T06:45:58.414113+00:00
RTI Online,1133,National Book Trust,1,2067,61,no,yes,https://rtionline.gov.in/request/allpa.php,2026-08-23T06:45:58.414113+00:00
RTI Online,1134,National Commission for Minority Educational Institutions,1,1626,61,no,yes,https://rtionline.gov.in/request/allpa.php,2026-08-23T06:45:58.414113+00:00
RTI Online,1135,"National Council for Promotion of Sindhi Language,",1,1024,61,no,yes,https://rtionline.gov.in/request/allpa.php,2026-08-23T06:45:58.414113+00:00
RTI Online,1136,National Council for Promotion of Urdu Language (NCPUL),1,1023,61,no,yes,https://rtionline.gov.in/request/allpa.php,2026-08-23T06:45:58.414113+00:00
RTI Online,1137,"National Council of RuralL Institutes (NCRI), Hyderabad",1,1174,61,no,yes,https://rtionline.gov.in/request/allpa.php,2026-08-23T06:45:58.414113+00:00
RTI Online,1138,"National Institute of Advanced Manufacturing Technology (NIAMT), Ranchi",1,2177,61,no,yes,https://rtionline.gov.in/request/allpa.php,2026-08-23T06:45:58.414113+00:00
RTI Online,1139,"National Institute of Technical Teachers' Training and Research, Bhopal",1,1707,61,no,yes,https://rtionline.gov.in/request/allpa.php,2026-08-23T06:45:58.414113+00:00
RTI Online,1140,"National Institute of Technical Teachers' Training and Research, Chandigarh",1,1711,61,no,yes,https://rtionline.gov.in/request/allpa.php,2026-08-23T06:45:58.414113+00:00
RTI Online,1141,"National Institute of Technical Teachers Training and Research, Chennai",1,4033,61,no,yes,https://rtionline.gov.in/request/allpa.php,2026-08-23T06:45:58.414113+00:00
RTI Online,1142,"National Institute of Technology, Agartala",1,2113,61,no,yes,https://rtionline.gov.in/request/allpa.php,2026-08-23T06:45:58.414113+00:00
RTI Online,1143,"National Institute of Technology, Andhra Pradesh",1,3690,61,no,yes,https://rtionline.gov.in/request/allpa.php,2026-08-23T06:45:58.414113+00:00
RTI Online,1144,"National Institute of Technology, Arunachal Pradesh",1,2706,61,no,yes,https://rtionline.gov.in/request/allpa.php,2026-08-23T06:45:58.414113+00:00
RTI Online,1145,"National Institute of Technology, Calicut",1,1190,61,no,yes,https://rtionline.gov.in/request/allpa.php,2026-08-23T06:45:58.414113+00:00
RTI Online,1146,"National Institute of Technology, Delhi",1,2713,61,no,yes,https://rtionline.gov.in/request/allpa.php,2026-08-23T06:45:58.414113+00:00
RTI Online,1147,"National Institute of Technology, Durgapur",1,1191,61,no,yes,https://rtionline.gov.in/request/allpa.php,2026-08-23T06:45:58.414113+00:00
RTI Online,1148,"National Institute of Technology, Goa",1,2712,61,no,yes,https://rtionline.gov.in/request/allpa.php,2026-08-23T06:45:58.414113+00:00
RTI Online,1149,"National Institute of Technology, Hamirpur",1,1192,61,no,yes,https://rtionline.gov.in/request/allpa.php,2026-08-23T06:45:58.414113+00:00
RTI Online,1150,"National Institute of Technology, Jamshedpur",1,1195,61,no,yes,https://rtionline.gov.in/request/allpa.php,2026-08-23T06:45:58.414113+00:00
RTI Online,1151,"National Institute of Technology, Kurukshetra",1,1196,61,no,yes,https://rtionline.gov.in/request/allpa.php,2026-08-23T06:45:58.414113+00:00
RTI Online,1152,"National Institute of Technology, Manipur",1,2709,61,no,yes,https://rtionline.gov.in/request/allpa.php,2026-08-23T06:45:58.414113+00:00
RTI Online,1153,"National Institute of Technology, Meghalaya",1,2708,61,no,yes,https://rtionline.gov.in/request/allpa.php,2026-08-23T06:45:58.414113+00:00
RTI Online,1154,"National Institute of Technology, Mizoram",1,2710,61,no,yes,https://rtionline.gov.in/request/allpa.php,2026-08-23T06:45:58.414113+00:00
RTI Online,1155,"National Institute of Technology, Nagaland",1,2707,61,no,yes,https://rtionline.gov.in/request/allpa.php,2026-08-23T06:45:58.414113+00:00
RTI Online,1156,"National Institute of Technology, Patna",1,1198,61,no,yes,https://rtionline.gov.in/request/allpa.php,2026-08-23T06:45:58.414113+00:00
RTI Online,1157,"National Institute of Technology, Puducherry",1,2714,61,no,yes,https://rtionline.gov.in/request/allpa.php,2026-08-23T06:45:58.414113+00:00
RTI Online,1158,"National Institute of Technology, Raipur",1,1199,61,no,yes,https://rtionline.gov.in/request/allpa.php,2026-08-23T06:45:58.414113+00:00
RTI Online,1159,"National Institute of Technology, Rourkela",1,1200,61,no,yes,https://rtionline.gov.in/request/allpa.php,2026-08-23T06:45:58.414113+00:00
RTI Online,1160,"National Institute of Technology, Sikkim",1,2705,61,no,yes,https://rtionline.gov.in/request/allpa.php,2026-08-23T06:45:58.414113+00:00
RTI Online,1161,"National Institute of Technology, Silchar",1,1201,61,no,yes,https://rtionline.gov.in/request/allpa.php,2026-08-23T06:45:58.414113+00:00
RTI Online,1162,"National Institute of Technology, Srinagar",1,1202,61,no,yes,https://rtionline.gov.in/request/allpa.php,2026-08-23T06:45:58.414113+00:00
RTI Online,1163,"National Institute of Technology, Surthkal",1,1204,61,no,yes,https://rtionline.gov.in/request/allpa.php,2026-08-23T06:45:58.414113+00:00
RTI Online,1164,"National Institute of Technology, Tiruchirappalli",1,2115,61,no,yes,https://rtionline.gov.in/request/allpa.php,2026-08-23T06:45:58.414113+00:00
RTI Online,1165,"National Institute of Technology, Uttarakhand",1,2711,61,no,yes,https://rtionline.gov.in/request/allpa.php,2026-08-23T06:45:58.414113+00:00
RTI Online,1166,"National Institute of Technology, Warangal",1,2114,61,no,yes,https://rtionline.gov.in/request/allpa.php,2026-08-23T06:45:58.414113+00:00
RTI Online,1167,National Project Implementation Unit (NPIU),1,3704,61,no,yes,https://rtionline.gov.in/request/allpa.php,2026-08-23T06:45:58.414113+00:00
RTI Online,1168,National Testing Agency,1,3701,61,no,yes,https://rtionline.gov.in/request/allpa.php,2026-08-23T06:45:58.414113+00:00
RTI Online,1169,National University of Educational Planning and Administration (NUEPA),1,1187,61,no,yes,https://rtionline.gov.in/request/allpa.php,2026-08-23T06:45:58.414113+00:00
RTI Online,1170,North Eastern Hill University,1,1149,61,no,yes,https://rtionline.gov.in/request/allpa.php,2026-08-23T06:45:58.414113+00:00
RTI Online,1171,North Eastern Regional Institute of Science and Technology (NERIST),1,1628,61,no,yes,https://rtionline.gov.in/request/allpa.php,2026-08-23T06:45:58.414113+00:00
RTI Online,1172,PDPM Indian Institute of Information Technology Design and Manufacturing Jabalpur,1,1705,61,no,yes,https://rtionline.gov.in/request/allpa.php,2026-08-23T06:45:58.414113+00:00
RTI Online,1173,Pondicherry University,1,1173,61,no,yes,https://rtionline.gov.in/request/allpa.php,2026-08-23T06:45:58.414113+00:00
RTI Online,1174,Rajiv Gandhi University,1,1531,61,no,yes,https://rtionline.gov.in/request/allpa.php,2026-08-23T06:45:58.414113+00:00
RTI Online,1175,Rashtriya Sanskrit Sansthan,1,1025,61,no,yes,https://rtionline.gov.in/request/allpa.php,2026-08-23T06:45:58.414113+00:00
RTI Online,1176,"Rashtriya Sanskrit University, Tirupati",1,1831,61,no,yes,https://rtionline.gov.in/request/allpa.php,2026-08-23T06:45:58.414113+00:00
RTI Online,1177,Sant Longowal Institute of Engineering & Technology (SLIET),1,1646,61,no,yes,https://rtionline.gov.in/request/allpa.php,2026-08-23T06:45:58.414113+00:00
RTI Online,1178,"School of Open Learning, University of Delhi",1,3277,61,no,yes,https://rtionline.gov.in/request/allpa.php,2026-08-23T06:45:58.414113+00:00
RTI Online,1179,School of Planning and Architecture,1,2176,61,no,yes,https://rtionline.gov.in/request/allpa.php,2026-08-23T06:45:58.414113+00:00
RTI Online,1180,"School of Planning and Architecture (SPA), Bhopal",1,2178,61,no,yes,https://rtionline.gov.in/request/allpa.php,2026-08-23T06:45:58.414113+00:00
RTI Online,1181,"School of Planning and Architecture (SPA), VIjayawada",1,2179,61,no,yes,https://rtionline.gov.in/request/allpa.php,2026-08-23T06:45:58.414113+00:00
RTI Online,1182,Shri Lal Bahadur Shastri National Sanskrit University (Central University),1,1832,61,no,yes,https://rtionline.gov.in/request/allpa.php,2026-08-23T06:45:58.414113+00:00
RTI Online,1183,Sikkim University,1,2118,61,no,yes,https://rtionline.gov.in/request/allpa.php,2026-08-23T06:45:58.414113+00:00
RTI Online,1184,"S.V. National Institute of Technology, Surat",1,1203,61,no,yes,https://rtionline.gov.in/request/allpa.php,2026-08-23T06:45:58.414113+00:00
RTI Online,1185,Tata Institute of Social Sciences (TISS),1,3767,61,no,yes,https://rtionline.gov.in/request/allpa.php,2026-08-23T06:45:58.414113+00:00
RTI Online,1186,Tezpur University,1,1497,61,no,yes,https://rtionline.gov.in/request/allpa.php,2026-08-23T06:45:58.414113+00:00
RTI Online,1187,The English and Foreign Languages University,1,1983,61,no,yes,https://rtionline.gov.in/request/allpa.php,2026-08-23T06:45:58.414113+00:00
RTI Online,1188,The Indira Gandhi National Tribal University,1,2308,61,no,yes,https://rtionline.gov.in/request/allpa.php,2026-08-23T06:45:58.414113+00:00
RTI Online,1189,Tripura University,1,1982,61,no,yes,https://rtionline.gov.in/request/allpa.php,2026-08-23T06:45:58.414113+00:00
RTI Online,1190,"UGC-DAE Consortium for Scientific Research, Indore",1,4394,61,no,yes,https://rtionline.gov.in/request/allpa.php,2026-08-23T06:45:58.414113+00:00
RTI Online,1191,University Grants Commission (UGC),1,2295,61,no,yes,https://rtionline.gov.in/request/allpa.php,2026-08-23T06:45:58.414113+00:00
RTI Online,1192,University of Allahabad,1,1170,61,no,yes,https://rtionline.gov.in/request/allpa.php,2026-08-23T06:45:58.414113+00:00
RTI Online,1193,University of Delhi,1,1146,61,no,yes,https://rtionline.gov.in/request/allpa.php,2026-08-23T06:45:58.414113+00:00
RTI Online,1194,University of Hyderabad,1,1530,61,no,yes,https://rtionline.gov.in/request/allpa.php,2026-08-23T06:45:58.414113+00:00
RTI Online,1195,Visva-Bharati,1,1134,61,no,yes,https://rtionline.gov.in/request/allpa.php,2026-08-23T06:45:58.414113+00:00
RTI Online,1196,"Visvesvaraya National Institute of Technology, Nagpur",1,1197,61,no,yes,https://rtionline.gov.in/request/allpa.php,2026-08-23T06:45:58.414113+00:00
RTI Online,1197,Department of Industrial Policy & Promotion,0,25,22,yes,no,https://rtionline.gov.in/request/allpa.php,2026-08-23T06:45:58.414113+00:00
RTI Online,1198,Central Manufacturing Technology Institute,1,727,25,no,yes,https://rtionline.gov.in/request/allpa.php,2026-08-23T06:45:58.414113+00:00
RTI Online,1199,Central Pulp & Paper Research Iinstitute,1,777,25,no,yes,https://rtionline.gov.in/request/allpa.php,2026-08-23T06:45:58.414113+00:00
RTI Online,1200,Indian Rubber Manufacturers Research Association,1,849,25,no,yes,https://rtionline.gov.in/request/allpa.php,2026-08-23T06:45:58.414113+00:00
RTI Online,1201,National Council for Cement and Building Materials,1,781,25,no,yes,https://rtionline.gov.in/request/allpa.php,2026-08-23T06:45:58.414113+00:00
RTI Online,1202,"National Institute of Design (NID), Ahmedabad",1,769,25,no,yes,https://rtionline.gov.in/request/allpa.php,2026-08-23T06:45:58.414113+00:00
RTI Online,1203,"National Institute of Design(NID), Andhra Pradesh",1,3764,25,no,yes,https://rtionline.gov.in/request/allpa.php,2026-08-23T06:45:58.414113+00:00
RTI Online,1204,"National Institute of Design(NID), Assam",1,3762,25,no,yes,https://rtionline.gov.in/request/allpa.php,2026-08-23T06:45:58.414113+00:00
RTI Online,1205,"National Institute of Design(NID), Haryana",1,3765,25,no,yes,https://rtionline.gov.in/request/allpa.php,2026-08-23T06:45:58.414113+00:00
RTI Online,1206,"National Institute of Design(NID), Madhya Pradesh",1,3763,25,no,yes,https://rtionline.gov.in/request/allpa.php,2026-08-23T06:45:58.414113+00:00
RTI Online,1207,National Productivity Council,1,841,25,no,yes,https://rtionline.gov.in/request/allpa.php,2026-08-23T06:45:58.414113+00:00
RTI Online,1208,"Office of the Controller General of Patents, Designs & Trade Marks",1,850,25,no,yes,https://rtionline.gov.in/request/allpa.php,2026-08-23T06:45:58.414113+00:00
RTI Online,1209,Office of the Economic Adviser,1,842,25,no,yes,https://rtionline.gov.in/request/allpa.php,2026-08-23T06:45:58.414113+00:00
RTI Online,1210,Office of the Salt Commissioner,1,848,25,no,yes,https://rtionline.gov.in/request/allpa.php,2026-08-23T06:45:58.414113+00:00
RTI Online,1211,Petroleum and Explosives Safety Organisation,1,851,25,no,yes,https://rtionline.gov.in/request/allpa.php,2026-08-23T06:45:58.414113+00:00
RTI Online,1212,Quality Council of India,1,1608,25,no,yes,https://rtionline.gov.in/request/allpa.php,2026-08-23T06:45:58.414113+00:00
RTI Online,1213,Tariff Commission,1,804,25,no,yes,https://rtionline.gov.in/request/allpa.php,2026-08-23T06:45:58.414113+00:00
RTI Online,1214,Department of Investment and Public Asset Management,0,37,41,no,yes,https://rtionline.gov.in/request/allpa.php,2026-08-23T06:45:58.414113+00:00
RTI Online,1215,Department of Justice,0,68,65,no,yes,https://rtionline.gov.in/request/allpa.php,2026-08-23T06:45:58.414113+00:00
RTI Online,1216,Department of Land Resources,0,85,83,no,yes,https://rtionline.gov.in/request/allpa.php,2026-08-23T06:45:58.414113+00:00
RTI Online,1217,Department of Legal Affairs,0,66,65,yes,no,https://rtionline.gov.in/request/allpa.php,2026-08-23T06:45:58.414113+00:00
RTI Online,1218,Appellate Tribunal for Foreign Exchange,1,3366,66,no,yes,https://rtionline.gov.in/request/allpa.php,2026-08-23T06:45:58.414113+00:00
RTI Online,1219,Bar Council of India,1,3594,66,no,yes,https://rtionline.gov.in/request/allpa.php,2026-08-23T06:45:58.414113+00:00
RTI Online,1220,Branch Sectt. Bangalore,1,1829,66,no,yes,https://rtionline.gov.in/request/allpa.php,2026-08-23T06:45:58.414113+00:00
RTI Online,1221,Branch Sectt. Chennai,1,1828,66,no,yes,https://rtionline.gov.in/request/allpa.php,2026-08-23T06:45:58.414113+00:00
RTI Online,1222,Branch Sectt. Kolkata,1,1827,66,no,yes,https://rtionline.gov.in/request/allpa.php,2026-08-23T06:45:58.414113+00:00
RTI Online,1223,Branch Sectt. Mumbai,1,1842,66,no,yes,https://rtionline.gov.in/request/allpa.php,2026-08-23T06:45:58.414113+00:00
RTI Online,1224,Branch Sectt. Mumbai,1,1826,66,no,yes,https://rtionline.gov.in/request/allpa.php,2026-08-23T06:45:58.414113+00:00
RTI Online,1225,"Central Agency Section,",1,1824,66,no,yes,https://rtionline.gov.in/request/allpa.php,2026-08-23T06:45:58.414113+00:00
RTI Online,1226,"Income Tax Appellate Tribunal, Agra",1,3953,66,no,yes,https://rtionline.gov.in/request/allpa.php,2026-08-23T06:45:58.414113+00:00
RTI Online,1227,"Income Tax Appellate Tribunal, Ahmedabad",1,3965,66,no,yes,https://rtionline.gov.in/request/allpa.php,2026-08-23T06:45:58.414113+00:00
RTI Online,1228,"Income Tax Appellate Tribunal, Allahabad",1,3955,66,no,yes,https://rtionline.gov.in/request/allpa.php,2026-08-23T06:45:58.414113+00:00
RTI Online,1229,"Income Tax Appellate Tribunal, Amritsar",1,3972,66,no,yes,https://rtionline.gov.in/request/allpa.php,2026-08-23T06:45:58.414113+00:00
RTI Online,1230,"Income Tax Appellate Tribunal, Bangalore",1,3963,66,no,yes,https://rtionline.gov.in/request/allpa.php,2026-08-23T06:45:58.414113+00:00
RTI Online,1231,"Income Tax Appellate Tribunal, Chandigarh",1,3971,66,no,yes,https://rtionline.gov.in/request/allpa.php,2026-08-23T06:45:58.414113+00:00
RTI Online,1232,"Income Tax Appellate Tribunal, Chennai",1,3962,66,no,yes,https://rtionline.gov.in/request/allpa.php,2026-08-23T06:45:58.414113+00:00
RTI Online,1233,"Income Tax Appellate Tribunal, Cochin",1,3964,66,no,yes,https://rtionline.gov.in/request/allpa.php,2026-08-23T06:45:58.414113+00:00
RTI Online,1234,"Income Tax Appellate Tribunal, Cuttack",1,3959,66,no,yes,https://rtionline.gov.in/request/allpa.php,2026-08-23T06:45:58.414113+00:00
RTI Online,1235,"Income Tax Appellate Tribunal, Delhi",1,3952,66,no,yes,https://rtionline.gov.in/request/allpa.php,2026-08-23T06:45:58.414113+00:00
RTI Online,1236,"Income Tax Appellate Tribunal, Guwahati",1,3960,66,no,yes,https://rtionline.gov.in/request/allpa.php,2026-08-23T06:45:58.414113+00:00
RTI Online,1237,"Income Tax Appellate Tribunal, Hyderabad",1,3969,66,no,yes,https://rtionline.gov.in/request/allpa.php,2026-08-23T06:45:58.414113+00:00
RTI Online,1238,"Income Tax Appellate Tribunal, Indore",1,3966,66,no,yes,https://rtionline.gov.in/request/allpa.php,2026-08-23T06:45:58.414113+00:00
RTI Online,1239,"Income Tax Appellate Tribunal, Jabalpur",1,3956,66,no,yes,https://rtionline.gov.in/request/allpa.php,2026-08-23T06:45:58.414113+00:00
RTI Online,1240,"Income Tax Appellate Tribunal, Jaipur",1,3973,66,no,yes,https://rtionline.gov.in/request/allpa.php,2026-08-23T06:45:58.414113+00:00
RTI Online,1241,"Income Tax Appellate Tribunal, Jodhpur",1,3974,66,no,yes,https://rtionline.gov.in/request/allpa.php,2026-08-23T06:45:58.414113+00:00
RTI Online,1242,"Income Tax Appellate Tribunal, Kolkata",1,3957,66,no,yes,https://rtionline.gov.in/request/allpa.php,2026-08-23T06:45:58.414113+00:00
RTI Online,1243,"Income Tax Appellate Tribunal, Lucknow",1,3954,66,no,yes,https://rtionline.gov.in/request/allpa.php,2026-08-23T06:45:58.414113+00:00
RTI Online,1244,"Income Tax Appellate Tribunal, Mumbai",1,3947,66,no,yes,https://rtionline.gov.in/request/allpa.php,2026-08-23T06:45:58.414113+00:00
RTI Online,1245,"Income Tax Appellate Tribunal, Nagpur",1,3949,66,no,yes,https://rtionline.gov.in/request/allpa.php,2026-08-23T06:45:58.414113+00:00
RTI Online,1246,"Income Tax Appellate Tribunal, Panaji",1,3950,66,no,yes,https://rtionline.gov.in/request/allpa.php,2026-08-23T06:45:58.414113+00:00
RTI Online,1247,"Income Tax Appellate Tribunal, Patna",1,3958,66,no,yes,https://rtionline.gov.in/request/allpa.php,2026-08-23T06:45:58.414113+00:00
RTI Online,1248,"Income Tax Appellate Tribunal, Pune",1,3948,66,no,yes,https://rtionline.gov.in/request/allpa.php,2026-08-23T06:45:58.414113+00:00
RTI Online,1249,"Income Tax Appellate Tribunal, Raipur",1,3951,66,no,yes,https://rtionline.gov.in/request/allpa.php,2026-08-23T06:45:58.414113+00:00
RTI Online,1250,"Income Tax Appellate Tribunal, Rajkot",1,3967,66,no,yes,https://rtionline.gov.in/request/allpa.php,2026-08-23T06:45:58.414113+00:00
RTI Online,1251,"Income Tax Appellate Tribunal, Ranchi",1,3961,66,no,yes,https://rtionline.gov.in/request/allpa.php,2026-08-23T06:45:58.414113+00:00
RTI Online,1252,"Income Tax Appellate Tribunal, Surat",1,3968,66,no,yes,https://rtionline.gov.in/request/allpa.php,2026-08-23T06:45:58.414113+00:00
RTI Online,1253,"Income Tax Appellate Tribunal, Visakhapatnam",1,3970,66,no,yes,https://rtionline.gov.in/request/allpa.php,2026-08-23T06:45:58.414113+00:00
RTI Online,1254,Law Commission of India,1,3367,66,no,yes,https://rtionline.gov.in/request/allpa.php,2026-08-23T06:45:58.414113+00:00
RTI Online,1255,NATIONAL LEGAL SERVICES AUTHORITY,1,2718,66,no,yes,https://rtionline.gov.in/request/allpa.php,2026-08-23T06:45:58.414113+00:00
RTI Online,1256,The International Centre for Alternative Dispute Resolution,1,2894,66,no,yes,https://rtionline.gov.in/request/allpa.php,2026-08-23T06:45:58.414113+00:00
RTI Online,1257,Department of Military Affairs,0,3775,33,yes,no,https://rtionline.gov.in/request/allpa.php,2026-08-23T06:45:58.414113+00:00
RTI Online,1258,Indian Air Force,1,684,3775,no,yes,https://rtionline.gov.in/request/allpa.php,2026-08-23T06:45:58.414113+00:00
RTI Online,1259,Indian Army,1,682,3775,no,yes,https://rtionline.gov.in/request/allpa.php,2026-08-23T06:45:58.414113+00:00
RTI Online,1260,Indian Navy,1,683,3775,no,yes,https://rtionline.gov.in/request/allpa.php,2026-08-23T06:45:58.414113+00:00
RTI Online,1261,Department of Pensions & Pensioners Welfare,0,77,74,yes,no,https://rtionline.gov.in/request/allpa.php,2026-08-23T06:45:58.414113+00:00
RTI Online,1262,"National Centre for Good Governance, DARPG",1,3904,77,no,yes,https://rtionline.gov.in/request/allpa.php,2026-08-23T06:45:58.414113+00:00
RTI Online,1263,Department of Personnel & Training,0,75,74,yes,no,https://rtionline.gov.in/request/allpa.php,2026-08-23T06:45:58.414113+00:00
RTI Online,1264,Capacity Building Commission,1,4140,75,no,yes,https://rtionline.gov.in/request/allpa.php,2026-08-23T06:45:58.414113+00:00
RTI Online,1265,Central Administrative Tribunal (CAT),1,880,75,no,yes,https://rtionline.gov.in/request/allpa.php,2026-08-23T06:45:58.414113+00:00
RTI Online,1266,Central Information Commission,1,2,75,no,yes,https://rtionline.gov.in/request/allpa.php,2026-08-23T06:45:58.414113+00:00
RTI Online,1267,Central Vigilance Commission (CVC),1,1,75,no,yes,https://rtionline.gov.in/request/allpa.php,2026-08-23T06:45:58.414113+00:00
RTI Online,1268,Indian Institute of Public Administration (IIPA),1,3564,75,no,yes,https://rtionline.gov.in/request/allpa.php,2026-08-23T06:45:58.414113+00:00
RTI Online,1269,Institute of Secretariat Training and Management (ISTM),1,877,75,no,yes,https://rtionline.gov.in/request/allpa.php,2026-08-23T06:45:58.414113+00:00
RTI Online,1270,Karmayogi Bharat,1,3998,75,no,yes,https://rtionline.gov.in/request/allpa.php,2026-08-23T06:45:58.414113+00:00
RTI Online,1271,Lal Bahadur Shastri National Academy of Administration,1,750,75,no,yes,https://rtionline.gov.in/request/allpa.php,2026-08-23T06:45:58.414113+00:00
RTI Online,1272,National Recruitment Agency (NRA),1,3975,75,no,yes,https://rtionline.gov.in/request/allpa.php,2026-08-23T06:45:58.414113+00:00
RTI Online,1273,"Staff Selection Commission, Allahabad",1,2885,75,no,yes,https://rtionline.gov.in/request/allpa.php,2026-08-23T06:45:58.414113+00:00
RTI Online,1274,"Staff Selection Commission,Bengaluru",1,2886,75,no,yes,https://rtionline.gov.in/request/allpa.php,2026-08-23T06:45:58.414113+00:00
RTI Online,1275,"Staff Selection Commission, Eastern Region",1,2890,75,no,yes,https://rtionline.gov.in/request/allpa.php,2026-08-23T06:45:58.414113+00:00
RTI Online,1276,Staff Selection Commission - HQ,1,1104,75,no,yes,https://rtionline.gov.in/request/allpa.php,2026-08-23T06:45:58.414113+00:00
RTI Online,1277,"Staff Selection Commission, North Eastern Region",1,2889,75,no,yes,https://rtionline.gov.in/request/allpa.php,2026-08-23T06:45:58.414113+00:00
RTI Online,1278,Staff Selection Commission - Northern Region,1,2879,75,no,yes,https://rtionline.gov.in/request/allpa.php,2026-08-23T06:45:58.414113+00:00
RTI Online,1279,"Staff Selection Commission,North Western Region",1,2891,75,no,yes,https://rtionline.gov.in/request/allpa.php,2026-08-23T06:45:58.414113+00:00
RTI Online,1280,"Staff Selection Commission, Raipur",1,2892,75,no,yes,https://rtionline.gov.in/request/allpa.php,2026-08-23T06:45:58.414113+00:00
RTI Online,1281,"Staff Selection Commission, Southern Region",1,2888,75,no,yes,https://rtionline.gov.in/request/allpa.php,2026-08-23T06:45:58.414113+00:00
RTI Online,1282,"Staff Selection Commission, Western Region",1,2887,75,no,yes,https://rtionline.gov.in/request/allpa.php,2026-08-23T06:45:58.414113+00:00
RTI Online,1283,Union Public Service Commission,1,707,75,no,yes,https://rtionline.gov.in/request/allpa.php,2026-08-23T06:45:58.414113+00:00
RTI Online,1284,Department of Pharmaceuticals,0,2044,16,yes,no,https://rtionline.gov.in/request/allpa.php,2026-08-23T06:45:58.414113+00:00
RTI Online,1285,Bengal Chemicals & Pharmaceuticals Ltd.,1,2057,2044,no,yes,https://rtionline.gov.in/request/allpa.php,2026-08-23T06:45:58.414113+00:00
RTI Online,1286,Hindustan Antibiotic Ltd.,1,2058,2044,no,yes,https://rtionline.gov.in/request/allpa.php,2026-08-23T06:45:58.414113+00:00
RTI Online,1287,Indian Drugs & Pharmaceuticals Ltd.,1,2059,2044,no,yes,https://rtionline.gov.in/request/allpa.php,2026-08-23T06:45:58.414113+00:00
RTI Online,1288,Karnataka Antibiotics & Pharmaceuticals Ltd.,1,2060,2044,no,yes,https://rtionline.gov.in/request/allpa.php,2026-08-23T06:45:58.414113+00:00
RTI Online,1289,"National Institute of Pharmaceutical Education and Research, Mohali",1,2061,2044,no,yes,https://rtionline.gov.in/request/allpa.php,2026-08-23T06:45:58.414113+00:00
RTI Online,1290,"National Institute of Pharmaceutical Education and Research (NIPER),Ahmedabad",1,2636,2044,no,yes,https://rtionline.gov.in/request/allpa.php,2026-08-23T06:45:58.414113+00:00
RTI Online,1291,"National Institute of Pharmaceutical Education and Research (NIPER), Guwahati",1,2818,2044,no,yes,https://rtionline.gov.in/request/allpa.php,2026-08-23T06:45:58.414113+00:00
RTI Online,1292,"National Institute of Pharmaceutical Education and Research (NIPER), Hajipur",1,2814,2044,no,yes,https://rtionline.gov.in/request/allpa.php,2026-08-23T06:45:58.414113+00:00
RTI Online,1293,"National Institute of Pharmaceutical Education and Research (NIPER), Kolkata",1,2815,2044,no,yes,https://rtionline.gov.in/request/allpa.php,2026-08-23T06:45:58.414113+00:00
RTI Online,1294,National Pharmaceuticals Pricing Authority,1,2056,2044,no,yes,https://rtionline.gov.in/request/allpa.php,2026-08-23T06:45:58.414113+00:00
RTI Online,1295,"NIPER, Hyderabad",1,2816,2044,no,yes,https://rtionline.gov.in/request/allpa.php,2026-08-23T06:45:58.414113+00:00
RTI Online,1296,"NIPER, Rae Bareli",1,2817,2044,no,yes,https://rtionline.gov.in/request/allpa.php,2026-08-23T06:45:58.414113+00:00
RTI Online,1297,Rajasthan Drugs & Pharmaceuticals Ltd.,1,2062,2044,no,yes,https://rtionline.gov.in/request/allpa.php,2026-08-23T06:45:58.414113+00:00
RTI Online,1298,Department of Posts,0,28,26,no,yes,https://rtionline.gov.in/request/allpa.php,2026-08-23T06:45:58.414113+00:00
RTI Online,1299,Department of Public Enterprises,0,52,50,no,yes,https://rtionline.gov.in/request/allpa.php,2026-08-23T06:45:58.414113+00:00
RTI Online,1300,Department of Revenue,0,44,41,yes,no,https://rtionline.gov.in/request/allpa.php,2026-08-23T06:45:58.414113+00:00
RTI Online,1301,Appellate Tribunal (SAFEMA),1,4076,44,no,yes,https://rtionline.gov.in/request/allpa.php,2026-08-23T06:45:58.414113+00:00
RTI Online,1302,Central Board of Direct Taxes,1,413,44,no,yes,https://rtionline.gov.in/request/allpa.php,2026-08-23T06:45:58.414113+00:00
RTI Online,1303,Central Board of Excise and Customs - Central Excise,1,414,44,no,yes,https://rtionline.gov.in/request/allpa.php,2026-08-23T06:45:58.414113+00:00
RTI Online,1304,Central Board of Excise and Customs - Customs,1,2830,44,no,yes,https://rtionline.gov.in/request/allpa.php,2026-08-23T06:45:58.414113+00:00
RTI Online,1305,Central Bureau of Narcotics,1,4062,44,no,yes,https://rtionline.gov.in/request/allpa.php,2026-08-23T06:45:58.414113+00:00
RTI Online,1306,"Central Goods & Service Tax and Central Excise, Patna - I Commissionerate",1,4116,44,no,yes,https://rtionline.gov.in/request/allpa.php,2026-08-23T06:45:58.414113+00:00
RTI Online,1307,"Chief Commissioner, Central Excise, Ahmedabad Zone",1,1237,44,no,yes,https://rtionline.gov.in/request/allpa.php,2026-08-23T06:45:58.414113+00:00
RTI Online,1308,"Chief Commissioner, Central Excise, Bangalore Zone",1,1238,44,no,yes,https://rtionline.gov.in/request/allpa.php,2026-08-23T06:45:58.414113+00:00
RTI Online,1309,"Chief Commissioner Central Excise,Cochin Zone",1,1217,44,no,yes,https://rtionline.gov.in/request/allpa.php,2026-08-23T06:45:58.414113+00:00
RTI Online,1310,"Chief Commissioner Central Excise, Customs & Service Tax, Bhubaneswar Zone",1,1240,44,no,yes,https://rtionline.gov.in/request/allpa.php,2026-08-23T06:45:58.414113+00:00
RTI Online,1311,"Chief Commissioner, Central Excise, Delhi Zone",1,1244,44,no,yes,https://rtionline.gov.in/request/allpa.php,2026-08-23T06:45:58.414113+00:00
RTI Online,1312,"Chief Commissioner, Central Excise, Mysore Zone",1,1249,44,no,yes,https://rtionline.gov.in/request/allpa.php,2026-08-23T06:45:58.414113+00:00
RTI Online,1313,"Chief Commissioner, Central Excise & Service Tax, Ranchi Zone,Patna",1,1254,44,no,yes,https://rtionline.gov.in/request/allpa.php,2026-08-23T06:45:58.414113+00:00
RTI Online,1314,"Chief Commissioner, CGST & Central Excise, Jaipur Zone",1,3682,44,no,yes,https://rtionline.gov.in/request/allpa.php,2026-08-23T06:45:58.414113+00:00
RTI Online,1315,"Chief Commissioner, CGST & Central Excise, Kolkata Zone",1,3683,44,no,yes,https://rtionline.gov.in/request/allpa.php,2026-08-23T06:45:58.414113+00:00
RTI Online,1316,"Chief Commissioner, Goods and Services Tax & Customs, Guwahati Zone",1,3149,44,no,yes,https://rtionline.gov.in/request/allpa.php,2026-08-23T06:45:58.414113+00:00
RTI Online,1317,"Chief Commissioner of Central Excise & Customs, Pune Zone",1,1221,44,no,yes,https://rtionline.gov.in/request/allpa.php,2026-08-23T06:45:58.414113+00:00
RTI Online,1318,Chief Commissioner of Central Excise & Customs (Visakhapatnam Zone),1,3137,44,no,yes,https://rtionline.gov.in/request/allpa.php,2026-08-23T06:45:58.414113+00:00
RTI Online,1319,"Chief Commissioner of Central Goods and Service Tax & Central Excise, Lucknow Zone",1,1248,44,no,yes,https://rtionline.gov.in/request/allpa.php,2026-08-23T06:45:58.414113+00:00
RTI Online,1320,"Chief Commissioner of Central GST and Central Excise, Vadodara Zone",1,1256,44,no,yes,https://rtionline.gov.in/request/allpa.php,2026-08-23T06:45:58.414113+00:00
RTI Online,1321,"Chief Commissioner of Central Tax (GST) Customs and Central Excise, Bhopal Zone",1,1239,44,no,yes,https://rtionline.gov.in/request/allpa.php,2026-08-23T06:45:58.414113+00:00
RTI Online,1322,"Chief Commissioner of CGST & Central Excise, Mumbai Zone",1,1251,44,no,yes,https://rtionline.gov.in/request/allpa.php,2026-08-23T06:45:58.414113+00:00
RTI Online,1323,"Chief Commissioner of Custms & Central Excise, Meerut Zone",1,1250,44,no,yes,https://rtionline.gov.in/request/allpa.php,2026-08-23T06:45:58.414113+00:00
RTI Online,1324,"Chief Commissioner of Custms & Central Excise, Nagpur Zone",1,1253,44,no,yes,https://rtionline.gov.in/request/allpa.php,2026-08-23T06:45:58.414113+00:00
RTI Online,1325,Chief Commissioner of Customs and Central Excise Hyderabad Zone,1,1245,44,no,yes,https://rtionline.gov.in/request/allpa.php,2026-08-23T06:45:58.414113+00:00
RTI Online,1326,"Chief Commissioner of Customs, Bangalore Zone",1,1259,44,no,yes,https://rtionline.gov.in/request/allpa.php,2026-08-23T06:45:58.414113+00:00
RTI Online,1327,"Chief Commissioner of Customs, Chennai Zone",1,1260,44,no,yes,https://rtionline.gov.in/request/allpa.php,2026-08-23T06:45:58.414113+00:00
RTI Online,1328,"Chief Commissioner of Customs, Delhi Zone",1,1262,44,no,yes,https://rtionline.gov.in/request/allpa.php,2026-08-23T06:45:58.414113+00:00
RTI Online,1329,"Chief Commissioner of Customs, Kolkata Zone",1,1264,44,no,yes,https://rtionline.gov.in/request/allpa.php,2026-08-23T06:45:58.414113+00:00
RTI Online,1330,"Chief Commissioner of Customs, Mumbai-III Zone",1,1267,44,no,yes,https://rtionline.gov.in/request/allpa.php,2026-08-23T06:45:58.414113+00:00
RTI Online,1331,"Chief Commissioner of Customs, Mumbai-II Zone",1,1266,44,no,yes,https://rtionline.gov.in/request/allpa.php,2026-08-23T06:45:58.414113+00:00
RTI Online,1332,"Chief Commissioner of Customs, Mumbai-I Zone",1,1265,44,no,yes,https://rtionline.gov.in/request/allpa.php,2026-08-23T06:45:58.414113+00:00
RTI Online,1333,"Chief Commissioner of Customs Preventive, Delhi Zone",1,1263,44,no,yes,https://rtionline.gov.in/request/allpa.php,2026-08-23T06:45:58.414113+00:00
RTI Online,1334,"Chief Commissioner of Customs (Preventive), Tiruchirapalli",1,1261,44,no,yes,https://rtionline.gov.in/request/allpa.php,2026-08-23T06:45:58.414113+00:00
RTI Online,1335,"Chief Commissioner of Income Tax (CCA) , Patna",1,1509,44,no,yes,https://rtionline.gov.in/request/allpa.php,2026-08-23T06:45:58.414113+00:00
RTI Online,1336,"Chief Commissioner of Income Tax (Exemption), Delhi",1,2676,44,no,yes,https://rtionline.gov.in/request/allpa.php,2026-08-23T06:45:58.414113+00:00
RTI Online,1337,Chief Commissioner of Service Tax (Delhi Zone),1,3135,44,no,yes,https://rtionline.gov.in/request/allpa.php,2026-08-23T06:45:58.414113+00:00
RTI Online,1338,"Competent Authority & Administrator(SAFEMA/NDPSA) and Adjudicating Author PBPTA), Chennai",1,4074,44,no,yes,https://rtionline.gov.in/request/allpa.php,2026-08-23T06:45:58.414113+00:00
RTI Online,1339,"Competent Authority & Administrator(SAFEMA/NDPSA) and Adjudicating Author PBPTA), Kolkata",1,4075,44,no,yes,https://rtionline.gov.in/request/allpa.php,2026-08-23T06:45:58.414113+00:00
RTI Online,1340,"Competent Authority & Administrator(SAFEMA/NDPSA) and Adjudicating Author PBPTA), Mumbai",1,4073,44,no,yes,https://rtionline.gov.in/request/allpa.php,2026-08-23T06:45:58.414113+00:00
RTI Online,1341,"Competent Authority & Administrator(SAFEMA/NDPSA) and Adjudicating Author PBPTA), New Delhi",1,4072,44,no,yes,https://rtionline.gov.in/request/allpa.php,2026-08-23T06:45:58.414113+00:00
RTI Online,1342,Customs Excise & Service Tax Appellate Tribunal (CESTAT),1,4078,44,no,yes,https://rtionline.gov.in/request/allpa.php,2026-08-23T06:45:58.414113+00:00
RTI Online,1343,Directorate General of Audit,1,1274,44,no,yes,https://rtionline.gov.in/request/allpa.php,2026-08-23T06:45:58.414113+00:00
RTI Online,1344,Directorate General of Export Promotion,1,1276,44,no,yes,https://rtionline.gov.in/request/allpa.php,2026-08-23T06:45:58.414113+00:00
RTI Online,1345,Directorate General of Goods and Services Tax (DGGST),1,1273,44,no,yes,https://rtionline.gov.in/request/allpa.php,2026-08-23T06:45:58.414113+00:00
RTI Online,1346,Directorate General of Goods and Service Tax Intelligence,1,1270,44,no,yes,https://rtionline.gov.in/request/allpa.php,2026-08-23T06:45:58.414113+00:00
RTI Online,1347,Directorate General of Human Resource Development,1,3138,44,no,yes,https://rtionline.gov.in/request/allpa.php,2026-08-23T06:45:58.414113+00:00
RTI Online,1348,Directorate General of Income Tax (Intelligence & Criminal Investigations),1,2842,44,no,yes,https://rtionline.gov.in/request/allpa.php,2026-08-23T06:45:58.414113+00:00
RTI Online,1349,Directorate General of Performance Management,1,3134,44,no,yes,https://rtionline.gov.in/request/allpa.php,2026-08-23T06:45:58.414113+00:00
RTI Online,1350,"Directorate General of Safeguards, Customs & Central Excise, New Delhi",1,1275,44,no,yes,https://rtionline.gov.in/request/allpa.php,2026-08-23T06:45:58.414113+00:00
RTI Online,1351,Directorate General of Systems & Data Management,1,1235,44,no,yes,https://rtionline.gov.in/request/allpa.php,2026-08-23T06:45:58.414113+00:00
RTI Online,1352,Directorate General of Tax Payer Services,1,3563,44,no,yes,https://rtionline.gov.in/request/allpa.php,2026-08-23T06:45:58.414113+00:00
RTI Online,1353,Directorate General of Valuation,1,1277,44,no,yes,https://rtionline.gov.in/request/allpa.php,2026-08-23T06:45:58.414113+00:00
RTI Online,1354,"Directorate General of Vigilance (HQ),New Delhi",1,3778,44,no,yes,https://rtionline.gov.in/request/allpa.php,2026-08-23T06:45:58.414113+00:00
RTI Online,1355,Directorate of International Customs,1,3713,44,no,yes,https://rtionline.gov.in/request/allpa.php,2026-08-23T06:45:58.414113+00:00
RTI Online,1356,Directorate of Logistics,1,1279,44,no,yes,https://rtionline.gov.in/request/allpa.php,2026-08-23T06:45:58.414113+00:00
RTI Online,1357,Directorate of Revenue Intelligence,1,1284,44,no,yes,https://rtionline.gov.in/request/allpa.php,2026-08-23T06:45:58.414113+00:00
RTI Online,1358,"Director General of Income Tax (HRD), New Delhi",1,2675,44,no,yes,https://rtionline.gov.in/request/allpa.php,2026-08-23T06:45:58.414113+00:00
RTI Online,1359,"Director General of Income Tax (Inv.), Ahmedabad",1,2678,44,no,yes,https://rtionline.gov.in/request/allpa.php,2026-08-23T06:45:58.414113+00:00
RTI Online,1360,Director General of Income Tax (Inv.) Bangalore,1,2679,44,no,yes,https://rtionline.gov.in/request/allpa.php,2026-08-23T06:45:58.414113+00:00
RTI Online,1361,Director General of Income Tax (Inv.) Bhopal,1,2680,44,no,yes,https://rtionline.gov.in/request/allpa.php,2026-08-23T06:45:58.414113+00:00
RTI Online,1362,Director General of Income Tax (Inv.) Chandigarh,1,3409,44,no,yes,https://rtionline.gov.in/request/allpa.php,2026-08-23T06:45:58.414113+00:00
RTI Online,1363,"Director General of Income Tax(Inv.),Chennai",1,2682,44,no,yes,https://rtionline.gov.in/request/allpa.php,2026-08-23T06:45:58.414113+00:00
RTI Online,1364,Director General of Income Tax (Inv.) Hyderabad,1,2683,44,no,yes,https://rtionline.gov.in/request/allpa.php,2026-08-23T06:45:58.414113+00:00
RTI Online,1365,Director General of Income Tax (Inv.) Jaipur,1,2684,44,no,yes,https://rtionline.gov.in/request/allpa.php,2026-08-23T06:45:58.414113+00:00
RTI Online,1366,Director General of Income Tax(Inv.) Kochi,1,2685,44,no,yes,https://rtionline.gov.in/request/allpa.php,2026-08-23T06:45:58.414113+00:00
RTI Online,1367,"Director General of Income Tax (Inv.), Lucknow",1,3198,44,no,yes,https://rtionline.gov.in/request/allpa.php,2026-08-23T06:45:58.414113+00:00
RTI Online,1368,Director General of Income Tax (Inv.) Mumbai,1,2688,44,no,yes,https://rtionline.gov.in/request/allpa.php,2026-08-23T06:45:58.414113+00:00
RTI Online,1369,Director General of Income Tax (Inv.) New Delhi,1,2689,44,no,yes,https://rtionline.gov.in/request/allpa.php,2026-08-23T06:45:58.414113+00:00
RTI Online,1370,Director General of Income Tax (Inv). Patna,1,2690,44,no,yes,https://rtionline.gov.in/request/allpa.php,2026-08-23T06:45:58.414113+00:00
RTI Online,1371,Director General of Income Tax (Inv.) Pune,1,2691,44,no,yes,https://rtionline.gov.in/request/allpa.php,2026-08-23T06:45:58.414113+00:00
RTI Online,1372,"Director General of Income Tax (Inv.)West Bengal, Sikkim & NER",1,2686,44,no,yes,https://rtionline.gov.in/request/allpa.php,2026-08-23T06:45:58.414113+00:00
RTI Online,1373,Director General of Income Tax (Legal and Research),1,2692,44,no,yes,https://rtionline.gov.in/request/allpa.php,2026-08-23T06:45:58.414113+00:00
RTI Online,1374,Director General of Income Tax (Logistics),1,2693,44,no,yes,https://rtionline.gov.in/request/allpa.php,2026-08-23T06:45:58.414113+00:00
RTI Online,1375,"Director General of Income Tax (NADT), Nagpur",1,2671,44,no,yes,https://rtionline.gov.in/request/allpa.php,2026-08-23T06:45:58.414113+00:00
RTI Online,1376,"Director General of Income Tax (Systems) ,New Delhi",1,2674,44,no,yes,https://rtionline.gov.in/request/allpa.php,2026-08-23T06:45:58.414113+00:00
RTI Online,1377,"Director General of Income Tax (Vigilance), New Delhi",1,2673,44,no,yes,https://rtionline.gov.in/request/allpa.php,2026-08-23T06:45:58.414113+00:00
RTI Online,1378,Financial Intelligence Unit,1,3133,44,no,yes,https://rtionline.gov.in/request/allpa.php,2026-08-23T06:45:58.414113+00:00
RTI Online,1379,Govt. Opium & Alkaloid Factories,1,4063,44,no,yes,https://rtionline.gov.in/request/allpa.php,2026-08-23T06:45:58.414113+00:00
RTI Online,1380,GST Council,1,3677,44,no,yes,https://rtionline.gov.in/request/allpa.php,2026-08-23T06:45:58.414113+00:00
RTI Online,1381,"Large Taxpayer Unit (Audit), Delhi",1,3136,44,no,yes,https://rtionline.gov.in/request/allpa.php,2026-08-23T06:45:58.414113+00:00
RTI Online,1382,"Large TaxPayer Unit, Banagalore",1,1268,44,no,yes,https://rtionline.gov.in/request/allpa.php,2026-08-23T06:45:58.414113+00:00
RTI Online,1383,National Academy Of Customs Excise And Narcotics,1,1269,44,no,yes,https://rtionline.gov.in/request/allpa.php,2026-08-23T06:45:58.414113+00:00
RTI Online,1384,National Institute of Public Finance and Policy (NIPFP),1,4077,44,no,yes,https://rtionline.gov.in/request/allpa.php,2026-08-23T06:45:58.414113+00:00
RTI Online,1385,"Office of the Chief Commissioner, Central GST & Central Excise, Panchkula Zone",1,3668,44,no,yes,https://rtionline.gov.in/request/allpa.php,2026-08-23T06:45:58.414113+00:00
RTI Online,1386,OFFICE OF THE CHIEF COMMISSIONER OF CUSTOMS GUJARAT ZONE,1,3385,44,no,yes,https://rtionline.gov.in/request/allpa.php,2026-08-23T06:45:58.414113+00:00
RTI Online,1387,"Office of the Chief Commissioner of GST, Chandigarh Zone",1,3669,44,no,yes,https://rtionline.gov.in/request/allpa.php,2026-08-23T06:45:58.414113+00:00
RTI Online,1388,"Office of the Commissioner of Customs, Mangaluru",1,4230,44,no,yes,https://rtionline.gov.in/request/allpa.php,2026-08-23T06:45:58.414113+00:00
RTI Online,1389,"Pr. Chief Commissioner of Customs (P) Zone, Patna",1,3799,44,no,yes,https://rtionline.gov.in/request/allpa.php,2026-08-23T06:45:58.414113+00:00
RTI Online,1390,"Pr. Chief Commissioner of Income Tax (CCA), Guwahati",1,1506,44,no,yes,https://rtionline.gov.in/request/allpa.php,2026-08-23T06:45:58.414113+00:00
RTI Online,1391,"Pr. Chief Commissioner of Income Tax (CCIT) , Lucknow",1,2668,44,no,yes,https://rtionline.gov.in/request/allpa.php,2026-08-23T06:45:58.414113+00:00
RTI Online,1392,Pr. Chief Commissioner of Income Tax (International Taxation) New Delhi,1,2677,44,no,yes,https://rtionline.gov.in/request/allpa.php,2026-08-23T06:45:58.414113+00:00
RTI Online,1393,"Principal Chief Commisioner of Income Tax (CCA), New Delhi",1,4006,44,no,yes,https://rtionline.gov.in/request/allpa.php,2026-08-23T06:45:58.414113+00:00
RTI Online,1394,"Principal Chief Commissioner of Central Excise, Chennai Zone",1,1640,44,no,yes,https://rtionline.gov.in/request/allpa.php,2026-08-23T06:45:58.414113+00:00
RTI Online,1395,"Principal Chief Commissioner of Income Tax (CCA), Bangalore",1,2662,44,no,yes,https://rtionline.gov.in/request/allpa.php,2026-08-23T06:45:58.414113+00:00
RTI Online,1396,"Principal Chief Commissioner of Income Tax (CCA) , Bhopal",1,1512,44,no,yes,https://rtionline.gov.in/request/allpa.php,2026-08-23T06:45:58.414113+00:00
RTI Online,1397,"Principal Chief Commissioner of Income Tax (CCA) , Bhubaneswar",1,1511,44,no,yes,https://rtionline.gov.in/request/allpa.php,2026-08-23T06:45:58.414113+00:00
RTI Online,1398,"Principal Chief Commissioner of Income Tax (CCA) , Chandigrah",1,2665,44,no,yes,https://rtionline.gov.in/request/allpa.php,2026-08-23T06:45:58.414113+00:00
RTI Online,1399,"Principal Chief Commissioner of Income Tax (CCA), Chennai",1,1513,44,no,yes,https://rtionline.gov.in/request/allpa.php,2026-08-23T06:45:58.414113+00:00
RTI Online,1400,"Principal Chief Commissioner of Income Tax (CCA) , Jaipur",1,2667,44,no,yes,https://rtionline.gov.in/request/allpa.php,2026-08-23T06:45:58.414113+00:00
RTI Online,1401,"Principal Chief Commissioner of Income Tax (CCA) , Kanpur",1,1510,44,no,yes,https://rtionline.gov.in/request/allpa.php,2026-08-23T06:45:58.414113+00:00
RTI Online,1402,"Principal Chief Commissioner of Income Tax (CCA) , Kolkata",1,1504,44,no,yes,https://rtionline.gov.in/request/allpa.php,2026-08-23T06:45:58.414113+00:00
RTI Online,1403,"Principal Chief Commissioner of Income Tax (CCA) , Nagpur",1,2669,44,no,yes,https://rtionline.gov.in/request/allpa.php,2026-08-23T06:45:58.414113+00:00
RTI Online,1404,"Principal Chief Commissioner of Income Tax (CCA), Pune",1,1502,44,no,yes,https://rtionline.gov.in/request/allpa.php,2026-08-23T06:45:58.414113+00:00
RTI Online,1405,Principal Chief Controller of Accounts-CBIC,1,3866,44,no,yes,https://rtionline.gov.in/request/allpa.php,2026-08-23T06:45:58.414113+00:00
RTI Online,1406,"Prinicipal Chief Commissioner of Income Tax (CCA) , Ahmedabad",1,2664,44,no,yes,https://rtionline.gov.in/request/allpa.php,2026-08-23T06:45:58.414113+00:00
RTI Online,1407,"Prinicipal Chief Commissioner of Income Tax (CCA) , Hyderabad",1,2666,44,no,yes,https://rtionline.gov.in/request/allpa.php,2026-08-23T06:45:58.414113+00:00
RTI Online,1408,"Prinicipal Chief Commissioner of Income Tax (CCA) , Kochi",1,2670,44,no,yes,https://rtionline.gov.in/request/allpa.php,2026-08-23T06:45:58.414113+00:00
RTI Online,1409,"Prinicipal Chief Commissioner of Income Tax (CCA) , Mumbai",1,1507,44,no,yes,https://rtionline.gov.in/request/allpa.php,2026-08-23T06:45:58.414113+00:00
RTI Online,1410,Department of School Education and Literacy,0,60,59,yes,no,https://rtionline.gov.in/request/allpa.php,2026-08-23T06:45:58.414113+00:00
RTI Online,1411,Central Board of Secondary Education,1,1840,60,no,yes,https://rtionline.gov.in/request/allpa.php,2026-08-23T06:45:58.414113+00:00
RTI Online,1412,Kendriya Vidyalaya Sangathan,1,2290,60,no,yes,https://rtionline.gov.in/request/allpa.php,2026-08-23T06:45:58.414113+00:00
RTI Online,1413,National Bal Bhavan,1,1922,60,no,yes,https://rtionline.gov.in/request/allpa.php,2026-08-23T06:45:58.414113+00:00
RTI Online,1414,National Council for Teacher Education,1,2275,60,no,yes,https://rtionline.gov.in/request/allpa.php,2026-08-23T06:45:58.414113+00:00
RTI Online,1415,National Council of Educational Research & Training,1,1871,60,no,yes,https://rtionline.gov.in/request/allpa.php,2026-08-23T06:45:58.414113+00:00
RTI Online,1416,National Institute of Open Schooling,1,1870,60,no,yes,https://rtionline.gov.in/request/allpa.php,2026-08-23T06:45:58.414113+00:00
RTI Online,1417,Navodaya Vidyalaya Samiti,1,1718,60,no,yes,https://rtionline.gov.in/request/allpa.php,2026-08-23T06:45:58.414113+00:00
RTI Online,1418,Department of Science & Technology,0,88,87,yes,no,https://rtionline.gov.in/request/allpa.php,2026-08-23T06:45:58.414113+00:00
RTI Online,1419,Aghakar Research Institute,1,1444,88,no,yes,https://rtionline.gov.in/request/allpa.php,2026-08-23T06:45:58.414113+00:00
RTI Online,1420,Aryabhatta Research Institute of Observational Sciences,1,1454,88,no,yes,https://rtionline.gov.in/request/allpa.php,2026-08-23T06:45:58.414113+00:00
RTI Online,1421,Birbal Sahni Institute of Palaeosciences (BSIP),1,1447,88,no,yes,https://rtionline.gov.in/request/allpa.php,2026-08-23T06:45:58.414113+00:00
RTI Online,1422,Bose Institute,1,1459,88,no,yes,https://rtionline.gov.in/request/allpa.php,2026-08-23T06:45:58.414113+00:00
RTI Online,1423,Centre for Nano and Soft Matter Sciences,1,1453,88,no,yes,https://rtionline.gov.in/request/allpa.php,2026-08-23T06:45:58.414113+00:00
RTI Online,1424,Chief Controller of Accounts-DST,1,3926,88,no,yes,https://rtionline.gov.in/request/allpa.php,2026-08-23T06:45:58.414113+00:00
RTI Online,1425,Indian Academy of Sciences,1,1450,88,no,yes,https://rtionline.gov.in/request/allpa.php,2026-08-23T06:45:58.414113+00:00
RTI Online,1426,Indian Assoication for the Cultivation of Science,1,1451,88,no,yes,https://rtionline.gov.in/request/allpa.php,2026-08-23T06:45:58.414113+00:00
RTI Online,1427,Indian Institute of Astrophysics,1,1446,88,no,yes,https://rtionline.gov.in/request/allpa.php,2026-08-23T06:45:58.414113+00:00
RTI Online,1428,Indian Institute of Geomagnetism,1,1465,88,no,yes,https://rtionline.gov.in/request/allpa.php,2026-08-23T06:45:58.414113+00:00
RTI Online,1429,Indian National Academy of Engineering,1,1461,88,no,yes,https://rtionline.gov.in/request/allpa.php,2026-08-23T06:45:58.414113+00:00
RTI Online,1430,Indian National Science Academy,1,1468,88,no,yes,https://rtionline.gov.in/request/allpa.php,2026-08-23T06:45:58.414113+00:00
RTI Online,1431,Indian Science Congress Association,1,1455,88,no,yes,https://rtionline.gov.in/request/allpa.php,2026-08-23T06:45:58.414113+00:00
RTI Online,1432,Indo-U.S. Science and Technology Forum,1,4008,88,no,yes,https://rtionline.gov.in/request/allpa.php,2026-08-23T06:45:58.414113+00:00
RTI Online,1433,Institute of Advanced Study in Science and Technology,1,3311,88,no,yes,https://rtionline.gov.in/request/allpa.php,2026-08-23T06:45:58.414113+00:00
RTI Online,1434,"Institute of Nano Science & Technology, Mohali",1,3363,88,no,yes,https://rtionline.gov.in/request/allpa.php,2026-08-23T06:45:58.414113+00:00
RTI Online,1435,International Advanced Research Centre for Powder Metallurgy,1,1445,88,no,yes,https://rtionline.gov.in/request/allpa.php,2026-08-23T06:45:58.414113+00:00
RTI Online,1436,Jawarhal Lal Nehru Centre for Advanced Scientific Research,1,1466,88,no,yes,https://rtionline.gov.in/request/allpa.php,2026-08-23T06:45:58.414113+00:00
RTI Online,1437,National Academy of Sciences,1,1462,88,no,yes,https://rtionline.gov.in/request/allpa.php,2026-08-23T06:45:58.414113+00:00
RTI Online,1438,National Atlas & Thematic Mapping Organisation,1,1180,88,no,yes,https://rtionline.gov.in/request/allpa.php,2026-08-23T06:45:58.414113+00:00
RTI Online,1439,National Innovation Foundation- India (NIF),1,3312,88,no,yes,https://rtionline.gov.in/request/allpa.php,2026-08-23T06:45:58.414113+00:00
RTI Online,1440,North East Centre for Technology Application & Reach (NECTAR),1,3630,88,no,yes,https://rtionline.gov.in/request/allpa.php,2026-08-23T06:45:58.414113+00:00
RTI Online,1441,Raman Research Institute,1,1464,88,no,yes,https://rtionline.gov.in/request/allpa.php,2026-08-23T06:45:58.414113+00:00
RTI Online,1442,Science & Engineering Research Board,1,3364,88,no,yes,https://rtionline.gov.in/request/allpa.php,2026-08-23T06:45:58.414113+00:00
RTI Online,1443,Shree Chitra Triunal Institute for Medical Sciences and Technology,1,1457,88,no,yes,https://rtionline.gov.in/request/allpa.php,2026-08-23T06:45:58.414113+00:00
RTI Online,1444,S.N. Bose National Centre for Basic Sciences,1,1463,88,no,yes,https://rtionline.gov.in/request/allpa.php,2026-08-23T06:45:58.414113+00:00
RTI Online,1445,Survey of India,1,1179,88,no,yes,https://rtionline.gov.in/request/allpa.php,2026-08-23T06:45:58.414113+00:00
RTI Online,1446,Technology Development Board,1,1467,88,no,yes,https://rtionline.gov.in/request/allpa.php,2026-08-23T06:45:58.414113+00:00
RTI Online,1447,"Technology Information, Forecasting and Assessment Council",1,1456,88,no,yes,https://rtionline.gov.in/request/allpa.php,2026-08-23T06:45:58.414113+00:00
RTI Online,1448,Vigyan Prasar,1,1449,88,no,yes,https://rtionline.gov.in/request/allpa.php,2026-08-23T06:45:58.414113+00:00
RTI Online,1449,Wadia Institute of Himalayan Geology,1,1458,88,no,yes,https://rtionline.gov.in/request/allpa.php,2026-08-23T06:45:58.414113+00:00
RTI Online,1450,Department of Scientific & Industrial Research,0,89,87,yes,no,https://rtionline.gov.in/request/allpa.php,2026-08-23T06:45:58.414113+00:00
RTI Online,1451,Central Electronics Limited,1,820,89,no,yes,https://rtionline.gov.in/request/allpa.php,2026-08-23T06:45:58.414113+00:00
RTI Online,1452,Consultancy Development Centre,1,819,89,no,yes,https://rtionline.gov.in/request/allpa.php,2026-08-23T06:45:58.414113+00:00
RTI Online,1453,CSIR - Academy of Scientific and Innovative Research (ACSIR),1,3293,89,no,yes,https://rtionline.gov.in/request/allpa.php,2026-08-23T06:45:58.414113+00:00
RTI Online,1454,"CSIR-Advanced Materials and Process Research Institute (AMPRI), Bhopal",1,502,89,no,yes,https://rtionline.gov.in/request/allpa.php,2026-08-23T06:45:58.414113+00:00
RTI Online,1455,CSIR-Central Building Research Institute (CSIR-CBRI),1,467,89,no,yes,https://rtionline.gov.in/request/allpa.php,2026-08-23T06:45:58.414113+00:00
RTI Online,1456,CSIR- Central Drug Research Institute (CDRI),1,3155,89,no,yes,https://rtionline.gov.in/request/allpa.php,2026-08-23T06:45:58.414113+00:00
RTI Online,1457,"CSIR - Central Electronics Engineering Research Institute (CEERI),Pilani",1,472,89,no,yes,https://rtionline.gov.in/request/allpa.php,2026-08-23T06:45:58.414113+00:00
RTI Online,1458,"CSIR-Central Eletrochemical Research Institute (CECRI),Karaikudi",1,471,89,no,yes,https://rtionline.gov.in/request/allpa.php,2026-08-23T06:45:58.414113+00:00
RTI Online,1459,CSIR-Central Food Technological Research Institute (CSIR- CFTRI),1,474,89,no,yes,https://rtionline.gov.in/request/allpa.php,2026-08-23T06:45:58.414113+00:00
RTI Online,1460,"CSIR- Central Glass & Ceramic Research Institute (CGCRI), Kolkata",1,475,89,no,yes,https://rtionline.gov.in/request/allpa.php,2026-08-23T06:45:58.414113+00:00
RTI Online,1461,"CSIR-Central Institute of Medicinal and Aromatic Plants (CIMAP),Lucknow",1,477,89,no,yes,https://rtionline.gov.in/request/allpa.php,2026-08-23T06:45:58.414113+00:00
RTI Online,1462,"CSIR-Central Institute of Mining & Fuel Research (CIMFR), Dhanbad",1,479,89,no,yes,https://rtionline.gov.in/request/allpa.php,2026-08-23T06:45:58.414113+00:00
RTI Online,1463,CSIR-Central Leather Research Institute (CSIR-CLRI),1,476,89,no,yes,https://rtionline.gov.in/request/allpa.php,2026-08-23T06:45:58.414113+00:00
RTI Online,1464,CSIR-Central Mechanical Engineering Research Institute (CMERI),1,478,89,no,yes,https://rtionline.gov.in/request/allpa.php,2026-08-23T06:45:58.414113+00:00
RTI Online,1465,CSIR-Central Road Research Institute (CRRI),1,3154,89,no,yes,https://rtionline.gov.in/request/allpa.php,2026-08-23T06:45:58.414113+00:00
RTI Online,1466,CSIR-Central Salt & Marine Chemicals Research Institute (CSMCRI),1,3325,89,no,yes,https://rtionline.gov.in/request/allpa.php,2026-08-23T06:45:58.414113+00:00
RTI Online,1467,"CSIR-Central Scientific Instrument Oorganisation (CSIO),Chandigarh",1,481,89,no,yes,https://rtionline.gov.in/request/allpa.php,2026-08-23T06:45:58.414113+00:00
RTI Online,1468,CSIR-Centre for Cellular and Molecular Biology (CCMB),1,469,89,no,yes,https://rtionline.gov.in/request/allpa.php,2026-08-23T06:45:58.414113+00:00
RTI Online,1469,CSIR-Fourth Paradigm Institute,1,3148,89,no,yes,https://rtionline.gov.in/request/allpa.php,2026-08-23T06:45:58.414113+00:00
RTI Online,1470,"CSIR Hqrs.,New Delhi",1,506,89,no,yes,https://rtionline.gov.in/request/allpa.php,2026-08-23T06:45:58.414113+00:00
RTI Online,1471,CSIR-Human Resource Development Group,1,3147,89,no,yes,https://rtionline.gov.in/request/allpa.php,2026-08-23T06:45:58.414113+00:00
RTI Online,1472,CSIR-Indian Institute of Chemical Biology (CSIR-IICB),1,485,89,no,yes,https://rtionline.gov.in/request/allpa.php,2026-08-23T06:45:58.414113+00:00
RTI Online,1473,"CSIR-Indian Institute of Chemical Technology (IICT),Hyderabad",1,486,89,no,yes,https://rtionline.gov.in/request/allpa.php,2026-08-23T06:45:58.414113+00:00
RTI Online,1474,CSIR-Indian Institute of Integrative Medicine (IIIM),1,500,89,no,yes,https://rtionline.gov.in/request/allpa.php,2026-08-23T06:45:58.414113+00:00
RTI Online,1475,CSIR-Indian Institute of Petroleum,1,487,89,no,yes,https://rtionline.gov.in/request/allpa.php,2026-08-23T06:45:58.414113+00:00
RTI Online,1476,CSIR-Indian Institute of Toxicology Research (CSIR-IITR),1,489,89,no,yes,https://rtionline.gov.in/request/allpa.php,2026-08-23T06:45:58.414113+00:00
RTI Online,1477,CSIR-Institute of Genomics & Integrative Biology (CSIR-IGIB),1,3157,89,no,yes,https://rtionline.gov.in/request/allpa.php,2026-08-23T06:45:58.414113+00:00
RTI Online,1478,CSIR-Institute of Himalayan Bioresource Technology (CSIR-IHBT),1,484,89,no,yes,https://rtionline.gov.in/request/allpa.php,2026-08-23T06:45:58.414113+00:00
RTI Online,1479,CSIR-Institute of Microbial Technology (CSIR-IMT),1,488,89,no,yes,https://rtionline.gov.in/request/allpa.php,2026-08-23T06:45:58.414113+00:00
RTI Online,1480,CSIR-Institute of Minerals & Materials Technology (IMMT),1,501,89,no,yes,https://rtionline.gov.in/request/allpa.php,2026-08-23T06:45:58.414113+00:00
RTI Online,1481,CSIR Madras Complex,1,482,89,no,yes,https://rtionline.gov.in/request/allpa.php,2026-08-23T06:45:58.414113+00:00
RTI Online,1482,CSIR-National Aerospace Laboratories (CSIR-NAL),1,490,89,no,yes,https://rtionline.gov.in/request/allpa.php,2026-08-23T06:45:58.414113+00:00
RTI Online,1483,CSIR-National Botanical Research Institute (CSIR- NBRI),1,491,89,no,yes,https://rtionline.gov.in/request/allpa.php,2026-08-23T06:45:58.414113+00:00
RTI Online,1484,CSIR-National Chemical Laboratory (CSIR-NCL),1,492,89,no,yes,https://rtionline.gov.in/request/allpa.php,2026-08-23T06:45:58.414113+00:00
RTI Online,1485,CSIR- National Environmental Engineering Research Institute (NEERI),1,493,89,no,yes,https://rtionline.gov.in/request/allpa.php,2026-08-23T06:45:58.414113+00:00
RTI Online,1486,CSIR-National Geophysical Research Institute (CSIR- NGRI),1,3160,89,no,yes,https://rtionline.gov.in/request/allpa.php,2026-08-23T06:45:58.414113+00:00
RTI Online,1487,CSIR- National Institute for Interdisciplinary Science and Technology (NIIST),1,504,89,no,yes,https://rtionline.gov.in/request/allpa.php,2026-08-23T06:45:58.414113+00:00
RTI Online,1488,"CSIR- National Institute for Science Communication and Ploicy Research (NIScPR), New Delhi",1,496,89,no,yes,https://rtionline.gov.in/request/allpa.php,2026-08-23T06:45:58.414113+00:00
RTI Online,1489,CSIR-National Institute of Oceanography (CSIR-NIO),1,3158,89,no,yes,https://rtionline.gov.in/request/allpa.php,2026-08-23T06:45:58.414113+00:00
RTI Online,1490,CSIR - National Institute of Science Communication and Information Resources,1,497,89,no,yes,https://rtionline.gov.in/request/allpa.php,2026-08-23T06:45:58.414113+00:00
RTI Online,1491,"CSIR- National Metallurgical Laboratory (NML),Jamshedpur",1,498,89,no,yes,https://rtionline.gov.in/request/allpa.php,2026-08-23T06:45:58.414113+00:00
RTI Online,1492,CSIR- National Physical Laboratory (NPL),1,3153,89,no,yes,https://rtionline.gov.in/request/allpa.php,2026-08-23T06:45:58.414113+00:00
RTI Online,1493,CSIR-North East Institute of Science and Technology (CSIR-NEIST),1,3159,89,no,yes,https://rtionline.gov.in/request/allpa.php,2026-08-23T06:45:58.414113+00:00
RTI Online,1494,CSIR-Structural Engineering Research Centre (CSIR_SERC),1,3156,89,no,yes,https://rtionline.gov.in/request/allpa.php,2026-08-23T06:45:58.414113+00:00
RTI Online,1495,National Research Development Corporation,1,821,89,no,yes,https://rtionline.gov.in/request/allpa.php,2026-08-23T06:45:58.414113+00:00
RTI Online,1496,Department of Space,0,94,,yes,no,https://rtionline.gov.in/request/allpa.php,2026-08-23T06:45:58.414113+00:00
RTI Online,1497,"Advanced Data Processing Research Institute, Secunderabad",1,3650,94,no,yes,https://rtionline.gov.in/request/allpa.php,2026-08-23T06:45:58.414113+00:00
RTI Online,1498,"Antrix Corporation Limited, Bengaluru",1,3651,94,no,yes,https://rtionline.gov.in/request/allpa.php,2026-08-23T06:45:58.414113+00:00
RTI Online,1499,Human Space Flight Centre (HSFC),1,3913,94,no,yes,https://rtionline.gov.in/request/allpa.php,2026-08-23T06:45:58.414113+00:00
RTI Online,1500,"Indian Institute of Remote Sensing, Dehradun",1,3657,94,no,yes,https://rtionline.gov.in/request/allpa.php,2026-08-23T06:45:58.414113+00:00
RTI Online,1501,"Indian Institute of Space Science and Technology, Thiruvananthapuram",1,3652,94,no,yes,https://rtionline.gov.in/request/allpa.php,2026-08-23T06:45:58.414113+00:00
RTI Online,1502,Indian National Space Promotion and Authorization Centre,1,4146,94,no,yes,https://rtionline.gov.in/request/allpa.php,2026-08-23T06:45:58.414113+00:00
RTI Online,1503,"ISRO Headquarters, Bengaluru",1,3666,94,no,yes,https://rtionline.gov.in/request/allpa.php,2026-08-23T06:45:58.414113+00:00
RTI Online,1504,"ISRO Propulsion Complex, Mahendragiri",1,3660,94,no,yes,https://rtionline.gov.in/request/allpa.php,2026-08-23T06:45:58.414113+00:00
RTI Online,1505,"ISRO Telemetry, Tracking & Commannd Network (Bengaluru, Lucknow, Port Blair, Sriharikota)",1,3658,94,no,yes,https://rtionline.gov.in/request/allpa.php,2026-08-23T06:45:58.414113+00:00
RTI Online,1506,"Liquid Propulsion Systems Centre, Valiamala & Bengaluru",1,3664,94,no,yes,https://rtionline.gov.in/request/allpa.php,2026-08-23T06:45:58.414113+00:00
RTI Online,1507,"Master Control Facility, Hassan & Units",1,3659,94,no,yes,https://rtionline.gov.in/request/allpa.php,2026-08-23T06:45:58.414113+00:00
RTI Online,1508,"National Atmospheric Research Laboratory, Gadanki",1,3655,94,no,yes,https://rtionline.gov.in/request/allpa.php,2026-08-23T06:45:58.414113+00:00
RTI Online,1509,"National Remote Sensing Centre (Hyderabad,Bengaluru, Jodhpur, Kolkata, Nagpur, Delhi)",1,3678,94,no,yes,https://rtionline.gov.in/request/allpa.php,2026-08-23T06:45:58.414113+00:00
RTI Online,1510,New Space India Limited,1,3914,94,no,yes,https://rtionline.gov.in/request/allpa.php,2026-08-23T06:45:58.414113+00:00
RTI Online,1511,"North Eastern Space Application Centre, Shillong",1,3654,94,no,yes,https://rtionline.gov.in/request/allpa.php,2026-08-23T06:45:58.414113+00:00
RTI Online,1512,"Physical Research laboratory, Ahmedabad",1,3656,94,no,yes,https://rtionline.gov.in/request/allpa.php,2026-08-23T06:45:58.414113+00:00
RTI Online,1513,"SDSC-SHAR, Shriharikota & N2O4 Plant, Propellant Complex, Rasayani Unit,Raigadh Distt. Mumbai",1,3663,94,no,yes,https://rtionline.gov.in/request/allpa.php,2026-08-23T06:45:58.414113+00:00
RTI Online,1514,"Space Application Centre & Development and Educational Communication Unit, Ahmedabad",1,3661,94,no,yes,https://rtionline.gov.in/request/allpa.php,2026-08-23T06:45:58.414113+00:00
RTI Online,1515,"U R Rao Sattelite Centre, Bengaluru & Laboratory for Electro-Optics Systems, Bengaluru",1,3662,94,no,yes,https://rtionline.gov.in/request/allpa.php,2026-08-23T06:45:58.414113+00:00
RTI Online,1516,"VSSC,ISRO-IISU Thiruvananthapuram & APEP Aluva",1,3665,94,no,yes,https://rtionline.gov.in/request/allpa.php,2026-08-23T06:45:58.414113+00:00
RTI Online,1517,Department of Telecommunications,0,27,26,yes,no,https://rtionline.gov.in/request/allpa.php,2026-08-23T06:45:58.414113+00:00
RTI Online,1518,Bharat Broadband Network Limited,1,3784,27,no,yes,https://rtionline.gov.in/request/allpa.php,2026-08-23T06:45:58.414113+00:00
RTI Online,1519,Bharat Sanchar Nigam Limited - HQ,1,508,27,no,yes,https://rtionline.gov.in/request/allpa.php,2026-08-23T06:45:58.414113+00:00
RTI Online,1520,BSNL ALTTC GHAZIABAD,1,3080,27,no,yes,https://rtionline.gov.in/request/allpa.php,2026-08-23T06:45:58.414113+00:00
RTI Online,1521,BSNL ANDHRA PRADESH,1,3081,27,no,yes,https://rtionline.gov.in/request/allpa.php,2026-08-23T06:45:58.414113+00:00
RTI Online,1522,BSNL ANDMAN & NICOBAR,1,3079,27,no,yes,https://rtionline.gov.in/request/allpa.php,2026-08-23T06:45:58.414113+00:00
RTI Online,1523,BSNL ASSAM,1,3082,27,no,yes,https://rtionline.gov.in/request/allpa.php,2026-08-23T06:45:58.414113+00:00
RTI Online,1524,BSNL BBNW,1,3083,27,no,yes,https://rtionline.gov.in/request/allpa.php,2026-08-23T06:45:58.414113+00:00
RTI Online,1525,BSNL BIHAR,1,3084,27,no,yes,https://rtionline.gov.in/request/allpa.php,2026-08-23T06:45:58.414113+00:00
RTI Online,1526,BSNL CHENNAI TD,1,3086,27,no,yes,https://rtionline.gov.in/request/allpa.php,2026-08-23T06:45:58.414113+00:00
RTI Online,1527,BSNL CHHATTISGARH,1,3087,27,no,yes,https://rtionline.gov.in/request/allpa.php,2026-08-23T06:45:58.414113+00:00
RTI Online,1528,BSNL CNTx (East),1,3088,27,no,yes,https://rtionline.gov.in/request/allpa.php,2026-08-23T06:45:58.414113+00:00
RTI Online,1529,BSNL CNTx (North),1,3108,27,no,yes,https://rtionline.gov.in/request/allpa.php,2026-08-23T06:45:58.414113+00:00
RTI Online,1530,BSNL CNTx South,1,3114,27,no,yes,https://rtionline.gov.in/request/allpa.php,2026-08-23T06:45:58.414113+00:00
RTI Online,1531,BSNL CNTx (West),1,3125,27,no,yes,https://rtionline.gov.in/request/allpa.php,2026-08-23T06:45:58.414113+00:00
RTI Online,1532,BSNL GUJRAT,1,3090,27,no,yes,https://rtionline.gov.in/request/allpa.php,2026-08-23T06:45:58.414113+00:00
RTI Online,1533,BSNL HARYANA,1,3091,27,no,yes,https://rtionline.gov.in/request/allpa.php,2026-08-23T06:45:58.414113+00:00
RTI Online,1534,BSNL HIMACHAL PRADESH,1,3092,27,no,yes,https://rtionline.gov.in/request/allpa.php,2026-08-23T06:45:58.414113+00:00
RTI Online,1535,BSNL ITPC PUNE,1,3094,27,no,yes,https://rtionline.gov.in/request/allpa.php,2026-08-23T06:45:58.414113+00:00
RTI Online,1536,BSNL JHARKHAND,1,3096,27,no,yes,https://rtionline.gov.in/request/allpa.php,2026-08-23T06:45:58.414113+00:00
RTI Online,1537,BSNL J&K,1,3095,27,no,yes,https://rtionline.gov.in/request/allpa.php,2026-08-23T06:45:58.414113+00:00
RTI Online,1538,BSNL KARNATAKA,1,3097,27,no,yes,https://rtionline.gov.in/request/allpa.php,2026-08-23T06:45:58.414113+00:00
RTI Online,1539,BSNL KERALA,1,3098,27,no,yes,https://rtionline.gov.in/request/allpa.php,2026-08-23T06:45:58.414113+00:00
RTI Online,1540,BSNL KOLKATA TD,1,3099,27,no,yes,https://rtionline.gov.in/request/allpa.php,2026-08-23T06:45:58.414113+00:00
RTI Online,1541,BSNL MADHYA PRADESH,1,3101,27,no,yes,https://rtionline.gov.in/request/allpa.php,2026-08-23T06:45:58.414113+00:00
RTI Online,1542,BSNL MAHARASHTRA,1,3100,27,no,yes,https://rtionline.gov.in/request/allpa.php,2026-08-23T06:45:58.414113+00:00
RTI Online,1543,BSNL NE- I,1,3104,27,no,yes,https://rtionline.gov.in/request/allpa.php,2026-08-23T06:45:58.414113+00:00
RTI Online,1544,BSNL NE- II,1,3105,27,no,yes,https://rtionline.gov.in/request/allpa.php,2026-08-23T06:45:58.414113+00:00
RTI Online,1545,BSNL NETF,1,3106,27,no,yes,https://rtionline.gov.in/request/allpa.php,2026-08-23T06:45:58.414113+00:00
RTI Online,1546,BSNL NFS,1,3592,27,no,yes,https://rtionline.gov.in/request/allpa.php,2026-08-23T06:45:58.414113+00:00
RTI Online,1547,BSNL ODISHA,1,3109,27,no,yes,https://rtionline.gov.in/request/allpa.php,2026-08-23T06:45:58.414113+00:00
RTI Online,1548,BSNL PUNJAB,1,3110,27,no,yes,https://rtionline.gov.in/request/allpa.php,2026-08-23T06:45:58.414113+00:00
RTI Online,1549,BSNL QA & INSPECTION,1,3093,27,no,yes,https://rtionline.gov.in/request/allpa.php,2026-08-23T06:45:58.414113+00:00
RTI Online,1550,BSNL RAJASTHAN,1,3112,27,no,yes,https://rtionline.gov.in/request/allpa.php,2026-08-23T06:45:58.414113+00:00
RTI Online,1551,BSNL SIKKIM,1,3997,27,no,yes,https://rtionline.gov.in/request/allpa.php,2026-08-23T06:45:58.414113+00:00
RTI Online,1552,BSNL TAMILNADU,1,3115,27,no,yes,https://rtionline.gov.in/request/allpa.php,2026-08-23T06:45:58.414113+00:00
RTI Online,1553,BSNL Telangana,1,3406,27,no,yes,https://rtionline.gov.in/request/allpa.php,2026-08-23T06:45:58.414113+00:00
RTI Online,1554,BSNL UP(E),1,3120,27,no,yes,https://rtionline.gov.in/request/allpa.php,2026-08-23T06:45:58.414113+00:00
RTI Online,1555,BSNL UP(W),1,3121,27,no,yes,https://rtionline.gov.in/request/allpa.php,2026-08-23T06:45:58.414113+00:00
RTI Online,1556,BSNL UTTRAKHAND,1,3122,27,no,yes,https://rtionline.gov.in/request/allpa.php,2026-08-23T06:45:58.414113+00:00
RTI Online,1557,BSNL WEST BENGAL,1,3123,27,no,yes,https://rtionline.gov.in/request/allpa.php,2026-08-23T06:45:58.414113+00:00
RTI Online,1558,Centre for Development of Telematics (C-DoT),1,1071,27,no,yes,https://rtionline.gov.in/request/allpa.php,2026-08-23T06:45:58.414113+00:00
RTI Online,1559,Controller General of Communication Accounts (CGCA),1,3797,27,no,yes,https://rtionline.gov.in/request/allpa.php,2026-08-23T06:45:58.414113+00:00
RTI Online,1560,Director General (Telecom) HQ,1,3645,27,no,yes,https://rtionline.gov.in/request/allpa.php,2026-08-23T06:45:58.414113+00:00
RTI Online,1561,Indian Telephone Industries Ltd. (ITI Ltd.),1,930,27,no,yes,https://rtionline.gov.in/request/allpa.php,2026-08-23T06:45:58.414113+00:00
RTI Online,1562,MTNL- Corporate Office,1,148,27,no,yes,https://rtionline.gov.in/request/allpa.php,2026-08-23T06:45:58.414113+00:00
RTI Online,1563,MTNL-Delhi office,1,3278,27,no,yes,https://rtionline.gov.in/request/allpa.php,2026-08-23T06:45:58.414113+00:00
RTI Online,1564,MTNL-Mumbai Office,1,3279,27,no,yes,https://rtionline.gov.in/request/allpa.php,2026-08-23T06:45:58.414113+00:00
RTI Online,1565,Telecom Disputes Settlement & Appellate Tribunal (TDSAT),1,1072,27,no,yes,https://rtionline.gov.in/request/allpa.php,2026-08-23T06:45:58.414113+00:00
RTI Online,1566,Telecommunications Consultants India Limited (TCIL),1,3609,27,no,yes,https://rtionline.gov.in/request/allpa.php,2026-08-23T06:45:58.414113+00:00
RTI Online,1567,Telecom Regulatory Authority of India,1,1073,27,no,yes,https://rtionline.gov.in/request/allpa.php,2026-08-23T06:45:58.414113+00:00
RTI Online,1568,Wireless Monitoring Organisaton Hqrs (WMO),1,3944,27,no,yes,https://rtionline.gov.in/request/allpa.php,2026-08-23T06:45:58.414113+00:00
RTI Online,1569,Department of Youth Affairs,0,107,,yes,no,https://rtionline.gov.in/request/allpa.php,2026-08-23T06:45:58.414113+00:00
RTI Online,1570,Department of Sports,1,4450,107,no,yes,https://rtionline.gov.in/request/allpa.php,2026-08-23T06:45:58.414113+00:00
RTI Online,1571,Lakshmibai National Institute of Physical Education,1,1864,107,no,yes,https://rtionline.gov.in/request/allpa.php,2026-08-23T06:45:58.414113+00:00
RTI Online,1572,National Dope Testing Laboratory (NDTL),1,4125,107,no,yes,https://rtionline.gov.in/request/allpa.php,2026-08-23T06:45:58.414113+00:00
RTI Online,1573,National Service Scheme,1,1861,107,no,yes,https://rtionline.gov.in/request/allpa.php,2026-08-23T06:45:58.414113+00:00
RTI Online,1574,National Sports University,1,3910,107,no,yes,https://rtionline.gov.in/request/allpa.php,2026-08-23T06:45:58.414113+00:00
RTI Online,1575,Nehru Yuva Kendra Sangathan,1,1862,107,no,yes,https://rtionline.gov.in/request/allpa.php,2026-08-23T06:45:58.414113+00:00
RTI Online,1576,Rajiv Gandhi National Institute of Youth Development,1,1860,107,no,yes,https://rtionline.gov.in/request/allpa.php,2026-08-23T06:45:58.414113+00:00
RTI Online,1577,Sports Authority of India,1,1863,107,no,yes,https://rtionline.gov.in/request/allpa.php,2026-08-23T06:45:58.414113+00:00
RTI Online,1578,The Bharat Scouts and Guides,1,4371,107,no,yes,https://rtionline.gov.in/request/allpa.php,2026-08-23T06:45:58.414113+00:00
RTI Online,1579,Food Safety & Standards Authority of India(FSSAI),0,3179,46,no,yes,https://rtionline.gov.in/request/allpa.php,2026-08-23T06:45:58.414113+00:00
RTI Online,1580,Legislative Department,0,67,65,no,yes,https://rtionline.gov.in/request/allpa.php,2026-08-23T06:45:58.414113+00:00
RTI Online,1581,LOKPAL,0,3768,,no,yes,https://rtionline.gov.in/request/allpa.php,2026-08-23T06:45:58.414113+00:00
RTI Online,1582,Lok Sabha Secretariat,0,2835,,no,yes,https://rtionline.gov.in/request/allpa.php,2026-08-23T06:45:58.414113+00:00
RTI Online,1583,Ministry of AYUSH,0,48,46,yes,no,https://rtionline.gov.in/request/allpa.php,2026-08-23T06:45:58.414113+00:00
RTI Online,1584,All india Institute of Ayurveda,1,3868,48,no,yes,https://rtionline.gov.in/request/allpa.php,2026-08-23T06:45:58.414113+00:00
RTI Online,1585,Board of Ethics and Registration for Homeopathy,1,3999,48,no,yes,https://rtionline.gov.in/request/allpa.php,2026-08-23T06:45:58.414113+00:00
RTI Online,1586,Board of Ethics and Registration for Homoeopathy (BERH),1,3985,48,no,yes,https://rtionline.gov.in/request/allpa.php,2026-08-23T06:45:58.414113+00:00
RTI Online,1587,Central Council for Research in Siddha,1,2535,48,no,yes,https://rtionline.gov.in/request/allpa.php,2026-08-23T06:45:58.414113+00:00
RTI Online,1588,Central Council for Research in Unani Medicine(CCRUM),1,1397,48,no,yes,https://rtionline.gov.in/request/allpa.php,2026-08-23T06:45:58.414113+00:00
RTI Online,1589,"Central Poultry Performance Testing Centre , Gurugram",1,4001,48,no,yes,https://rtionline.gov.in/request/allpa.php,2026-08-23T06:45:58.414113+00:00
RTI Online,1590,Homoeopathy Education Board (HEB),1,3984,48,no,yes,https://rtionline.gov.in/request/allpa.php,2026-08-23T06:45:58.414113+00:00
RTI Online,1591,Indian Medicine Pharmaceutical Corporation Limited IMPCL,1,1422,48,no,yes,https://rtionline.gov.in/request/allpa.php,2026-08-23T06:45:58.414113+00:00
RTI Online,1592,"Institute of Teaching and Research in Ayurveda, Jamnagar",1,4124,48,no,yes,https://rtionline.gov.in/request/allpa.php,2026-08-23T06:45:58.414113+00:00
RTI Online,1593,Medical Assessment and Rating Board for Homoeopathy (MARBH),1,3986,48,no,yes,https://rtionline.gov.in/request/allpa.php,2026-08-23T06:45:58.414113+00:00
RTI Online,1594,National Commission for Homoeopathy,1,1407,48,no,yes,https://rtionline.gov.in/request/allpa.php,2026-08-23T06:45:58.414113+00:00
RTI Online,1595,National Institute of Ayurveda (NIA),1,1417,48,no,yes,https://rtionline.gov.in/request/allpa.php,2026-08-23T06:45:58.414113+00:00
RTI Online,1596,National Institute of Homoeopathy,1,1416,48,no,yes,https://rtionline.gov.in/request/allpa.php,2026-08-23T06:45:58.414113+00:00
RTI Online,1597,National Institute of Indian Medical Heritage,1,3878,48,no,yes,https://rtionline.gov.in/request/allpa.php,2026-08-23T06:45:58.414113+00:00
RTI Online,1598,National Institute of Naturopathy,1,1418,48,no,yes,https://rtionline.gov.in/request/allpa.php,2026-08-23T06:45:58.414113+00:00
RTI Online,1599,National Institute of Siddha,1,1421,48,no,yes,https://rtionline.gov.in/request/allpa.php,2026-08-23T06:45:58.414113+00:00
RTI Online,1600,National Institute of Sowa Rigpa (NISR),1,4122,48,no,yes,https://rtionline.gov.in/request/allpa.php,2026-08-23T06:45:58.414113+00:00
RTI Online,1601,National Institute of Unani Medicine (NIUM),1,1420,48,no,yes,https://rtionline.gov.in/request/allpa.php,2026-08-23T06:45:58.414113+00:00
RTI Online,1602,National Medicinal Plants Board,1,1409,48,no,yes,https://rtionline.gov.in/request/allpa.php,2026-08-23T06:45:58.414113+00:00
RTI Online,1603,North Eastern Institute of Ayurveda & Folk Medicine Research (NEIAFMR),1,4154,48,no,yes,https://rtionline.gov.in/request/allpa.php,2026-08-23T06:45:58.414113+00:00
RTI Online,1604,North Eastern Institute of Ayurveda & Homoeopathy (NEIAH),1,4123,48,no,yes,https://rtionline.gov.in/request/allpa.php,2026-08-23T06:45:58.414113+00:00
RTI Online,1605,Pharmacopoeia Commission for Indian Medicine and Homoeopathy (PCIM&H),1,3593,48,no,yes,https://rtionline.gov.in/request/allpa.php,2026-08-23T06:45:58.414113+00:00
RTI Online,1606,Rashtriya Ayurveda Vidyapeeth,1,1419,48,no,yes,https://rtionline.gov.in/request/allpa.php,2026-08-23T06:45:58.414113+00:00
RTI Online,1607,"Rating Board for Homeopathy, NCH",1,4000,48,no,yes,https://rtionline.gov.in/request/allpa.php,2026-08-23T06:45:58.414113+00:00
RTI Online,1608,Ministry of Civil Aviation,0,18,,yes,no,https://rtionline.gov.in/request/allpa.php,2026-08-23T06:45:58.414113+00:00
RTI Online,1609,"AAI-Airport Director, Chennai Airport",1,3145,18,no,yes,https://rtionline.gov.in/request/allpa.php,2026-08-23T06:45:58.414113+00:00
RTI Online,1610,"AAI-Airport Director, Kolkata Airport",1,3146,18,no,yes,https://rtionline.gov.in/request/allpa.php,2026-08-23T06:45:58.414113+00:00
RTI Online,1611,"AAI-Eastern Region, Kolkata",1,3141,18,no,yes,https://rtionline.gov.in/request/allpa.php,2026-08-23T06:45:58.414113+00:00
RTI Online,1612,"AAI-North East Region, Guwahati",1,3140,18,no,yes,https://rtionline.gov.in/request/allpa.php,2026-08-23T06:45:58.414113+00:00
RTI Online,1613,"AAI-Northern Region, Delhi",1,3144,18,no,yes,https://rtionline.gov.in/request/allpa.php,2026-08-23T06:45:58.414113+00:00
RTI Online,1614,"AAI-Southern Region, Chennai",1,3142,18,no,yes,https://rtionline.gov.in/request/allpa.php,2026-08-23T06:45:58.414113+00:00
RTI Online,1615,"AAI-Western Region, Mumbai",1,3143,18,no,yes,https://rtionline.gov.in/request/allpa.php,2026-08-23T06:45:58.414113+00:00
RTI Online,1616,AI Assets Holding Ltd,1,4013,18,no,yes,https://rtionline.gov.in/request/allpa.php,2026-08-23T06:45:58.414113+00:00
RTI Online,1617,Aircraft Accident Investigation Bureau (AAIB),1,4389,18,no,yes,https://rtionline.gov.in/request/allpa.php,2026-08-23T06:45:58.414113+00:00
RTI Online,1618,Airports Authority of India,1,144,18,no,yes,https://rtionline.gov.in/request/allpa.php,2026-08-23T06:45:58.414113+00:00
RTI Online,1619,Airports Economic Regulatory Authority of India,1,143,18,no,yes,https://rtionline.gov.in/request/allpa.php,2026-08-23T06:45:58.414113+00:00
RTI Online,1620,Bureau of Civil Aviation Security,1,853,18,no,yes,https://rtionline.gov.in/request/allpa.php,2026-08-23T06:45:58.414113+00:00
RTI Online,1621,Commission of Railway Safety,1,784,18,no,yes,https://rtionline.gov.in/request/allpa.php,2026-08-23T06:45:58.414113+00:00
RTI Online,1622,Director General of Civil Aviation,1,778,18,no,yes,https://rtionline.gov.in/request/allpa.php,2026-08-23T06:45:58.414113+00:00
RTI Online,1623,Indira Gandhi Rashtriya Uran Akademi,1,802,18,no,yes,https://rtionline.gov.in/request/allpa.php,2026-08-23T06:45:58.414113+00:00
RTI Online,1624,Pawan Hans Limited,1,3224,18,no,yes,https://rtionline.gov.in/request/allpa.php,2026-08-23T06:45:58.414113+00:00
RTI Online,1625,Rajiv Gandhi National Aviation University,1,3818,18,no,yes,https://rtionline.gov.in/request/allpa.php,2026-08-23T06:45:58.414113+00:00
RTI Online,1626,Ministry of Coal,0,19,,yes,no,https://rtionline.gov.in/request/allpa.php,2026-08-23T06:45:58.414113+00:00
RTI Online,1627,Central Coalfield Limited,1,152,19,no,yes,https://rtionline.gov.in/request/allpa.php,2026-08-23T06:45:58.414113+00:00
RTI Online,1628,Central Mine Planning and Design Institute,1,153,19,no,yes,https://rtionline.gov.in/request/allpa.php,2026-08-23T06:45:58.414113+00:00
RTI Online,1629,CMPFO- Dhanbad,1,4034,19,no,yes,https://rtionline.gov.in/request/allpa.php,2026-08-23T06:45:58.414113+00:00
RTI Online,1630,Coal Controller Organisation,1,4119,19,no,yes,https://rtionline.gov.in/request/allpa.php,2026-08-23T06:45:58.414113+00:00
RTI Online,1631,Coal India Limited,1,611,19,yes,no,https://rtionline.gov.in/request/allpa.php,2026-08-23T06:45:58.414113+00:00
RTI Online,1632,Bharat Coking Coal Limited.,2,256,611,no,yes,https://rtionline.gov.in/request/allpa.php,2026-08-23T06:45:58.414113+00:00
RTI Online,1633,Eastern Coalfields Limited,1,156,19,no,yes,https://rtionline.gov.in/request/allpa.php,2026-08-23T06:45:58.414113+00:00
RTI Online,1634,Mahanadi Coalfiels Limited,1,155,19,no,yes,https://rtionline.gov.in/request/allpa.php,2026-08-23T06:45:58.414113+00:00
RTI Online,1635,NLC India Limited,1,612,19,no,yes,https://rtionline.gov.in/request/allpa.php,2026-08-23T06:45:58.414113+00:00
RTI Online,1636,North Eastern Coalfields,1,3673,19,no,yes,https://rtionline.gov.in/request/allpa.php,2026-08-23T06:45:58.414113+00:00
RTI Online,1637,Northern Coalfield Ltd.,1,158,19,no,yes,https://rtionline.gov.in/request/allpa.php,2026-08-23T06:45:58.414113+00:00
RTI Online,1638,Singareni Collieries Company Limited (SCCL),1,4108,19,no,yes,https://rtionline.gov.in/request/allpa.php,2026-08-23T06:45:58.414113+00:00
RTI Online,1639,South Eastern Coalfields Ltd.,1,159,19,no,yes,https://rtionline.gov.in/request/allpa.php,2026-08-23T06:45:58.414113+00:00
RTI Online,1640,Western Coalfileds Limited,1,844,19,no,yes,https://rtionline.gov.in/request/allpa.php,2026-08-23T06:45:58.414113+00:00
RTI Online,1641,Ministry of Cooperation,0,3931,3930,no,yes,https://rtionline.gov.in/request/allpa.php,2026-08-23T06:45:58.414113+00:00
RTI Online,1642,Ministry of Corporate Affairs,0,69,,yes,no,https://rtionline.gov.in/request/allpa.php,2026-08-23T06:45:58.414113+00:00
RTI Online,1643,"Central Processing Centre, MANESAR, MCA",1,4152,69,no,yes,https://rtionline.gov.in/request/allpa.php,2026-08-23T06:45:58.414113+00:00
RTI Online,1644,"Central Registration Centre, Manesar",1,3684,69,no,yes,https://rtionline.gov.in/request/allpa.php,2026-08-23T06:45:58.414113+00:00
RTI Online,1645,"Central Scrutiny Centre (CSC), Manesar, Gurugram",1,4448,69,no,yes,https://rtionline.gov.in/request/allpa.php,2026-08-23T06:45:58.414113+00:00
RTI Online,1646,"Centre for Processing Accelerated Corporate Exit (C-PACE), Manesar, Gurugram",1,4231,69,no,yes,https://rtionline.gov.in/request/allpa.php,2026-08-23T06:45:58.414113+00:00
RTI Online,1647,Competition Commission of India,1,2613,69,no,yes,https://rtionline.gov.in/request/allpa.php,2026-08-23T06:45:58.414113+00:00
RTI Online,1648,Indian Corporate Law Service (ICLS) Academy,1,4061,69,no,yes,https://rtionline.gov.in/request/allpa.php,2026-08-23T06:45:58.414113+00:00
RTI Online,1649,"Indian Institute of Corporate Affairs, Manesar (IICA Manesar)",1,3792,69,no,yes,https://rtionline.gov.in/request/allpa.php,2026-08-23T06:45:58.414113+00:00
RTI Online,1650,Insolvency and Bankruptcy Board of India,1,3569,69,no,yes,https://rtionline.gov.in/request/allpa.php,2026-08-23T06:45:58.414113+00:00
RTI Online,1651,Investor Education And Protection Fund Authority (IEPF Authority),1,3686,69,no,yes,https://rtionline.gov.in/request/allpa.php,2026-08-23T06:45:58.414113+00:00
RTI Online,1652,National Company Law Appellate Tribunal,1,3575,69,no,yes,https://rtionline.gov.in/request/allpa.php,2026-08-23T06:45:58.414113+00:00
RTI Online,1653,"National Company Law Tribunal, Ahmedabad",1,3338,69,no,yes,https://rtionline.gov.in/request/allpa.php,2026-08-23T06:45:58.414113+00:00
RTI Online,1654,"National Company Law Tribunal, Chandigarh",1,3250,69,no,yes,https://rtionline.gov.in/request/allpa.php,2026-08-23T06:45:58.414113+00:00
RTI Online,1655,"National Company Law Tribunal, Guwahati",1,3249,69,no,yes,https://rtionline.gov.in/request/allpa.php,2026-08-23T06:45:58.414113+00:00
RTI Online,1656,"National Company Law Tribunal, Hyderabad",1,3339,69,no,yes,https://rtionline.gov.in/request/allpa.php,2026-08-23T06:45:58.414113+00:00
RTI Online,1657,"National Company Law Tribunal, Kolkata Bench",1,3237,69,no,yes,https://rtionline.gov.in/request/allpa.php,2026-08-23T06:45:58.414113+00:00
RTI Online,1658,"National Company Law Tribunal, Mumbai",1,3252,69,no,yes,https://rtionline.gov.in/request/allpa.php,2026-08-23T06:45:58.414113+00:00
RTI Online,1659,"National Company Law Tribunal, Principal Bench",1,3253,69,no,yes,https://rtionline.gov.in/request/allpa.php,2026-08-23T06:45:58.414113+00:00
RTI Online,1660,National Financial Reporting Authority (NFRA),1,3791,69,no,yes,https://rtionline.gov.in/request/allpa.php,2026-08-23T06:45:58.414113+00:00
RTI Online,1661,"Official Liquidator, Bengaluru",1,2606,69,no,yes,https://rtionline.gov.in/request/allpa.php,2026-08-23T06:45:58.414113+00:00
RTI Online,1662,"Official Liquidator, Chandigarh",1,2607,69,no,yes,https://rtionline.gov.in/request/allpa.php,2026-08-23T06:45:58.414113+00:00
RTI Online,1663,"Official Liquidator, Delhi",1,2601,69,no,yes,https://rtionline.gov.in/request/allpa.php,2026-08-23T06:45:58.414113+00:00
RTI Online,1664,"Official Liquidator, Gujarat",1,2605,69,no,yes,https://rtionline.gov.in/request/allpa.php,2026-08-23T06:45:58.414113+00:00
RTI Online,1665,"Official Liquidator, Guwahati",1,2595,69,no,yes,https://rtionline.gov.in/request/allpa.php,2026-08-23T06:45:58.414113+00:00
RTI Online,1666,"Official Liquidator, Hyderabad",1,3241,69,no,yes,https://rtionline.gov.in/request/allpa.php,2026-08-23T06:45:58.414113+00:00
RTI Online,1667,"Official Liquidator, Jodhpur",1,3251,69,no,yes,https://rtionline.gov.in/request/allpa.php,2026-08-23T06:45:58.414113+00:00
RTI Online,1668,"Official Liquidator, Kerala",1,2596,69,no,yes,https://rtionline.gov.in/request/allpa.php,2026-08-23T06:45:58.414113+00:00
RTI Online,1669,"Official Liquidator, Madhya Pradesh",1,2592,69,no,yes,https://rtionline.gov.in/request/allpa.php,2026-08-23T06:45:58.414113+00:00
RTI Online,1670,"Official Liquidator, Maharashtra",1,2597,69,no,yes,https://rtionline.gov.in/request/allpa.php,2026-08-23T06:45:58.414113+00:00
RTI Online,1671,"Official Liquidator, Nagpur",1,2609,69,no,yes,https://rtionline.gov.in/request/allpa.php,2026-08-23T06:45:58.414113+00:00
RTI Online,1672,"Official Liquidator, Tamil Nadu",1,2599,69,no,yes,https://rtionline.gov.in/request/allpa.php,2026-08-23T06:45:58.414113+00:00
RTI Online,1673,"Official Liquidator, Uttar Pradesh",1,2598,69,no,yes,https://rtionline.gov.in/request/allpa.php,2026-08-23T06:45:58.414113+00:00
RTI Online,1674,"Official Liquidator, West Bengal",1,2594,69,no,yes,https://rtionline.gov.in/request/allpa.php,2026-08-23T06:45:58.414113+00:00
RTI Online,1675,"Regional Director(ER),Kolkata",1,2568,69,no,yes,https://rtionline.gov.in/request/allpa.php,2026-08-23T06:45:58.414113+00:00
RTI Online,1676,"Regional Director (NER), Guwahati",1,4441,69,no,yes,https://rtionline.gov.in/request/allpa.php,2026-08-23T06:45:58.414113+00:00
RTI Online,1677,"Regional Director(NR-I), New Delhi",1,2572,69,no,yes,https://rtionline.gov.in/request/allpa.php,2026-08-23T06:45:58.414113+00:00
RTI Online,1678,"Regional Director(NWR), Ahmedabad",1,2569,69,no,yes,https://rtionline.gov.in/request/allpa.php,2026-08-23T06:45:58.414113+00:00
RTI Online,1679,"Regional Director(SER), Hyderabad",1,2611,69,no,yes,https://rtionline.gov.in/request/allpa.php,2026-08-23T06:45:58.414113+00:00
RTI Online,1680,"Regional Directors (NR-II), Chandigarh",1,4438,69,no,yes,https://rtionline.gov.in/request/allpa.php,2026-08-23T06:45:58.414113+00:00
RTI Online,1681,"Regional Director(SR), Chennai",1,2573,69,no,yes,https://rtionline.gov.in/request/allpa.php,2026-08-23T06:45:58.414113+00:00
RTI Online,1682,"Regional Director (SWR), Bangalore",1,4440,69,no,yes,https://rtionline.gov.in/request/allpa.php,2026-08-23T06:45:58.414113+00:00
RTI Online,1683,"Regional Directors (WR-II), Navi Mumbai",1,4439,69,no,yes,https://rtionline.gov.in/request/allpa.php,2026-08-23T06:45:58.414113+00:00
RTI Online,1684,"Regional Director(WR-I),Mumbai",1,2571,69,no,yes,https://rtionline.gov.in/request/allpa.php,2026-08-23T06:45:58.414113+00:00
RTI Online,1685,"Registrar of Companies, Ahmedabad",1,3239,69,no,yes,https://rtionline.gov.in/request/allpa.php,2026-08-23T06:45:58.414113+00:00
RTI Online,1686,"Registrar of Companies, Andhra Pradesh",1,2574,69,no,yes,https://rtionline.gov.in/request/allpa.php,2026-08-23T06:45:58.414113+00:00
RTI Online,1687,"Registrar of Companies, Bengaluru",1,2579,69,no,yes,https://rtionline.gov.in/request/allpa.php,2026-08-23T06:45:58.414113+00:00
RTI Online,1688,"Registrar of Companies, Coimbatore",1,2567,69,no,yes,https://rtionline.gov.in/request/allpa.php,2026-08-23T06:45:58.414113+00:00
RTI Online,1689,"Registrar of Companies (Delhi-I), South Delhi",1,2566,69,no,yes,https://rtionline.gov.in/request/allpa.php,2026-08-23T06:45:58.414113+00:00
RTI Online,1690,"Registrar of Companies, Guwahati",1,2575,69,no,yes,https://rtionline.gov.in/request/allpa.php,2026-08-23T06:45:58.414113+00:00
RTI Online,1691,"Registrar of Companies, Gwalior",1,2581,69,no,yes,https://rtionline.gov.in/request/allpa.php,2026-08-23T06:45:58.414113+00:00
RTI Online,1692,"Registrar of Companies, Hyderabad",1,3240,69,no,yes,https://rtionline.gov.in/request/allpa.php,2026-08-23T06:45:58.414113+00:00
RTI Online,1693,"Registrar of Companies (Kerala), Ernakulam",1,2580,69,no,yes,https://rtionline.gov.in/request/allpa.php,2026-08-23T06:45:58.414113+00:00
RTI Online,1694,"Registrar of Companies (Kolkata-I), Kolkata, West Bengal",1,2590,69,no,yes,https://rtionline.gov.in/request/allpa.php,2026-08-23T06:45:58.414113+00:00
RTI Online,1695,"Registrar of Companies, (Mumbai-I), Mumbai",1,2582,69,no,yes,https://rtionline.gov.in/request/allpa.php,2026-08-23T06:45:58.414113+00:00
RTI Online,1696,"Registrar of Companies & Official Liquidator, Chhattisgarh",1,3246,69,no,yes,https://rtionline.gov.in/request/allpa.php,2026-08-23T06:45:58.414113+00:00
RTI Online,1697,"Registrar of Companies & Official Liquidator, Goa",1,2576,69,no,yes,https://rtionline.gov.in/request/allpa.php,2026-08-23T06:45:58.414113+00:00
RTI Online,1698,"Registrar of Companies & Official Liquidator, Himachal Pradesh",1,3248,69,no,yes,https://rtionline.gov.in/request/allpa.php,2026-08-23T06:45:58.414113+00:00
RTI Online,1699,"Registrar of Companies & Official Liquidator, Jammu & Kashmir",1,3685,69,no,yes,https://rtionline.gov.in/request/allpa.php,2026-08-23T06:45:58.414113+00:00
RTI Online,1700,"Registrar of Companies & Official Liquidator, Jharkhand",1,2593,69,no,yes,https://rtionline.gov.in/request/allpa.php,2026-08-23T06:45:58.414113+00:00
RTI Online,1701,"Registrar of Companies & Official Liquidator, Odisha",1,2584,69,no,yes,https://rtionline.gov.in/request/allpa.php,2026-08-23T06:45:58.414113+00:00
RTI Online,1702,"Registrar of Companies & Official Liquidator, Patna, Bihar",1,2591,69,no,yes,https://rtionline.gov.in/request/allpa.php,2026-08-23T06:45:58.414113+00:00
RTI Online,1703,"Registrar of Companies & Official Liquidator, Rajasthan",1,2587,69,no,yes,https://rtionline.gov.in/request/allpa.php,2026-08-23T06:45:58.414113+00:00
RTI Online,1704,"Registrar of Companies & Official Liquidator (Uttarakhand), Dehradun",1,3254,69,no,yes,https://rtionline.gov.in/request/allpa.php,2026-08-23T06:45:58.414113+00:00
RTI Online,1705,"Registrar of Companies, Puducherry",1,2585,69,no,yes,https://rtionline.gov.in/request/allpa.php,2026-08-23T06:45:58.414113+00:00
RTI Online,1706,"Registrar of Companies, Pune",1,2583,69,no,yes,https://rtionline.gov.in/request/allpa.php,2026-08-23T06:45:58.414113+00:00
RTI Online,1707,"Registrar of Companies, Punjab",1,2586,69,no,yes,https://rtionline.gov.in/request/allpa.php,2026-08-23T06:45:58.414113+00:00
RTI Online,1708,"Registrar of Companies, Tamil Nadu",1,2588,69,no,yes,https://rtionline.gov.in/request/allpa.php,2026-08-23T06:45:58.414113+00:00
RTI Online,1709,"Registrar of Companies, (UP-I), Kanpur",1,2589,69,no,yes,https://rtionline.gov.in/request/allpa.php,2026-08-23T06:45:58.414113+00:00
RTI Online,1710,"Registrars of Companies (Delhi-II), Central Delhi",1,4447,69,no,yes,https://rtionline.gov.in/request/allpa.php,2026-08-23T06:45:58.414113+00:00
RTI Online,1711,"Registrars of Companies (Haryana), Chandigarh",1,4446,69,no,yes,https://rtionline.gov.in/request/allpa.php,2026-08-23T06:45:58.414113+00:00
RTI Online,1712,"Registrars of Companies (Kolkata-II), Kolkata",1,4443,69,no,yes,https://rtionline.gov.in/request/allpa.php,2026-08-23T06:45:58.414113+00:00
RTI Online,1713,"Registrars of Companies (Mumbai-II), Navi Mumbai",1,4442,69,no,yes,https://rtionline.gov.in/request/allpa.php,2026-08-23T06:45:58.414113+00:00
RTI Online,1714,"Registrars of Companies (Nagpur), Nagpur",1,4445,69,no,yes,https://rtionline.gov.in/request/allpa.php,2026-08-23T06:45:58.414113+00:00
RTI Online,1715,"Registrars of Companies (UP-II), Noida",1,4444,69,no,yes,https://rtionline.gov.in/request/allpa.php,2026-08-23T06:45:58.414113+00:00
RTI Online,1716,Serious Fraud Investigation Office,1,2612,69,no,yes,https://rtionline.gov.in/request/allpa.php,2026-08-23T06:45:58.414113+00:00
RTI Online,1717,The Institute of Chartered Accountants of India,1,2616,69,no,yes,https://rtionline.gov.in/request/allpa.php,2026-08-23T06:45:58.414113+00:00
RTI Online,1718,The Institute of Company Secretaries of India,1,2614,69,no,yes,https://rtionline.gov.in/request/allpa.php,2026-08-23T06:45:58.414113+00:00
RTI Online,1719,The Institute of Cost Accountants of India,1,3309,69,no,yes,https://rtionline.gov.in/request/allpa.php,2026-08-23T06:45:58.414113+00:00
RTI Online,1720,Ministry of Culture,0,101,,yes,no,https://rtionline.gov.in/request/allpa.php,2026-08-23T06:45:58.414113+00:00
RTI Online,1721,Allahabad Museum,1,1931,101,no,yes,https://rtionline.gov.in/request/allpa.php,2026-08-23T06:45:58.414113+00:00
RTI Online,1722,Anthropological Survey of India,1,1835,101,no,yes,https://rtionline.gov.in/request/allpa.php,2026-08-23T06:45:58.414113+00:00
RTI Online,1723,Archaeological Survey of India,1,1930,101,no,yes,https://rtionline.gov.in/request/allpa.php,2026-08-23T06:45:58.414113+00:00
RTI Online,1724,Asiatic Society,1,1928,101,no,yes,https://rtionline.gov.in/request/allpa.php,2026-08-23T06:45:58.414113+00:00
RTI Online,1725,Central Institute of Buddhist Studies.,1,1883,101,no,yes,https://rtionline.gov.in/request/allpa.php,2026-08-23T06:45:58.414113+00:00
RTI Online,1726,Central Institute of Himalayan Culture Studies,1,3308,101,no,yes,https://rtionline.gov.in/request/allpa.php,2026-08-23T06:45:58.414113+00:00
RTI Online,1727,Central Reference Library,1,1923,101,no,yes,https://rtionline.gov.in/request/allpa.php,2026-08-23T06:45:58.414113+00:00
RTI Online,1728,Central University of Tibetan Studies.,1,1838,101,no,yes,https://rtionline.gov.in/request/allpa.php,2026-08-23T06:45:58.414113+00:00
RTI Online,1729,Centre for Cultural Resources and Training.,1,1874,101,no,yes,https://rtionline.gov.in/request/allpa.php,2026-08-23T06:45:58.414113+00:00
RTI Online,1730,Delhi Public Library,1,854,101,no,yes,https://rtionline.gov.in/request/allpa.php,2026-08-23T06:45:58.414113+00:00
RTI Online,1731,Eastern Zonal Cultural Centre,1,1837,101,no,yes,https://rtionline.gov.in/request/allpa.php,2026-08-23T06:45:58.414113+00:00
RTI Online,1732,Gandhi Smriti Darshan Samiti,1,1853,101,no,yes,https://rtionline.gov.in/request/allpa.php,2026-08-23T06:45:58.414113+00:00
RTI Online,1733,Indira Gandhi National Centre for the Arts,1,1927,101,no,yes,https://rtionline.gov.in/request/allpa.php,2026-08-23T06:45:58.414113+00:00
RTI Online,1734,Indira Gandhi Rashtriya Manav Sangrahalaya,1,1856,101,no,yes,https://rtionline.gov.in/request/allpa.php,2026-08-23T06:45:58.414113+00:00
RTI Online,1735,Kalakshetra Foundation,1,1881,101,no,yes,https://rtionline.gov.in/request/allpa.php,2026-08-23T06:45:58.414113+00:00
RTI Online,1736,Khuda Bakhsh Oriental Public Library,1,2475,101,no,yes,https://rtionline.gov.in/request/allpa.php,2026-08-23T06:45:58.414113+00:00
RTI Online,1737,Lalit Kala Akademi,1,1834,101,no,yes,https://rtionline.gov.in/request/allpa.php,2026-08-23T06:45:58.414113+00:00
RTI Online,1738,Maulana Abul Kalam Azad Institute of Asian Studies.,1,1875,101,no,yes,https://rtionline.gov.in/request/allpa.php,2026-08-23T06:45:58.414113+00:00
RTI Online,1739,National Archives of India,1,922,101,no,yes,https://rtionline.gov.in/request/allpa.php,2026-08-23T06:45:58.414113+00:00
RTI Online,1740,National Council of Science Museums.( Hqrs./CRTL),1,1843,101,no,yes,https://rtionline.gov.in/request/allpa.php,2026-08-23T06:45:58.414113+00:00
RTI Online,1741,National Culture Fund,1,2133,101,no,yes,https://rtionline.gov.in/request/allpa.php,2026-08-23T06:45:58.414113+00:00
RTI Online,1742,"National Gallery of Modern Arts, Bangalore",1,1929,101,no,yes,https://rtionline.gov.in/request/allpa.php,2026-08-23T06:45:58.414113+00:00
RTI Online,1743,"National Gallery of Modern Arts, Delhi",1,3362,101,no,yes,https://rtionline.gov.in/request/allpa.php,2026-08-23T06:45:58.414113+00:00
RTI Online,1744,"National Gallery of Modern Arts, Mumbai",1,3310,101,no,yes,https://rtionline.gov.in/request/allpa.php,2026-08-23T06:45:58.414113+00:00
RTI Online,1745,"National Library, Kolkata",1,1925,101,no,yes,https://rtionline.gov.in/request/allpa.php,2026-08-23T06:45:58.414113+00:00
RTI Online,1746,National Monuments Authority (NMA),1,2852,101,no,yes,https://rtionline.gov.in/request/allpa.php,2026-08-23T06:45:58.414113+00:00
RTI Online,1747,National Museum,1,1833,101,no,yes,https://rtionline.gov.in/request/allpa.php,2026-08-23T06:45:58.414113+00:00
RTI Online,1748,National Museum Institute of History of Art Conservation and Museology,1,1854,101,no,yes,https://rtionline.gov.in/request/allpa.php,2026-08-23T06:45:58.414113+00:00
RTI Online,1749,National Research Laboratory for Conservation of Cultural Property.,1,1876,101,no,yes,https://rtionline.gov.in/request/allpa.php,2026-08-23T06:45:58.414113+00:00
RTI Online,1750,National School of Drama,1,1849,101,no,yes,https://rtionline.gov.in/request/allpa.php,2026-08-23T06:45:58.414113+00:00
RTI Online,1751,Nava Nalanda Mahavihara,1,1933,101,no,yes,https://rtionline.gov.in/request/allpa.php,2026-08-23T06:45:58.414113+00:00
RTI Online,1752,North Central Zone Cultural Centre Allahabad,1,1031,101,no,yes,https://rtionline.gov.in/request/allpa.php,2026-08-23T06:45:58.414113+00:00
RTI Online,1753,North East Zone Cultural Centre,1,1836,101,no,yes,https://rtionline.gov.in/request/allpa.php,2026-08-23T06:45:58.414113+00:00
RTI Online,1754,"North Zone Cultural Centre, Patiala",1,1935,101,no,yes,https://rtionline.gov.in/request/allpa.php,2026-08-23T06:45:58.414113+00:00
RTI Online,1755,"Prime Ministers Museum & library, New Delhi",1,1879,101,no,yes,https://rtionline.gov.in/request/allpa.php,2026-08-23T06:45:58.414113+00:00
RTI Online,1756,Raja Rammohan Roy Library Foundation.,1,1880,101,no,yes,https://rtionline.gov.in/request/allpa.php,2026-08-23T06:45:58.414113+00:00
RTI Online,1757,Rampur Raza Library,1,1878,101,no,yes,https://rtionline.gov.in/request/allpa.php,2026-08-23T06:45:58.414113+00:00
RTI Online,1758,Sahitya Akademi,1,1850,101,no,yes,https://rtionline.gov.in/request/allpa.php,2026-08-23T06:45:58.414113+00:00
RTI Online,1759,Salar Jung Museum,1,1882,101,no,yes,https://rtionline.gov.in/request/allpa.php,2026-08-23T06:45:58.414113+00:00
RTI Online,1760,Sangeet Natak Akademi,1,1872,101,no,yes,https://rtionline.gov.in/request/allpa.php,2026-08-23T06:45:58.414113+00:00
RTI Online,1761,South Central Zone Cultural Centre,1,1936,101,no,yes,https://rtionline.gov.in/request/allpa.php,2026-08-23T06:45:58.414113+00:00
RTI Online,1762,South Zone Cultural Centre,1,1924,101,no,yes,https://rtionline.gov.in/request/allpa.php,2026-08-23T06:45:58.414113+00:00
RTI Online,1763,Victoria Memorial Hall,1,1884,101,no,yes,https://rtionline.gov.in/request/allpa.php,2026-08-23T06:45:58.414113+00:00
RTI Online,1764,West Zone Cultural Centre,1,1877,101,no,yes,https://rtionline.gov.in/request/allpa.php,2026-08-23T06:45:58.414113+00:00
RTI Online,1765,Ministry of Development of North Eastern Region,0,38,,yes,no,https://rtionline.gov.in/request/allpa.php,2026-08-23T06:45:58.414113+00:00
RTI Online,1766,North Eastern Council (NEC),1,558,38,no,yes,https://rtionline.gov.in/request/allpa.php,2026-08-23T06:45:58.414113+00:00
RTI Online,1767,North Eastern Development Finance Corp. (NEDFi),1,556,38,no,yes,https://rtionline.gov.in/request/allpa.php,2026-08-23T06:45:58.414113+00:00
RTI Online,1768,North Eastern Handicrafts and Handlooms Development Corporation(NEHHDC),1,555,38,no,yes,https://rtionline.gov.in/request/allpa.php,2026-08-23T06:45:58.414113+00:00
RTI Online,1769,North Eastern Regional Agricultural Marketing Corporation (NERAMAC),1,554,38,no,yes,https://rtionline.gov.in/request/allpa.php,2026-08-23T06:45:58.414113+00:00
RTI Online,1770,Ministry of Drinking Water and Sanitation,0,86,,yes,no,https://rtionline.gov.in/request/allpa.php,2026-08-23T06:45:58.414113+00:00
RTI Online,1771,Dr. Syama Prasad Mookerjee-National Institute of Water and Sanitation(SPM-NIWAS),1,4227,86,no,yes,https://rtionline.gov.in/request/allpa.php,2026-08-23T06:45:58.414113+00:00
RTI Online,1772,Ministry of Earth Sciences,0,71,,yes,no,https://rtionline.gov.in/request/allpa.php,2026-08-23T06:45:58.414113+00:00
RTI Online,1773,Centre for Marine Living Resources and Ecology,1,1027,71,no,yes,https://rtionline.gov.in/request/allpa.php,2026-08-23T06:45:58.414113+00:00
RTI Online,1774,India Meteorological Department,1,1857,71,no,yes,https://rtionline.gov.in/request/allpa.php,2026-08-23T06:45:58.414113+00:00
RTI Online,1775,Indian Institute of Tropical Meteorology,1,1858,71,no,yes,https://rtionline.gov.in/request/allpa.php,2026-08-23T06:45:58.414113+00:00
RTI Online,1776,Indian National Centre for Ocean Information Services,1,1030,71,no,yes,https://rtionline.gov.in/request/allpa.php,2026-08-23T06:45:58.414113+00:00
RTI Online,1777,Integrated Coastal and Marine Area Management (ICMAM) Project Directorate,1,1026,71,no,yes,https://rtionline.gov.in/request/allpa.php,2026-08-23T06:45:58.414113+00:00
RTI Online,1778,"National Centre for Earth Science Studies, Trivandrum",1,3349,71,no,yes,https://rtionline.gov.in/request/allpa.php,2026-08-23T06:45:58.414113+00:00
RTI Online,1779,NATIONAL CENTRE FOR MEDIUM RANGE WEATHER FORECASTING,1,2832,71,no,yes,https://rtionline.gov.in/request/allpa.php,2026-08-23T06:45:58.414113+00:00
RTI Online,1780,National Centre for Polar and Ocean Research,1,1029,71,no,yes,https://rtionline.gov.in/request/allpa.php,2026-08-23T06:45:58.414113+00:00
RTI Online,1781,National Institute of Ocean Technology,1,1028,71,no,yes,https://rtionline.gov.in/request/allpa.php,2026-08-23T06:45:58.414113+00:00
RTI Online,1782,"Principal Accounts Officer, Ministry of Earth Sciences",1,2822,71,no,yes,https://rtionline.gov.in/request/allpa.php,2026-08-23T06:45:58.414113+00:00
RTI Online,1783,Ministry of Education,0,59,,yes,no,https://rtionline.gov.in/request/allpa.php,2026-08-23T06:45:58.414113+00:00
RTI Online,1784,Central Tribal University of Andhra Pradesh,1,4223,59,no,yes,https://rtionline.gov.in/request/allpa.php,2026-08-23T06:45:58.414113+00:00
RTI Online,1785,Central University of Andhra Pradesh,1,4224,59,no,yes,https://rtionline.gov.in/request/allpa.php,2026-08-23T06:45:58.414113+00:00
RTI Online,1786,Department of Higher Education,1,61,59,yes,no,https://rtionline.gov.in/request/allpa.php,2026-08-23T06:45:58.414113+00:00
RTI Online,1787,Aligarh Muslim University,2,1624,61,no,yes,https://rtionline.gov.in/request/allpa.php,2026-08-23T06:45:58.414113+00:00
RTI Online,1788,All India Council for Technical Education (AICTE),2,1480,61,no,yes,https://rtionline.gov.in/request/allpa.php,2026-08-23T06:45:58.414113+00:00
RTI Online,1789,Assam University,2,1499,61,no,yes,https://rtionline.gov.in/request/allpa.php,2026-08-23T06:45:58.414113+00:00
RTI Online,1790,Association of Indian Universities (AIU),2,3255,61,no,yes,https://rtionline.gov.in/request/allpa.php,2026-08-23T06:45:58.414113+00:00
RTI Online,1791,Auroville Foundation,2,1172,61,no,yes,https://rtionline.gov.in/request/allpa.php,2026-08-23T06:45:58.414113+00:00
RTI Online,1792,Babasaheb Bhimrao Ambedkar University,2,1627,61,no,yes,https://rtionline.gov.in/request/allpa.php,2026-08-23T06:45:58.414113+00:00
RTI Online,1793,Banaras Hindu University,2,1496,61,no,yes,https://rtionline.gov.in/request/allpa.php,2026-08-23T06:45:58.414113+00:00
RTI Online,1794,Board of Apprenticeship Training (BOAT) (NR) Kanpur,2,1630,61,no,yes,https://rtionline.gov.in/request/allpa.php,2026-08-23T06:45:58.414113+00:00
RTI Online,1795,"Board of Apprenticeship Training, Chennai",2,1629,61,no,yes,https://rtionline.gov.in/request/allpa.php,2026-08-23T06:45:58.414113+00:00
RTI Online,1796,Board of Apprenticeship Training (W R) Mumbai,2,1631,61,no,yes,https://rtionline.gov.in/request/allpa.php,2026-08-23T06:45:58.414113+00:00
RTI Online,1797,Board of Practical Training Eastern Region Kolkata,2,1632,61,no,yes,https://rtionline.gov.in/request/allpa.php,2026-08-23T06:45:58.414113+00:00
RTI Online,1798,Central Hindi Directorate,2,1019,61,no,yes,https://rtionline.gov.in/request/allpa.php,2026-08-23T06:45:58.414113+00:00
RTI Online,1799,CENTRAL INSTITUTE OF CLASSICAL TAMIL (CICT),2,2303,61,no,yes,https://rtionline.gov.in/request/allpa.php,2026-08-23T06:45:58.414113+00:00
RTI Online,1800,Central Institute of Indian Languages (CIIL),2,1022,61,no,yes,https://rtionline.gov.in/request/allpa.php,2026-08-23T06:45:58.414113+00:00
RTI Online,1801,"Central Institute of Technology, Kokrajhar",2,3346,61,no,yes,https://rtionline.gov.in/request/allpa.php,2026-08-23T06:45:58.414113+00:00
RTI Online,1802,Central University of Gujarat,2,2297,61,no,yes,https://rtionline.gov.in/request/allpa.php,2026-08-23T06:45:58.414113+00:00
RTI Online,1803,CENTRAL UNIVERSITY OF HARYANA,2,2288,61,no,yes,https://rtionline.gov.in/request/allpa.php,2026-08-23T06:45:58.414113+00:00
RTI Online,1804,Central University of Himachal Pradesh,2,2319,61,no,yes,https://rtionline.gov.in/request/allpa.php,2026-08-23T06:45:58.414113+00:00
RTI Online,1805,Central University of Jammu,2,2320,61,no,yes,https://rtionline.gov.in/request/allpa.php,2026-08-23T06:45:58.414113+00:00
RTI Online,1806,Central University of Jharkhand,2,2317,61,no,yes,https://rtionline.gov.in/request/allpa.php,2026-08-23T06:45:58.414113+00:00
RTI Online,1807,CENTRAL UNIVERSITY OF KARNATAKA,2,2289,61,no,yes,https://rtionline.gov.in/request/allpa.php,2026-08-23T06:45:58.414113+00:00
RTI Online,1808,Central University of Kashmir,2,2330,61,no,yes,https://rtionline.gov.in/request/allpa.php,2026-08-23T06:45:58.414113+00:00
RTI Online,1809,Central University of Kerala,2,2296,61,no,yes,https://rtionline.gov.in/request/allpa.php,2026-08-23T06:45:58.414113+00:00
RTI Online,1810,Central University of Odisha,2,2321,61,no,yes,https://rtionline.gov.in/request/allpa.php,2026-08-23T06:45:58.414113+00:00
RTI Online,1811,Central University of Punjab,2,2322,61,no,yes,https://rtionline.gov.in/request/allpa.php,2026-08-23T06:45:58.414113+00:00
RTI Online,1812,Central University of Rajasthan,2,2323,61,no,yes,https://rtionline.gov.in/request/allpa.php,2026-08-23T06:45:58.414113+00:00
RTI Online,1813,CENTRAL UNIVERSITY OF SOUTH BIHAR,2,2284,61,no,yes,https://rtionline.gov.in/request/allpa.php,2026-08-23T06:45:58.414113+00:00
RTI Online,1814,Central University of Tamil Nadu,2,2299,61,no,yes,https://rtionline.gov.in/request/allpa.php,2026-08-23T06:45:58.414113+00:00
RTI Online,1815,Commission for Scientific and Technical Terminology (CSTT),2,1020,61,no,yes,https://rtionline.gov.in/request/allpa.php,2026-08-23T06:45:58.414113+00:00
RTI Online,1816,Consortium for Educational Communication (CEC),2,4391,61,no,yes,https://rtionline.gov.in/request/allpa.php,2026-08-23T06:45:58.414113+00:00
RTI Online,1817,Council of Architecture,2,2310,61,no,yes,https://rtionline.gov.in/request/allpa.php,2026-08-23T06:45:58.414113+00:00
RTI Online,1818,"Dr. B.R. Ambedkar National Institute of Technology, Jallandhar",2,1194,61,no,yes,https://rtionline.gov.in/request/allpa.php,2026-08-23T06:45:58.414113+00:00
RTI Online,1819,Dr. Harisingh Gour University,2,2312,61,no,yes,https://rtionline.gov.in/request/allpa.php,2026-08-23T06:45:58.414113+00:00
RTI Online,1820,EdCIL (India) Limited,2,843,61,no,yes,https://rtionline.gov.in/request/allpa.php,2026-08-23T06:45:58.414113+00:00
RTI Online,1821,"Gandhigram Rural Institute (Deemed to be university), Gandhigram",2,4365,61,no,yes,https://rtionline.gov.in/request/allpa.php,2026-08-23T06:45:58.414113+00:00
RTI Online,1822,Ghani Khan Choudhury Institute of Engineering and Technology (GKCIET),2,3411,61,no,yes,https://rtionline.gov.in/request/allpa.php,2026-08-23T06:45:58.414113+00:00
RTI Online,1823,"Guru Ghasidas Vishvidyalaya, Bilaspur",2,2309,61,no,yes,https://rtionline.gov.in/request/allpa.php,2026-08-23T06:45:58.414113+00:00
RTI Online,1824,Hemvati Nandan Bahuguna Garhwal University,2,2311,61,no,yes,https://rtionline.gov.in/request/allpa.php,2026-08-23T06:45:58.414113+00:00
RTI Online,1825,"IIIT, Nagpur",2,3988,61,no,yes,https://rtionline.gov.in/request/allpa.php,2026-08-23T06:45:58.414113+00:00
RTI Online,1826,IIIT Senapati,2,3882,61,no,yes,https://rtionline.gov.in/request/allpa.php,2026-08-23T06:45:58.414113+00:00
RTI Online,1827,IIIT Tiruchirappalli,2,4007,61,no,yes,https://rtionline.gov.in/request/allpa.php,2026-08-23T06:45:58.414113+00:00
RTI Online,1828,IIT-Banaras Hindu University(BHU),2,3190,61,no,yes,https://rtionline.gov.in/request/allpa.php,2026-08-23T06:45:58.414113+00:00
RTI Online,1829,Indian Council of Historical Research (ICHR),2,1830,61,no,yes,https://rtionline.gov.in/request/allpa.php,2026-08-23T06:45:58.414113+00:00
RTI Online,1830,"Indian Council of Philosophical Research (ICPR),",2,1974,61,no,yes,https://rtionline.gov.in/request/allpa.php,2026-08-23T06:45:58.414113+00:00
RTI Online,1831,Indian Council of Social Science Research (ICSSR),2,1154,61,no,yes,https://rtionline.gov.in/request/allpa.php,2026-08-23T06:45:58.414113+00:00
RTI Online,1832,Indian Institute of Advanced Study (IIAS),2,1980,61,no,yes,https://rtionline.gov.in/request/allpa.php,2026-08-23T06:45:58.414113+00:00
RTI Online,1833,"Indian Institute of Information Technology , Allahabad",2,1703,61,no,yes,https://rtionline.gov.in/request/allpa.php,2026-08-23T06:45:58.414113+00:00
RTI Online,1834,"Indian Institute of Information Technology and Management, Gwalior",2,1704,61,no,yes,https://rtionline.gov.in/request/allpa.php,2026-08-23T06:45:58.414113+00:00
RTI Online,1835,"Indian Institute of Information Technology, Bhagalpur",2,4026,61,no,yes,https://rtionline.gov.in/request/allpa.php,2026-08-23T06:45:58.414113+00:00
RTI Online,1836,Indian Institute of Information Technology Design and Manufacturing Kancheepuram,2,1984,61,no,yes,https://rtionline.gov.in/request/allpa.php,2026-08-23T06:45:58.414113+00:00
RTI Online,1837,Indian Institute of Information Technology (IIIT) Ranchi,2,3990,61,no,yes,https://rtionline.gov.in/request/allpa.php,2026-08-23T06:45:58.414113+00:00
RTI Online,1838,Indian Institute of Information Technology (IIIT) Una Saloh,2,3991,61,no,yes,https://rtionline.gov.in/request/allpa.php,2026-08-23T06:45:58.414113+00:00
RTI Online,1839,"Indian Institute of Information Technology, Kottayam",2,3992,61,no,yes,https://rtionline.gov.in/request/allpa.php,2026-08-23T06:45:58.414113+00:00
RTI Online,1840,"Indian Institute of Information Technology, Lucknow",2,3879,61,no,yes,https://rtionline.gov.in/request/allpa.php,2026-08-23T06:45:58.414113+00:00
RTI Online,1841,"Indian Institute of Information Technology, Pune",2,3993,61,no,yes,https://rtionline.gov.in/request/allpa.php,2026-08-23T06:45:58.414113+00:00
RTI Online,1842,Indian Institute of Information Technology Raichur,2,3994,61,no,yes,https://rtionline.gov.in/request/allpa.php,2026-08-23T06:45:58.414113+00:00
RTI Online,1843,"Indian Institute of Information Technology, Surat",2,3989,61,no,yes,https://rtionline.gov.in/request/allpa.php,2026-08-23T06:45:58.414113+00:00
RTI Online,1844,"Indian Institute of Information Technology, Vadodara",2,3945,61,no,yes,https://rtionline.gov.in/request/allpa.php,2026-08-23T06:45:58.414113+00:00
RTI Online,1845,"Indian Institute of Management (IIM), Ahmedabad",2,1009,61,no,yes,https://rtionline.gov.in/request/allpa.php,2026-08-23T06:45:58.414113+00:00
RTI Online,1846,"Indian Institute of Management (IIM), Amritsar",2,3168,61,no,yes,https://rtionline.gov.in/request/allpa.php,2026-08-23T06:45:58.414113+00:00
RTI Online,1847,"Indian Institute of Management (IIM), Bangalore",2,1714,61,no,yes,https://rtionline.gov.in/request/allpa.php,2026-08-23T06:45:58.414113+00:00
RTI Online,1848,"Indian Institute of Management (IIM), Bodhgaya",2,3167,61,no,yes,https://rtionline.gov.in/request/allpa.php,2026-08-23T06:45:58.414113+00:00
RTI Online,1849,"Indian Institute of Management (IIM), Indore",2,1075,61,no,yes,https://rtionline.gov.in/request/allpa.php,2026-08-23T06:45:58.414113+00:00
RTI Online,1850,"Indian Institute of Management (IIM), Jammu",2,3672,61,no,yes,https://rtionline.gov.in/request/allpa.php,2026-08-23T06:45:58.414113+00:00
RTI Online,1851,"Indian Institute of Management (IIM), Kashipur",2,2703,61,no,yes,https://rtionline.gov.in/request/allpa.php,2026-08-23T06:45:58.414113+00:00
RTI Online,1852,"Indian Institute of Management (IIM), Kolkata",2,1715,61,no,yes,https://rtionline.gov.in/request/allpa.php,2026-08-23T06:45:58.414113+00:00
RTI Online,1853,"Indian Institute of Management (IIM), Kozhikode",2,1010,61,no,yes,https://rtionline.gov.in/request/allpa.php,2026-08-23T06:45:58.414113+00:00
RTI Online,1854,"Indian Institute of Management (IIM), Lucknow",2,1074,61,no,yes,https://rtionline.gov.in/request/allpa.php,2026-08-23T06:45:58.414113+00:00
RTI Online,1855,"Indian Institute of Management (IIM), Mumbai",2,1716,61,no,yes,https://rtionline.gov.in/request/allpa.php,2026-08-23T06:45:58.414113+00:00
RTI Online,1856,"Indian Institute of Management (IIM), Nagpur",2,3165,61,no,yes,https://rtionline.gov.in/request/allpa.php,2026-08-23T06:45:58.414113+00:00
RTI Online,1857,"Indian Institute of Management (IIM), Raipur",2,2700,61,no,yes,https://rtionline.gov.in/request/allpa.php,2026-08-23T06:45:58.414113+00:00
RTI Online,1858,"Indian Institute of Management (IIM), Ranchi",2,2701,61,no,yes,https://rtionline.gov.in/request/allpa.php,2026-08-23T06:45:58.414113+00:00
RTI Online,1859,"Indian Institute of Management (IIM), Rohtak",2,2699,61,no,yes,https://rtionline.gov.in/request/allpa.php,2026-08-23T06:45:58.414113+00:00
RTI Online,1860,"Indian Institute of Management (IIM), Sambalpur",2,3169,61,no,yes,https://rtionline.gov.in/request/allpa.php,2026-08-23T06:45:58.414113+00:00
RTI Online,1861,"Indian Institute of Management (IIM), Sirmour",2,3170,61,no,yes,https://rtionline.gov.in/request/allpa.php,2026-08-23T06:45:58.414113+00:00
RTI Online,1862,"Indian Institute of Management (IIM), Tiruchirapalli",2,2702,61,no,yes,https://rtionline.gov.in/request/allpa.php,2026-08-23T06:45:58.414113+00:00
RTI Online,1863,"Indian Institute of Management (IIM), Udaipur",2,2704,61,no,yes,https://rtionline.gov.in/request/allpa.php,2026-08-23T06:45:58.414113+00:00
RTI Online,1864,"Indian Institute of Management (IIM), Vishakhapatnam",2,3166,61,no,yes,https://rtionline.gov.in/request/allpa.php,2026-08-23T06:45:58.414113+00:00
RTI Online,1865,"Indian Institute of Management, Shillong",2,1981,61,no,yes,https://rtionline.gov.in/request/allpa.php,2026-08-23T06:45:58.414113+00:00
RTI Online,1866,"Indian Institute of Science, Bangalore",2,1709,61,no,yes,https://rtionline.gov.in/request/allpa.php,2026-08-23T06:45:58.414113+00:00
RTI Online,1867,"Indian Institute of Science Education and Research (IISER), Berhampur",2,3643,61,no,yes,https://rtionline.gov.in/request/allpa.php,2026-08-23T06:45:58.414113+00:00
RTI Online,1868,"Indian Institute of Science Education and Research (IISER), Bhopal",2,2301,61,no,yes,https://rtionline.gov.in/request/allpa.php,2026-08-23T06:45:58.414113+00:00
RTI Online,1869,"Indian Institute of Science Education and Research (IISER), Kolkata",2,1706,61,no,yes,https://rtionline.gov.in/request/allpa.php,2026-08-23T06:45:58.414113+00:00
RTI Online,1870,"Indian Institute of Science Education and Research (IISER), Mohali",2,2119,61,no,yes,https://rtionline.gov.in/request/allpa.php,2026-08-23T06:45:58.414113+00:00
RTI Online,1871,"Indian Institute of Science Education and Research (IISER), Pune",2,1708,61,no,yes,https://rtionline.gov.in/request/allpa.php,2026-08-23T06:45:58.414113+00:00
RTI Online,1872,"Indian Institute of Science Education and Research (IISER), Thiruvananthapuram",2,2316,61,no,yes,https://rtionline.gov.in/request/allpa.php,2026-08-23T06:45:58.414113+00:00
RTI Online,1873,"Indian Institute of Science Education and Research (IISER),Tirupati",2,3171,61,no,yes,https://rtionline.gov.in/request/allpa.php,2026-08-23T06:45:58.414113+00:00
RTI Online,1874,"Indian Institute of Science, Engineering & Technology, Shibpur",2,2860,61,no,yes,https://rtionline.gov.in/request/allpa.php,2026-08-23T06:45:58.414113+00:00
RTI Online,1875,"Indian Institute of Technology, Delhi",2,1698,61,no,yes,https://rtionline.gov.in/request/allpa.php,2026-08-23T06:45:58.414113+00:00
RTI Online,1876,"Indian Institute of Technology, Dharwad",2,3790,61,no,yes,https://rtionline.gov.in/request/allpa.php,2026-08-23T06:45:58.414113+00:00
RTI Online,1877,"Indian Institute of Technology, Goa",2,3712,61,no,yes,https://rtionline.gov.in/request/allpa.php,2026-08-23T06:45:58.414113+00:00
RTI Online,1878,"Indian Institute of Technology, Guwahati",2,1701,61,no,yes,https://rtionline.gov.in/request/allpa.php,2026-08-23T06:45:58.414113+00:00
RTI Online,1879,"Indian Institute of Technology (IIT), Bhilai",2,3689,61,no,yes,https://rtionline.gov.in/request/allpa.php,2026-08-23T06:45:58.414113+00:00
RTI Online,1880,"Indian Institute of Technology (IIT), Bhubaneshwar",2,2313,61,no,yes,https://rtionline.gov.in/request/allpa.php,2026-08-23T06:45:58.414113+00:00
RTI Online,1881,"Indian Institute of Technology (IIT), Gandhinagar",2,2298,61,no,yes,https://rtionline.gov.in/request/allpa.php,2026-08-23T06:45:58.414113+00:00
RTI Online,1882,"Indian Institute of Technology (IIT), Hyderabad",2,2305,61,no,yes,https://rtionline.gov.in/request/allpa.php,2026-08-23T06:45:58.414113+00:00
RTI Online,1883,"Indian Institute of Technology (IIT), Indore",2,2315,61,no,yes,https://rtionline.gov.in/request/allpa.php,2026-08-23T06:45:58.414113+00:00
RTI Online,1884,"Indian Institute of Technology (IIT), Mandi",2,2314,61,no,yes,https://rtionline.gov.in/request/allpa.php,2026-08-23T06:45:58.414113+00:00
RTI Online,1885,Indian Institute of Technology (IIT) Patna,2,2233,61,no,yes,https://rtionline.gov.in/request/allpa.php,2026-08-23T06:45:58.414113+00:00
RTI Online,1886,"Indian Institute of Technology (IIT), ROORKEE",2,2004,61,no,yes,https://rtionline.gov.in/request/allpa.php,2026-08-23T06:45:58.414113+00:00
RTI Online,1887,"Indian Institute of Technology (IIT), Ropar",2,2307,61,no,yes,https://rtionline.gov.in/request/allpa.php,2026-08-23T06:45:58.414113+00:00
RTI Online,1888,"Indian Institute of Technology (IIT), Tirupati",2,3648,61,no,yes,https://rtionline.gov.in/request/allpa.php,2026-08-23T06:45:58.414113+00:00
RTI Online,1889,"Indian Institute of Technology (Indian School of Mines), Dhanbad",2,1710,61,no,yes,https://rtionline.gov.in/request/allpa.php,2026-08-23T06:45:58.414113+00:00
RTI Online,1890,"Indian Institute of Technology, Jammu",2,3717,61,no,yes,https://rtionline.gov.in/request/allpa.php,2026-08-23T06:45:58.414113+00:00
RTI Online,1891,"Indian Institute of Technology, Jodhpur",2,2300,61,no,yes,https://rtionline.gov.in/request/allpa.php,2026-08-23T06:45:58.414113+00:00
RTI Online,1892,"Indian Institute of Technology, Kanpur",2,1699,61,no,yes,https://rtionline.gov.in/request/allpa.php,2026-08-23T06:45:58.414113+00:00
RTI Online,1893,"Indian Institute of Technology, Kharagpur",2,2003,61,no,yes,https://rtionline.gov.in/request/allpa.php,2026-08-23T06:45:58.414113+00:00
RTI Online,1894,"Indian Institute of Technology , Madras",2,1700,61,no,yes,https://rtionline.gov.in/request/allpa.php,2026-08-23T06:45:58.414113+00:00
RTI Online,1895,"Indian Institute of Technology , Mumbai",2,1702,61,no,yes,https://rtionline.gov.in/request/allpa.php,2026-08-23T06:45:58.414113+00:00
RTI Online,1896,"Indian Institute of Technology, Palakkad",2,3789,61,no,yes,https://rtionline.gov.in/request/allpa.php,2026-08-23T06:45:58.414113+00:00
RTI Online,1897,Indira Gandhi National Open University (IGNOU),2,923,61,no,yes,https://rtionline.gov.in/request/allpa.php,2026-08-23T06:45:58.414113+00:00
RTI Online,1898,Information and Library Network Centre (INFLIBNET),2,4390,61,no,yes,https://rtionline.gov.in/request/allpa.php,2026-08-23T06:45:58.414113+00:00
RTI Online,1899,Inter-University Accelerator Centre (IUAC),2,4397,61,no,yes,https://rtionline.gov.in/request/allpa.php,2026-08-23T06:45:58.414113+00:00
RTI Online,1900,Inter-University Centre for Astronomy & Astrophysics (IUCAA),2,4393,61,no,yes,https://rtionline.gov.in/request/allpa.php,2026-08-23T06:45:58.414113+00:00
RTI Online,1901,"Inter-University Centre for Teacher Education (IUCTE), Banaras Hindu University, Varanasi",2,4392,61,no,yes,https://rtionline.gov.in/request/allpa.php,2026-08-23T06:45:58.414113+00:00
RTI Online,1902,Inter-University Centre for Yogic Sciences (IUCYS),2,4396,61,no,yes,https://rtionline.gov.in/request/allpa.php,2026-08-23T06:45:58.414113+00:00
RTI Online,1903,JAMIA MILLIA ISLAMIA,2,1478,61,no,yes,https://rtionline.gov.in/request/allpa.php,2026-08-23T06:45:58.414113+00:00
RTI Online,1904,"Jawaharlal Nehru University, New Delhi",2,1140,61,no,yes,https://rtionline.gov.in/request/allpa.php,2026-08-23T06:45:58.414113+00:00
RTI Online,1905,"Kendriya Hindi Sansthan, Agra",2,1103,61,no,yes,https://rtionline.gov.in/request/allpa.php,2026-08-23T06:45:58.414113+00:00
RTI Online,1906,Maharshi Sandeepani Rashtriya Veda Vidya Pratishthan,2,1648,61,no,yes,https://rtionline.gov.in/request/allpa.php,2026-08-23T06:45:58.414113+00:00
RTI Online,1907,Maharshi Sandeepani Rashtriya Ved Vidya Pratishthan,2,924,61,no,yes,https://rtionline.gov.in/request/allpa.php,2026-08-23T06:45:58.414113+00:00
RTI Online,1908,Mahatma Gandhi Antarrashtriya Hindi Vishwavidyalaya,2,1625,61,no,yes,https://rtionline.gov.in/request/allpa.php,2026-08-23T06:45:58.414113+00:00
RTI Online,1909,"Mahatma Gandhi Central Univesity - Bihar, Motihari",2,3184,61,no,yes,https://rtionline.gov.in/request/allpa.php,2026-08-23T06:45:58.414113+00:00
RTI Online,1910,"Malavya National Institute of Technology, Jaipur",2,1193,61,no,yes,https://rtionline.gov.in/request/allpa.php,2026-08-23T06:45:58.414113+00:00
RTI Online,1911,Manipur University,2,1479,61,no,yes,https://rtionline.gov.in/request/allpa.php,2026-08-23T06:45:58.414113+00:00
RTI Online,1912,"Maulana Azad National Institute of Technology, Bhopal",2,1189,61,no,yes,https://rtionline.gov.in/request/allpa.php,2026-08-23T06:45:58.414113+00:00
RTI Online,1913,Maulana Azad National Urdu University (MANUU),2,1171,61,no,yes,https://rtionline.gov.in/request/allpa.php,2026-08-23T06:45:58.414113+00:00
RTI Online,1914,Mizoram University,2,1498,61,no,yes,https://rtionline.gov.in/request/allpa.php,2026-08-23T06:45:58.414113+00:00
RTI Online,1915,Motilal Nehru National Institute of Technology Allahabad,2,1188,61,no,yes,https://rtionline.gov.in/request/allpa.php,2026-08-23T06:45:58.414113+00:00
RTI Online,1916,Nagaland University,2,1500,61,no,yes,https://rtionline.gov.in/request/allpa.php,2026-08-23T06:45:58.414113+00:00
RTI Online,1917,National Assessment and Accreditation Council (NAAC),2,4395,61,no,yes,https://rtionline.gov.in/request/allpa.php,2026-08-23T06:45:58.414113+00:00
RTI Online,1918,National Book Trust,2,2067,61,no,yes,https://rtionline.gov.in/request/allpa.php,2026-08-23T06:45:58.414113+00:00
RTI Online,1919,National Commission for Minority Educational Institutions,2,1626,61,no,yes,https://rtionline.gov.in/request/allpa.php,2026-08-23T06:45:58.414113+00:00
RTI Online,1920,"National Council for Promotion of Sindhi Language,",2,1024,61,no,yes,https://rtionline.gov.in/request/allpa.php,2026-08-23T06:45:58.414113+00:00
RTI Online,1921,National Council for Promotion of Urdu Language (NCPUL),2,1023,61,no,yes,https://rtionline.gov.in/request/allpa.php,2026-08-23T06:45:58.414113+00:00
RTI Online,1922,"National Council of RuralL Institutes (NCRI), Hyderabad",2,1174,61,no,yes,https://rtionline.gov.in/request/allpa.php,2026-08-23T06:45:58.414113+00:00
RTI Online,1923,"National Institute of Advanced Manufacturing Technology (NIAMT), Ranchi",2,2177,61,no,yes,https://rtionline.gov.in/request/allpa.php,2026-08-23T06:45:58.414113+00:00
RTI Online,1924,"National Institute of Technical Teachers' Training and Research, Bhopal",2,1707,61,no,yes,https://rtionline.gov.in/request/allpa.php,2026-08-23T06:45:58.414113+00:00
RTI Online,1925,"National Institute of Technical Teachers' Training and Research, Chandigarh",2,1711,61,no,yes,https://rtionline.gov.in/request/allpa.php,2026-08-23T06:45:58.414113+00:00
RTI Online,1926,"National Institute of Technical Teachers Training and Research, Chennai",2,4033,61,no,yes,https://rtionline.gov.in/request/allpa.php,2026-08-23T06:45:58.414113+00:00
RTI Online,1927,"National Institute of Technology, Agartala",2,2113,61,no,yes,https://rtionline.gov.in/request/allpa.php,2026-08-23T06:45:58.414113+00:00
RTI Online,1928,"National Institute of Technology, Andhra Pradesh",2,3690,61,no,yes,https://rtionline.gov.in/request/allpa.php,2026-08-23T06:45:58.414113+00:00
RTI Online,1929,"National Institute of Technology, Arunachal Pradesh",2,2706,61,no,yes,https://rtionline.gov.in/request/allpa.php,2026-08-23T06:45:58.414113+00:00
RTI Online,1930,"National Institute of Technology, Calicut",2,1190,61,no,yes,https://rtionline.gov.in/request/allpa.php,2026-08-23T06:45:58.414113+00:00
RTI Online,1931,"National Institute of Technology, Delhi",2,2713,61,no,yes,https://rtionline.gov.in/request/allpa.php,2026-08-23T06:45:58.414113+00:00
RTI Online,1932,"National Institute of Technology, Durgapur",2,1191,61,no,yes,https://rtionline.gov.in/request/allpa.php,2026-08-23T06:45:58.414113+00:00
RTI Online,1933,"National Institute of Technology, Goa",2,2712,61,no,yes,https://rtionline.gov.in/request/allpa.php,2026-08-23T06:45:58.414113+00:00
RTI Online,1934,"National Institute of Technology, Hamirpur",2,1192,61,no,yes,https://rtionline.gov.in/request/allpa.php,2026-08-23T06:45:58.414113+00:00
RTI Online,1935,"National Institute of Technology, Jamshedpur",2,1195,61,no,yes,https://rtionline.gov.in/request/allpa.php,2026-08-23T06:45:58.414113+00:00
RTI Online,1936,"National Institute of Technology, Kurukshetra",2,1196,61,no,yes,https://rtionline.gov.in/request/allpa.php,2026-08-23T06:45:58.414113+00:00
RTI Online,1937,"National Institute of Technology, Manipur",2,2709,61,no,yes,https://rtionline.gov.in/request/allpa.php,2026-08-23T06:45:58.414113+00:00
RTI Online,1938,"National Institute of Technology, Meghalaya",2,2708,61,no,yes,https://rtionline.gov.in/request/allpa.php,2026-08-23T06:45:58.414113+00:00
RTI Online,1939,"National Institute of Technology, Mizoram",2,2710,61,no,yes,https://rtionline.gov.in/request/allpa.php,2026-08-23T06:45:58.414113+00:00
RTI Online,1940,"National Institute of Technology, Nagaland",2,2707,61,no,yes,https://rtionline.gov.in/request/allpa.php,2026-08-23T06:45:58.414113+00:00
RTI Online,1941,"National Institute of Technology, Patna",2,1198,61,no,yes,https://rtionline.gov.in/request/allpa.php,2026-08-23T06:45:58.414113+00:00
RTI Online,1942,"National Institute of Technology, Puducherry",2,2714,61,no,yes,https://rtionline.gov.in/request/allpa.php,2026-08-23T06:45:58.414113+00:00
RTI Online,1943,"National Institute of Technology, Raipur",2,1199,61,no,yes,https://rtionline.gov.in/request/allpa.php,2026-08-23T06:45:58.414113+00:00
RTI Online,1944,"National Institute of Technology, Rourkela",2,1200,61,no,yes,https://rtionline.gov.in/request/allpa.php,2026-08-23T06:45:58.414113+00:00
RTI Online,1945,"National Institute of Technology, Sikkim",2,2705,61,no,yes,https://rtionline.gov.in/request/allpa.php,2026-08-23T06:45:58.414113+00:00
RTI Online,1946,"National Institute of Technology, Silchar",2,1201,61,no,yes,https://rtionline.gov.in/request/allpa.php,2026-08-23T06:45:58.414113+00:00
RTI Online,1947,"National Institute of Technology, Srinagar",2,1202,61,no,yes,https://rtionline.gov.in/request/allpa.php,2026-08-23T06:45:58.414113+00:00
RTI Online,1948,"National Institute of Technology, Surthkal",2,1204,61,no,yes,https://rtionline.gov.in/request/allpa.php,2026-08-23T06:45:58.414113+00:00
RTI Online,1949,"National Institute of Technology, Tiruchirappalli",2,2115,61,no,yes,https://rtionline.gov.in/request/allpa.php,2026-08-23T06:45:58.414113+00:00
RTI Online,1950,"National Institute of Technology, Uttarakhand",2,2711,61,no,yes,https://rtionline.gov.in/request/allpa.php,2026-08-23T06:45:58.414113+00:00
RTI Online,1951,"National Institute of Technology, Warangal",2,2114,61,no,yes,https://rtionline.gov.in/request/allpa.php,2026-08-23T06:45:58.414113+00:00
RTI Online,1952,National Project Implementation Unit (NPIU),2,3704,61,no,yes,https://rtionline.gov.in/request/allpa.php,2026-08-23T06:45:58.414113+00:00
RTI Online,1953,National Testing Agency,2,3701,61,no,yes,https://rtionline.gov.in/request/allpa.php,2026-08-23T06:45:58.414113+00:00
RTI Online,1954,National University of Educational Planning and Administration (NUEPA),2,1187,61,no,yes,https://rtionline.gov.in/request/allpa.php,2026-08-23T06:45:58.414113+00:00
RTI Online,1955,North Eastern Hill University,2,1149,61,no,yes,https://rtionline.gov.in/request/allpa.php,2026-08-23T06:45:58.414113+00:00
RTI Online,1956,North Eastern Regional Institute of Science and Technology (NERIST),2,1628,61,no,yes,https://rtionline.gov.in/request/allpa.php,2026-08-23T06:45:58.414113+00:00
RTI Online,1957,PDPM Indian Institute of Information Technology Design and Manufacturing Jabalpur,2,1705,61,no,yes,https://rtionline.gov.in/request/allpa.php,2026-08-23T06:45:58.414113+00:00
RTI Online,1958,Pondicherry University,2,1173,61,no,yes,https://rtionline.gov.in/request/allpa.php,2026-08-23T06:45:58.414113+00:00
RTI Online,1959,Rajiv Gandhi University,2,1531,61,no,yes,https://rtionline.gov.in/request/allpa.php,2026-08-23T06:45:58.414113+00:00
RTI Online,1960,Rashtriya Sanskrit Sansthan,2,1025,61,no,yes,https://rtionline.gov.in/request/allpa.php,2026-08-23T06:45:58.414113+00:00
RTI Online,1961,"Rashtriya Sanskrit University, Tirupati",2,1831,61,no,yes,https://rtionline.gov.in/request/allpa.php,2026-08-23T06:45:58.414113+00:00
RTI Online,1962,Sant Longowal Institute of Engineering & Technology (SLIET),2,1646,61,no,yes,https://rtionline.gov.in/request/allpa.php,2026-08-23T06:45:58.414113+00:00
RTI Online,1963,"School of Open Learning, University of Delhi",2,3277,61,no,yes,https://rtionline.gov.in/request/allpa.php,2026-08-23T06:45:58.414113+00:00
RTI Online,1964,School of Planning and Architecture,2,2176,61,no,yes,https://rtionline.gov.in/request/allpa.php,2026-08-23T06:45:58.414113+00:00
RTI Online,1965,"School of Planning and Architecture (SPA), Bhopal",2,2178,61,no,yes,https://rtionline.gov.in/request/allpa.php,2026-08-23T06:45:58.414113+00:00
RTI Online,1966,"School of Planning and Architecture (SPA), VIjayawada",2,2179,61,no,yes,https://rtionline.gov.in/request/allpa.php,2026-08-23T06:45:58.414113+00:00
RTI Online,1967,Shri Lal Bahadur Shastri National Sanskrit University (Central University),2,1832,61,no,yes,https://rtionline.gov.in/request/allpa.php,2026-08-23T06:45:58.414113+00:00
RTI Online,1968,Sikkim University,2,2118,61,no,yes,https://rtionline.gov.in/request/allpa.php,2026-08-23T06:45:58.414113+00:00
RTI Online,1969,"S.V. National Institute of Technology, Surat",2,1203,61,no,yes,https://rtionline.gov.in/request/allpa.php,2026-08-23T06:45:58.414113+00:00
RTI Online,1970,Tata Institute of Social Sciences (TISS),2,3767,61,no,yes,https://rtionline.gov.in/request/allpa.php,2026-08-23T06:45:58.414113+00:00
RTI Online,1971,Tezpur University,2,1497,61,no,yes,https://rtionline.gov.in/request/allpa.php,2026-08-23T06:45:58.414113+00:00
RTI Online,1972,The English and Foreign Languages University,2,1983,61,no,yes,https://rtionline.gov.in/request/allpa.php,2026-08-23T06:45:58.414113+00:00
RTI Online,1973,The Indira Gandhi National Tribal University,2,2308,61,no,yes,https://rtionline.gov.in/request/allpa.php,2026-08-23T06:45:58.414113+00:00
RTI Online,1974,Tripura University,2,1982,61,no,yes,https://rtionline.gov.in/request/allpa.php,2026-08-23T06:45:58.414113+00:00
RTI Online,1975,"UGC-DAE Consortium for Scientific Research, Indore",2,4394,61,no,yes,https://rtionline.gov.in/request/allpa.php,2026-08-23T06:45:58.414113+00:00
RTI Online,1976,University Grants Commission (UGC),2,2295,61,no,yes,https://rtionline.gov.in/request/allpa.php,2026-08-23T06:45:58.414113+00:00
RTI Online,1977,University of Allahabad,2,1170,61,no,yes,https://rtionline.gov.in/request/allpa.php,2026-08-23T06:45:58.414113+00:00
RTI Online,1978,University of Delhi,2,1146,61,no,yes,https://rtionline.gov.in/request/allpa.php,2026-08-23T06:45:58.414113+00:00
RTI Online,1979,University of Hyderabad,2,1530,61,no,yes,https://rtionline.gov.in/request/allpa.php,2026-08-23T06:45:58.414113+00:00
RTI Online,1980,Visva-Bharati,2,1134,61,no,yes,https://rtionline.gov.in/request/allpa.php,2026-08-23T06:45:58.414113+00:00
RTI Online,1981,"Visvesvaraya National Institute of Technology, Nagpur",2,1197,61,no,yes,https://rtionline.gov.in/request/allpa.php,2026-08-23T06:45:58.414113+00:00
RTI Online,1982,Department of School Education and Literacy,1,60,59,yes,no,https://rtionline.gov.in/request/allpa.php,2026-08-23T06:45:58.414113+00:00
RTI Online,1983,Central Board of Secondary Education,2,1840,60,no,yes,https://rtionline.gov.in/request/allpa.php,2026-08-23T06:45:58.414113+00:00
RTI Online,1984,Kendriya Vidyalaya Sangathan,2,2290,60,no,yes,https://rtionline.gov.in/request/allpa.php,2026-08-23T06:45:58.414113+00:00
RTI Online,1985,National Bal Bhavan,2,1922,60,no,yes,https://rtionline.gov.in/request/allpa.php,2026-08-23T06:45:58.414113+00:00
RTI Online,1986,National Council for Teacher Education,2,2275,60,no,yes,https://rtionline.gov.in/request/allpa.php,2026-08-23T06:45:58.414113+00:00
RTI Online,1987,National Council of Educational Research & Training,2,1871,60,no,yes,https://rtionline.gov.in/request/allpa.php,2026-08-23T06:45:58.414113+00:00
RTI Online,1988,National Institute of Open Schooling,2,1870,60,no,yes,https://rtionline.gov.in/request/allpa.php,2026-08-23T06:45:58.414113+00:00
RTI Online,1989,Navodaya Vidyalaya Samiti,2,1718,60,no,yes,https://rtionline.gov.in/request/allpa.php,2026-08-23T06:45:58.414113+00:00
RTI Online,1990,"Establishment, IIIT Kota",1,4030,59,no,yes,https://rtionline.gov.in/request/allpa.php,2026-08-23T06:45:58.414113+00:00
RTI Online,1991,IIIT Bhopal,1,4015,59,no,yes,https://rtionline.gov.in/request/allpa.php,2026-08-23T06:45:58.414113+00:00
RTI Online,1992,IIIT Dharwad,1,4014,59,no,yes,https://rtionline.gov.in/request/allpa.php,2026-08-23T06:45:58.414113+00:00
RTI Online,1993,"Indian Institute of Information Technology, Agartala",1,4055,59,no,yes,https://rtionline.gov.in/request/allpa.php,2026-08-23T06:45:58.414113+00:00
RTI Online,1994,"Indian Institute of Information Technology, Guwahati",1,4031,59,no,yes,https://rtionline.gov.in/request/allpa.php,2026-08-23T06:45:58.414113+00:00
RTI Online,1995,"Indian Institute of Information Technology, Kalyani",1,4039,59,no,yes,https://rtionline.gov.in/request/allpa.php,2026-08-23T06:45:58.414113+00:00
RTI Online,1996,Indian Institute of Information Technology Sonepat,1,4011,59,no,yes,https://rtionline.gov.in/request/allpa.php,2026-08-23T06:45:58.414113+00:00
RTI Online,1997,Indian Institute of Information Technology Sri City Chittoor,1,4010,59,no,yes,https://rtionline.gov.in/request/allpa.php,2026-08-23T06:45:58.414113+00:00
RTI Online,1998,Institute of Digital Education and Employment Development,1,4016,59,no,yes,https://rtionline.gov.in/request/allpa.php,2026-08-23T06:45:58.414113+00:00
RTI Online,1999,"Mechanical Engineering, IIITDM, Kurnool",1,3898,59,no,yes,https://rtionline.gov.in/request/allpa.php,2026-08-23T06:45:58.414113+00:00
RTI Online,2000,National Board of Accreditation,1,4019,59,no,yes,https://rtionline.gov.in/request/allpa.php,2026-08-23T06:45:58.414113+00:00
RTI Online,2001,National Institute of Technical Teachers Training and Research (NITTTR) Kolkata,1,4121,59,no,yes,https://rtionline.gov.in/request/allpa.php,2026-08-23T06:45:58.414113+00:00
RTI Online,2002,Ministry of Electronics & Information Technology,0,29,26,yes,no,https://rtionline.gov.in/request/allpa.php,2026-08-23T06:45:58.414113+00:00
RTI Online,2003,Centre for Development of Advanced Computing (CDAC),1,2331,29,no,yes,https://rtionline.gov.in/request/allpa.php,2026-08-23T06:45:58.414113+00:00
RTI Online,2004,Centre for Materials for Electronics Technology (C-MET),1,2334,29,no,yes,https://rtionline.gov.in/request/allpa.php,2026-08-23T06:45:58.414113+00:00
RTI Online,2005,Controller of Certifying Authorities (CCA),1,2337,29,no,yes,https://rtionline.gov.in/request/allpa.php,2026-08-23T06:45:58.414113+00:00
RTI Online,2006,Digital India Corporation,1,3163,29,no,yes,https://rtionline.gov.in/request/allpa.php,2026-08-23T06:45:58.414113+00:00
RTI Online,2007,ERNET India,1,2527,29,no,yes,https://rtionline.gov.in/request/allpa.php,2026-08-23T06:45:58.414113+00:00
RTI Online,2008,National Informatics Centre,1,520,29,no,yes,https://rtionline.gov.in/request/allpa.php,2026-08-23T06:45:58.414113+00:00
RTI Online,2009,National Informatics Centre Services Incorporated (NICSI),1,3161,29,no,yes,https://rtionline.gov.in/request/allpa.php,2026-08-23T06:45:58.414113+00:00
RTI Online,2010,National Institute of Electronics & Information Technology,1,2833,29,no,yes,https://rtionline.gov.in/request/allpa.php,2026-08-23T06:45:58.414113+00:00
RTI Online,2011,National Internet Exchange of India (NIXI),1,3152,29,no,yes,https://rtionline.gov.in/request/allpa.php,2026-08-23T06:45:58.414113+00:00
RTI Online,2012,"Semi Conductor Laboratory, Chandigarh",1,3653,29,no,yes,https://rtionline.gov.in/request/allpa.php,2026-08-23T06:45:58.414113+00:00
RTI Online,2013,Society for Applied Microwave Electronics Engineering and Research (SAMEER),1,2335,29,no,yes,https://rtionline.gov.in/request/allpa.php,2026-08-23T06:45:58.414113+00:00
RTI Online,2014,Software Technology Parks of India (STPI),1,2333,29,no,yes,https://rtionline.gov.in/request/allpa.php,2026-08-23T06:45:58.414113+00:00
RTI Online,2015,"Standardization, Testing and Quality Certification (STQC)",1,2332,29,no,yes,https://rtionline.gov.in/request/allpa.php,2026-08-23T06:45:58.414113+00:00
RTI Online,2016,"Ministry of Environment, Forest and Climate Change",0,39,,yes,no,https://rtionline.gov.in/request/allpa.php,2026-08-23T06:45:58.414113+00:00
RTI Online,2017,"Andaman & Nicobar Forest Plantation Development Corporation, Port Blair",1,466,39,no,yes,https://rtionline.gov.in/request/allpa.php,2026-08-23T06:45:58.414113+00:00
RTI Online,2018,"Animal welfare Board of India, Chennai",1,1178,39,no,yes,https://rtionline.gov.in/request/allpa.php,2026-08-23T06:45:58.414113+00:00
RTI Online,2019,"Botanical Survey of India, Kolkata",1,452,39,no,yes,https://rtionline.gov.in/request/allpa.php,2026-08-23T06:45:58.414113+00:00
RTI Online,2020,"Central Pollution Control Board, Delhi",1,459,39,no,yes,https://rtionline.gov.in/request/allpa.php,2026-08-23T06:45:58.414113+00:00
RTI Online,2021,"Central Regional Office, Lucknow (Ministry of Environment, Forest & Climate Control)",1,945,39,no,yes,https://rtionline.gov.in/request/allpa.php,2026-08-23T06:45:58.414113+00:00
RTI Online,2022,"Central Zoo Authority, New Delhi",1,460,39,no,yes,https://rtionline.gov.in/request/allpa.php,2026-08-23T06:45:58.414113+00:00
RTI Online,2023,"DDGF, Integrated Regional Office, GANDHINAGAR",1,3933,39,no,yes,https://rtionline.gov.in/request/allpa.php,2026-08-23T06:45:58.414113+00:00
RTI Online,2024,"DDGF, Integrated Regional Office, HYDERABAD",1,3934,39,no,yes,https://rtionline.gov.in/request/allpa.php,2026-08-23T06:45:58.414113+00:00
RTI Online,2025,"DDGF, Integrated Regional Office, KOLKATA",1,3938,39,no,yes,https://rtionline.gov.in/request/allpa.php,2026-08-23T06:45:58.414113+00:00
RTI Online,2026,"DDGF, Integrated Regional Office, RAIPUR",1,3936,39,no,yes,https://rtionline.gov.in/request/allpa.php,2026-08-23T06:45:58.414113+00:00
RTI Online,2027,"DIGF, Integrated Regional Office, JAMMU",1,3932,39,no,yes,https://rtionline.gov.in/request/allpa.php,2026-08-23T06:45:58.414113+00:00
RTI Online,2028,"Directorate of Forest Education, Dehradun",1,458,39,no,yes,https://rtionline.gov.in/request/allpa.php,2026-08-23T06:45:58.414113+00:00
RTI Online,2029,"Forest Survey of India, Dehradun",1,454,39,no,yes,https://rtionline.gov.in/request/allpa.php,2026-08-23T06:45:58.414113+00:00
RTI Online,2030,"Gobind Ballabh Pant Institute of Himalayan Environment and Development, Almora",1,461,39,no,yes,https://rtionline.gov.in/request/allpa.php,2026-08-23T06:45:58.414113+00:00
RTI Online,2031,"IGF, Integrated Regional Office, GUWAHATI",1,3939,39,no,yes,https://rtionline.gov.in/request/allpa.php,2026-08-23T06:45:58.414113+00:00
RTI Online,2032,"IGF, Integrated Regional Office, SHIMLA",1,3935,39,no,yes,https://rtionline.gov.in/request/allpa.php,2026-08-23T06:45:58.414113+00:00
RTI Online,2033,"IGF, Integrated Regional Office, VIJAYAWADA",1,3937,39,no,yes,https://rtionline.gov.in/request/allpa.php,2026-08-23T06:45:58.414113+00:00
RTI Online,2034,"Indian Council of Forestry Research and Education, Dehradun",1,462,39,no,yes,https://rtionline.gov.in/request/allpa.php,2026-08-23T06:45:58.414113+00:00
RTI Online,2035,"Indian Institute of Forests Management, Bhopal",1,463,39,no,yes,https://rtionline.gov.in/request/allpa.php,2026-08-23T06:45:58.414113+00:00
RTI Online,2036,"Indian Plywood Industries Research and Training Institute, Bangalore",1,464,39,no,yes,https://rtionline.gov.in/request/allpa.php,2026-08-23T06:45:58.414113+00:00
RTI Online,2037,"Indira Gandhi National Forest Academy, Dehradun",1,455,39,no,yes,https://rtionline.gov.in/request/allpa.php,2026-08-23T06:45:58.414113+00:00
RTI Online,2038,"Integrated Regional Office, Jaipur",1,3883,39,no,yes,https://rtionline.gov.in/request/allpa.php,2026-08-23T06:45:58.414113+00:00
RTI Online,2039,"Integrated Regional Office, Raipur",1,3912,39,no,yes,https://rtionline.gov.in/request/allpa.php,2026-08-23T06:45:58.414113+00:00
RTI Online,2040,National Afforestation and Eco-Development Board (NAEB),1,3942,39,no,yes,https://rtionline.gov.in/request/allpa.php,2026-08-23T06:45:58.414113+00:00
RTI Online,2041,National Biodiversity Authority,1,2467,39,no,yes,https://rtionline.gov.in/request/allpa.php,2026-08-23T06:45:58.414113+00:00
RTI Online,2042,National Centre for Sustainable Coastal Management,1,3205,39,no,yes,https://rtionline.gov.in/request/allpa.php,2026-08-23T06:45:58.414113+00:00
RTI Online,2043,National Green Tribunal,1,3192,39,no,yes,https://rtionline.gov.in/request/allpa.php,2026-08-23T06:45:58.414113+00:00
RTI Online,2044,"National Museum of Natural History, New Delhi",1,456,39,no,yes,https://rtionline.gov.in/request/allpa.php,2026-08-23T06:45:58.414113+00:00
RTI Online,2045,National Tiger Conservation Authority,1,3941,39,no,yes,https://rtionline.gov.in/request/allpa.php,2026-08-23T06:45:58.414113+00:00
RTI Online,2046,"National Zoological Park, New Delhi",1,457,39,no,yes,https://rtionline.gov.in/request/allpa.php,2026-08-23T06:45:58.414113+00:00
RTI Online,2047,"North Eastern Regional Office, Shillong (Ministry of Environment, Forest & Climate Control)",1,947,39,no,yes,https://rtionline.gov.in/request/allpa.php,2026-08-23T06:45:58.414113+00:00
RTI Online,2048,"Northern Regional Office, Chandigarh (Ministry of Environment, Forest & Climate Control)",1,950,39,no,yes,https://rtionline.gov.in/request/allpa.php,2026-08-23T06:45:58.414113+00:00
RTI Online,2049,"Regional Office,Bangalore (Ministry of Environment, Forest & Climate Control)",1,946,39,no,yes,https://rtionline.gov.in/request/allpa.php,2026-08-23T06:45:58.414113+00:00
RTI Online,2050,"Regional Office, Bhopal",1,949,39,no,yes,https://rtionline.gov.in/request/allpa.php,2026-08-23T06:45:58.414113+00:00
RTI Online,2051,"Regional Office, Bhubaneshwar, (Ministry of Environment, Forest & Climate Control)",1,948,39,no,yes,https://rtionline.gov.in/request/allpa.php,2026-08-23T06:45:58.414113+00:00
RTI Online,2052,"Regional Office, Eastern - Central Zone, Ranchi (Ministry of Environment, Forest & Climate Control)",1,3204,39,no,yes,https://rtionline.gov.in/request/allpa.php,2026-08-23T06:45:58.414113+00:00
RTI Online,2053,"Regional Office, North- Central Zone, Dehradun (Ministry of Environment, Forest & Climate Control)",1,3199,39,no,yes,https://rtionline.gov.in/request/allpa.php,2026-08-23T06:45:58.414113+00:00
RTI Online,2054,"Regional Office, South- Eastern Zone, Chennai (Ministry of Environment, Forest & Climate Control)",1,3200,39,no,yes,https://rtionline.gov.in/request/allpa.php,2026-08-23T06:45:58.414113+00:00
RTI Online,2055,"Regional Office, West-Central Zone, Nagpur (Ministry of Environment, Forest & Climate Control)",1,3203,39,no,yes,https://rtionline.gov.in/request/allpa.php,2026-08-23T06:45:58.414113+00:00
RTI Online,2056,Salim Ali Center for Ornithology and Natural History (SACON),1,3940,39,no,yes,https://rtionline.gov.in/request/allpa.php,2026-08-23T06:45:58.414113+00:00
RTI Online,2057,Wildlife Crime Control Bureau,1,941,39,no,yes,https://rtionline.gov.in/request/allpa.php,2026-08-23T06:45:58.414113+00:00
RTI Online,2058,"Wildlife Crime Control Bureau, Eastern Region, Kolkatta",1,944,39,no,yes,https://rtionline.gov.in/request/allpa.php,2026-08-23T06:45:58.414113+00:00
RTI Online,2059,"Wildlife Crime Control Bureau, Southern Region, Chennai",1,943,39,no,yes,https://rtionline.gov.in/request/allpa.php,2026-08-23T06:45:58.414113+00:00
RTI Online,2060,"Wildlife Institute of India, Dehradun",1,465,39,no,yes,https://rtionline.gov.in/request/allpa.php,2026-08-23T06:45:58.414113+00:00
RTI Online,2061,"Zoological Survey of India, Kolkata",1,453,39,no,yes,https://rtionline.gov.in/request/allpa.php,2026-08-23T06:45:58.414113+00:00
RTI Online,2062,Ministry of External Affairs,0,40,,yes,no,https://rtionline.gov.in/request/allpa.php,2026-08-23T06:45:58.414113+00:00
RTI Online,2063,"Assistant High Commission of India, Chittagong",1,2986,40,no,yes,https://rtionline.gov.in/request/allpa.php,2026-08-23T06:45:58.414113+00:00
RTI Online,2064,"Assistant High Commission of India, Khulna",1,3788,40,no,yes,https://rtionline.gov.in/request/allpa.php,2026-08-23T06:45:58.414113+00:00
RTI Online,2065,"Assistant High Commission of India, Sylhet (Bangladesh)",1,4433,40,no,yes,https://rtionline.gov.in/request/allpa.php,2026-08-23T06:45:58.414113+00:00
RTI Online,2066,"Consulate General of India, Atlanta",1,3036,40,no,yes,https://rtionline.gov.in/request/allpa.php,2026-08-23T06:45:58.414113+00:00
RTI Online,2067,"Consulate General of India, Bali",1,2943,40,no,yes,https://rtionline.gov.in/request/allpa.php,2026-08-23T06:45:58.414113+00:00
RTI Online,2068,"Consulate General of India, Barcelona",1,4159,40,no,yes,https://rtionline.gov.in/request/allpa.php,2026-08-23T06:45:58.414113+00:00
RTI Online,2069,"Consulate General of India, Belfast",1,4432,40,no,yes,https://rtionline.gov.in/request/allpa.php,2026-08-23T06:45:58.414113+00:00
RTI Online,2070,"Consulate General of India, Birgunj",1,2950,40,no,yes,https://rtionline.gov.in/request/allpa.php,2026-08-23T06:45:58.414113+00:00
RTI Online,2071,"Consulate General of India, Birmingham",1,2951,40,no,yes,https://rtionline.gov.in/request/allpa.php,2026-08-23T06:45:58.414113+00:00
RTI Online,2072,"Consulate General of India, Brisbane",1,4160,40,no,yes,https://rtionline.gov.in/request/allpa.php,2026-08-23T06:45:58.414113+00:00
RTI Online,2073,"Consulate General of India, Cape Town",1,2982,40,no,yes,https://rtionline.gov.in/request/allpa.php,2026-08-23T06:45:58.414113+00:00
RTI Online,2074,"Consulate General of India, Chicago",1,2985,40,no,yes,https://rtionline.gov.in/request/allpa.php,2026-08-23T06:45:58.414113+00:00
RTI Online,2075,"Consulate General of India, Dubai",1,3039,40,no,yes,https://rtionline.gov.in/request/allpa.php,2026-08-23T06:45:58.414113+00:00
RTI Online,2076,"Consulate General of India, Durban",1,3041,40,no,yes,https://rtionline.gov.in/request/allpa.php,2026-08-23T06:45:58.414113+00:00
RTI Online,2077,"Consulate General of India, Edinburgh",1,3042,40,no,yes,https://rtionline.gov.in/request/allpa.php,2026-08-23T06:45:58.414113+00:00
RTI Online,2078,"Consulate General of India, Erbil",1,3774,40,no,yes,https://rtionline.gov.in/request/allpa.php,2026-08-23T06:45:58.414113+00:00
RTI Online,2079,"Consulate General of India, Frankfurt",1,3055,40,no,yes,https://rtionline.gov.in/request/allpa.php,2026-08-23T06:45:58.414113+00:00
RTI Online,2080,"Consulate General of India, Fukuoka",1,4435,40,no,yes,https://rtionline.gov.in/request/allpa.php,2026-08-23T06:45:58.414113+00:00
RTI Online,2081,"Consulate General of India, Guangzhou",1,3057,40,no,yes,https://rtionline.gov.in/request/allpa.php,2026-08-23T06:45:58.414113+00:00
RTI Online,2082,"Consulate General of India, Hambantota, Sri Lanka",1,2930,40,no,yes,https://rtionline.gov.in/request/allpa.php,2026-08-23T06:45:58.414113+00:00
RTI Online,2083,"Consulate General of India, Herat",1,3059,40,no,yes,https://rtionline.gov.in/request/allpa.php,2026-08-23T06:45:58.414113+00:00
RTI Online,2084,"Consulate General of India, Ho Chi Minh City, Vietnam",1,2922,40,no,yes,https://rtionline.gov.in/request/allpa.php,2026-08-23T06:45:58.414113+00:00
RTI Online,2085,"Consulate General of India, Hong Kong",1,2923,40,no,yes,https://rtionline.gov.in/request/allpa.php,2026-08-23T06:45:58.414113+00:00
RTI Online,2086,"Consulate General of India, Houston",1,2924,40,no,yes,https://rtionline.gov.in/request/allpa.php,2026-08-23T06:45:58.414113+00:00
RTI Online,2087,"Consulate General of India, Istanbul, Turkey",1,2926,40,no,yes,https://rtionline.gov.in/request/allpa.php,2026-08-23T06:45:58.414113+00:00
RTI Online,2088,"Consulate General of India, Jaffna",1,3060,40,no,yes,https://rtionline.gov.in/request/allpa.php,2026-08-23T06:45:58.414113+00:00
RTI Online,2089,"Consulate General of India, Jalalabad",1,3061,40,no,yes,https://rtionline.gov.in/request/allpa.php,2026-08-23T06:45:58.414113+00:00
RTI Online,2090,"Consulate General of India, Jeddah,",1,2928,40,no,yes,https://rtionline.gov.in/request/allpa.php,2026-08-23T06:45:58.414113+00:00
RTI Online,2091,"Consulate General of India, Kandahar",1,3063,40,no,yes,https://rtionline.gov.in/request/allpa.php,2026-08-23T06:45:58.414113+00:00
RTI Online,2092,"Consulate General of India, Mandalay",1,3066,40,no,yes,https://rtionline.gov.in/request/allpa.php,2026-08-23T06:45:58.414113+00:00
RTI Online,2093,"Consulate General of India, Marseille",1,4370,40,no,yes,https://rtionline.gov.in/request/allpa.php,2026-08-23T06:45:58.414113+00:00
RTI Online,2094,"Consulate General of India, Mazar-e-sharif",1,3053,40,no,yes,https://rtionline.gov.in/request/allpa.php,2026-08-23T06:45:58.414113+00:00
RTI Online,2095,"Consulate General of India, Melbourne",1,2916,40,no,yes,https://rtionline.gov.in/request/allpa.php,2026-08-23T06:45:58.414113+00:00
RTI Online,2096,"Consulate General of India Milan, Italy",1,3028,40,no,yes,https://rtionline.gov.in/request/allpa.php,2026-08-23T06:45:58.414113+00:00
RTI Online,2097,Consulate General of India Munich,1,2899,40,no,yes,https://rtionline.gov.in/request/allpa.php,2026-08-23T06:45:58.414113+00:00
RTI Online,2098,"Consulate General of India, New York ,USA",1,2997,40,no,yes,https://rtionline.gov.in/request/allpa.php,2026-08-23T06:45:58.414113+00:00
RTI Online,2099,Consulate General of India Osaka- Kobe,1,2902,40,no,yes,https://rtionline.gov.in/request/allpa.php,2026-08-23T06:45:58.414113+00:00
RTI Online,2100,"Consulate General of India, Phuentsholing",1,3004,40,no,yes,https://rtionline.gov.in/request/allpa.php,2026-08-23T06:45:58.414113+00:00
RTI Online,2101,"Consulate General of India, San Francisco",1,3068,40,no,yes,https://rtionline.gov.in/request/allpa.php,2026-08-23T06:45:58.414113+00:00
RTI Online,2102,"Consulate General of India, Sao Paulo",1,3069,40,no,yes,https://rtionline.gov.in/request/allpa.php,2026-08-23T06:45:58.414113+00:00
RTI Online,2103,"Consulate General of India, Seattle",1,4202,40,no,yes,https://rtionline.gov.in/request/allpa.php,2026-08-23T06:45:58.414113+00:00
RTI Online,2104,"Consulate General of India, Shanghai",1,3070,40,no,yes,https://rtionline.gov.in/request/allpa.php,2026-08-23T06:45:58.414113+00:00
RTI Online,2105,"Consulate General of India, Sittwe, Myanmar",1,3902,40,no,yes,https://rtionline.gov.in/request/allpa.php,2026-08-23T06:45:58.414113+00:00
RTI Online,2106,"Consulate General of India, St. Petersburg",1,2956,40,no,yes,https://rtionline.gov.in/request/allpa.php,2026-08-23T06:45:58.414113+00:00
RTI Online,2107,"Consulate General of India, Sydney",1,2958,40,no,yes,https://rtionline.gov.in/request/allpa.php,2026-08-23T06:45:58.414113+00:00
RTI Online,2108,"Consulate General of India, Vanacouver",1,2967,40,no,yes,https://rtionline.gov.in/request/allpa.php,2026-08-23T06:45:58.414113+00:00
RTI Online,2109,"Consulate General of India, Vladivostok",1,3027,40,no,yes,https://rtionline.gov.in/request/allpa.php,2026-08-23T06:45:58.414113+00:00
RTI Online,2110,"Consulate General of India, Zanzibar",1,3026,40,no,yes,https://rtionline.gov.in/request/allpa.php,2026-08-23T06:45:58.414113+00:00
RTI Online,2111,"Consulate of India, Bandar Abbas",1,2944,40,no,yes,https://rtionline.gov.in/request/allpa.php,2026-08-23T06:45:58.414113+00:00
RTI Online,2112,"Consulate of India, Zahidan",1,3075,40,no,yes,https://rtionline.gov.in/request/allpa.php,2026-08-23T06:45:58.414113+00:00
RTI Online,2113,E/I Baku,1,2942,40,no,yes,https://rtionline.gov.in/request/allpa.php,2026-08-23T06:45:58.414113+00:00
RTI Online,2114,E/I Toronto,1,2964,40,no,yes,https://rtionline.gov.in/request/allpa.php,2026-08-23T06:45:58.414113+00:00
RTI Online,2115,"Embassy of India, Abidjan",1,3031,40,no,yes,https://rtionline.gov.in/request/allpa.php,2026-08-23T06:45:58.414113+00:00
RTI Online,2116,"Embassy of India, Abu Dhabi",1,2932,40,no,yes,https://rtionline.gov.in/request/allpa.php,2026-08-23T06:45:58.414113+00:00
RTI Online,2117,"Embassy of India, Addis Ababa",1,2934,40,no,yes,https://rtionline.gov.in/request/allpa.php,2026-08-23T06:45:58.414113+00:00
RTI Online,2118,"Embassy of India, Algiers",1,2935,40,no,yes,https://rtionline.gov.in/request/allpa.php,2026-08-23T06:45:58.414113+00:00
RTI Online,2119,"Embassy of India, Amman",1,2936,40,no,yes,https://rtionline.gov.in/request/allpa.php,2026-08-23T06:45:58.414113+00:00
RTI Online,2120,"Embassy of India, Ankara",1,2937,40,no,yes,https://rtionline.gov.in/request/allpa.php,2026-08-23T06:45:58.414113+00:00
RTI Online,2121,"Embassy of India, Antananarivo",1,2938,40,no,yes,https://rtionline.gov.in/request/allpa.php,2026-08-23T06:45:58.414113+00:00
RTI Online,2122,"Embassy of India, Ashgabat",1,3035,40,no,yes,https://rtionline.gov.in/request/allpa.php,2026-08-23T06:45:58.414113+00:00
RTI Online,2123,"Embassy of India, Astana",1,2939,40,no,yes,https://rtionline.gov.in/request/allpa.php,2026-08-23T06:45:58.414113+00:00
RTI Online,2124,"Embassy of India, Athens",1,2940,40,no,yes,https://rtionline.gov.in/request/allpa.php,2026-08-23T06:45:58.414113+00:00
RTI Online,2125,"Embassy of India, Baghdad",1,2941,40,no,yes,https://rtionline.gov.in/request/allpa.php,2026-08-23T06:45:58.414113+00:00
RTI Online,2126,"Embassy of India, Bahrain",1,3037,40,no,yes,https://rtionline.gov.in/request/allpa.php,2026-08-23T06:45:58.414113+00:00
RTI Online,2127,"Embassy of India, Bamako",1,3077,40,no,yes,https://rtionline.gov.in/request/allpa.php,2026-08-23T06:45:58.414113+00:00
RTI Online,2128,"Embassy of India, Bangkok",1,2945,40,no,yes,https://rtionline.gov.in/request/allpa.php,2026-08-23T06:45:58.414113+00:00
RTI Online,2129,"Embassy of India, Beijing",1,2946,40,no,yes,https://rtionline.gov.in/request/allpa.php,2026-08-23T06:45:58.414113+00:00
RTI Online,2130,"Embassy of India, Beirut",1,3033,40,no,yes,https://rtionline.gov.in/request/allpa.php,2026-08-23T06:45:58.414113+00:00
RTI Online,2131,"Embassy of India, Belgrade",1,2947,40,no,yes,https://rtionline.gov.in/request/allpa.php,2026-08-23T06:45:58.414113+00:00
RTI Online,2132,"Embassy of India, Berlin",1,2948,40,no,yes,https://rtionline.gov.in/request/allpa.php,2026-08-23T06:45:58.414113+00:00
RTI Online,2133,"Embassy of India, Berne",1,2949,40,no,yes,https://rtionline.gov.in/request/allpa.php,2026-08-23T06:45:58.414113+00:00
RTI Online,2134,"Embassy of India, Bishkek",1,2952,40,no,yes,https://rtionline.gov.in/request/allpa.php,2026-08-23T06:45:58.414113+00:00
RTI Online,2135,"Embassy of India, Bogota",1,3038,40,no,yes,https://rtionline.gov.in/request/allpa.php,2026-08-23T06:45:58.414113+00:00
RTI Online,2136,"Embassy of India,Brasilia",1,3054,40,no,yes,https://rtionline.gov.in/request/allpa.php,2026-08-23T06:45:58.414113+00:00
RTI Online,2137,"Embassy of India, Bratislava",1,2974,40,no,yes,https://rtionline.gov.in/request/allpa.php,2026-08-23T06:45:58.414113+00:00
RTI Online,2138,"Embassy of India, Brazzaville",1,3777,40,no,yes,https://rtionline.gov.in/request/allpa.php,2026-08-23T06:45:58.414113+00:00
RTI Online,2139,"Embassy of India, Brussels",1,2976,40,no,yes,https://rtionline.gov.in/request/allpa.php,2026-08-23T06:45:58.414113+00:00
RTI Online,2140,"Embassy of India, Bucharest",1,2977,40,no,yes,https://rtionline.gov.in/request/allpa.php,2026-08-23T06:45:58.414113+00:00
RTI Online,2141,"Embassy of India, Budapest",1,2978,40,no,yes,https://rtionline.gov.in/request/allpa.php,2026-08-23T06:45:58.414113+00:00
RTI Online,2142,"Embassy of India, Buenos Aires",1,2979,40,no,yes,https://rtionline.gov.in/request/allpa.php,2026-08-23T06:45:58.414113+00:00
RTI Online,2143,"Embassy of India, Cairo",1,2980,40,no,yes,https://rtionline.gov.in/request/allpa.php,2026-08-23T06:45:58.414113+00:00
RTI Online,2144,"Embassy of India, Caracas",1,2983,40,no,yes,https://rtionline.gov.in/request/allpa.php,2026-08-23T06:45:58.414113+00:00
RTI Online,2145,"Embassy of India, Conakry",1,3903,40,no,yes,https://rtionline.gov.in/request/allpa.php,2026-08-23T06:45:58.414113+00:00
RTI Online,2146,"Embassy of India, Copenhagen",1,2988,40,no,yes,https://rtionline.gov.in/request/allpa.php,2026-08-23T06:45:58.414113+00:00
RTI Online,2147,"Embassy of India, Dakar",1,2989,40,no,yes,https://rtionline.gov.in/request/allpa.php,2026-08-23T06:45:58.414113+00:00
RTI Online,2148,"Embassy of India, Damascus",1,2990,40,no,yes,https://rtionline.gov.in/request/allpa.php,2026-08-23T06:45:58.414113+00:00
RTI Online,2149,"Embassy of India, Djibouti",1,3679,40,no,yes,https://rtionline.gov.in/request/allpa.php,2026-08-23T06:45:58.414113+00:00
RTI Online,2150,"Embassy of India, Doha",1,2993,40,no,yes,https://rtionline.gov.in/request/allpa.php,2026-08-23T06:45:58.414113+00:00
RTI Online,2151,"Embassy of India, Dublin",1,3040,40,no,yes,https://rtionline.gov.in/request/allpa.php,2026-08-23T06:45:58.414113+00:00
RTI Online,2152,"EMBASSY OF INDIA, DUSHANBE",1,3996,40,no,yes,https://rtionline.gov.in/request/allpa.php,2026-08-23T06:45:58.414113+00:00
RTI Online,2153,"Embassy of India, Guatemala",1,3058,40,no,yes,https://rtionline.gov.in/request/allpa.php,2026-08-23T06:45:58.414113+00:00
RTI Online,2154,"Embassy of India, Hanoi, Vietnam",1,2931,40,no,yes,https://rtionline.gov.in/request/allpa.php,2026-08-23T06:45:58.414113+00:00
RTI Online,2155,"Embassy of India,Harare, Zimbabwe",1,2920,40,no,yes,https://rtionline.gov.in/request/allpa.php,2026-08-23T06:45:58.414113+00:00
RTI Online,2156,"Embassy of India, Havana",1,3045,40,no,yes,https://rtionline.gov.in/request/allpa.php,2026-08-23T06:45:58.414113+00:00
RTI Online,2157,"Embassy of India, Helsinki, Finland",1,2921,40,no,yes,https://rtionline.gov.in/request/allpa.php,2026-08-23T06:45:58.414113+00:00
RTI Online,2158,"Embassy of India, Jakarta, Indonesia",1,2927,40,no,yes,https://rtionline.gov.in/request/allpa.php,2026-08-23T06:45:58.414113+00:00
RTI Online,2159,"Embassy of India, Juba",1,3062,40,no,yes,https://rtionline.gov.in/request/allpa.php,2026-08-23T06:45:58.414113+00:00
RTI Online,2160,"Embassy of India, Kabul",1,3047,40,no,yes,https://rtionline.gov.in/request/allpa.php,2026-08-23T06:45:58.414113+00:00
RTI Online,2161,"Embassy of India, Kathmandu",1,2906,40,no,yes,https://rtionline.gov.in/request/allpa.php,2026-08-23T06:45:58.414113+00:00
RTI Online,2162,"Embassy of India, Khartoum",1,2905,40,no,yes,https://rtionline.gov.in/request/allpa.php,2026-08-23T06:45:58.414113+00:00
RTI Online,2163,"Embassy of India, Kinshasa",1,3064,40,no,yes,https://rtionline.gov.in/request/allpa.php,2026-08-23T06:45:58.414113+00:00
RTI Online,2164,"Embassy of India, Kuwait",1,2909,40,no,yes,https://rtionline.gov.in/request/allpa.php,2026-08-23T06:45:58.414113+00:00
RTI Online,2165,"Embassy of India, Kyiv",1,2910,40,no,yes,https://rtionline.gov.in/request/allpa.php,2026-08-23T06:45:58.414113+00:00
RTI Online,2166,"Embassy of India, La Paz (Bolivia)",1,4225,40,no,yes,https://rtionline.gov.in/request/allpa.php,2026-08-23T06:45:58.414113+00:00
RTI Online,2167,"Embassy of India, Lima",1,2911,40,no,yes,https://rtionline.gov.in/request/allpa.php,2026-08-23T06:45:58.414113+00:00
RTI Online,2168,"Embassy of India, Lisbon",1,3065,40,no,yes,https://rtionline.gov.in/request/allpa.php,2026-08-23T06:45:58.414113+00:00
RTI Online,2169,"Embassy of India, Ljubljana",1,3030,40,no,yes,https://rtionline.gov.in/request/allpa.php,2026-08-23T06:45:58.414113+00:00
RTI Online,2170,"Embassy of India, Lome (Togo)",1,4368,40,no,yes,https://rtionline.gov.in/request/allpa.php,2026-08-23T06:45:58.414113+00:00
RTI Online,2171,"Embassy of India, Lome (Togo)",1,3911,40,no,yes,https://rtionline.gov.in/request/allpa.php,2026-08-23T06:45:58.414113+00:00
RTI Online,2172,"Embassy of India, Luanda,",1,2913,40,no,yes,https://rtionline.gov.in/request/allpa.php,2026-08-23T06:45:58.414113+00:00
RTI Online,2173,"Embassy of India, Madrid,",1,2914,40,no,yes,https://rtionline.gov.in/request/allpa.php,2026-08-23T06:45:58.414113+00:00
RTI Online,2174,"Embassy of India, Manila",1,2953,40,no,yes,https://rtionline.gov.in/request/allpa.php,2026-08-23T06:45:58.414113+00:00
RTI Online,2175,"Embassy of India, Mexico",1,2896,40,no,yes,https://rtionline.gov.in/request/allpa.php,2026-08-23T06:45:58.414113+00:00
RTI Online,2176,"Embassy of India, Minsk",1,2897,40,no,yes,https://rtionline.gov.in/request/allpa.php,2026-08-23T06:45:58.414113+00:00
RTI Online,2177,"Embassy of India, Moscow",1,2898,40,no,yes,https://rtionline.gov.in/request/allpa.php,2026-08-23T06:45:58.414113+00:00
RTI Online,2178,Embassy of India Muscat,1,2900,40,no,yes,https://rtionline.gov.in/request/allpa.php,2026-08-23T06:45:58.414113+00:00
RTI Online,2179,"Embassy of India N’Djamena, Chad",1,4150,40,no,yes,https://rtionline.gov.in/request/allpa.php,2026-08-23T06:45:58.414113+00:00
RTI Online,2180,"Embassy of India, Niamey",1,3051,40,no,yes,https://rtionline.gov.in/request/allpa.php,2026-08-23T06:45:58.414113+00:00
RTI Online,2181,"Embassy of India, Nouakchott, Mauritania",1,4151,40,no,yes,https://rtionline.gov.in/request/allpa.php,2026-08-23T06:45:58.414113+00:00
RTI Online,2182,"Embassy of India, Oslo",1,2903,40,no,yes,https://rtionline.gov.in/request/allpa.php,2026-08-23T06:45:58.414113+00:00
RTI Online,2183,"Embassy of India, Ouagadougou",1,4208,40,no,yes,https://rtionline.gov.in/request/allpa.php,2026-08-23T06:45:58.414113+00:00
RTI Online,2184,"Embassy of India,Paramaribo",1,3020,40,no,yes,https://rtionline.gov.in/request/allpa.php,2026-08-23T06:45:58.414113+00:00
RTI Online,2185,"Embassy of India, Paris",1,3001,40,no,yes,https://rtionline.gov.in/request/allpa.php,2026-08-23T06:45:58.414113+00:00
RTI Online,2186,"Embassy of India, Praia",1,4068,40,no,yes,https://rtionline.gov.in/request/allpa.php,2026-08-23T06:45:58.414113+00:00
RTI Online,2187,"Embassy of India, Pyongyang",1,3009,40,no,yes,https://rtionline.gov.in/request/allpa.php,2026-08-23T06:45:58.414113+00:00
RTI Online,2188,"Embassy of India, Rome, Italy",1,3021,40,no,yes,https://rtionline.gov.in/request/allpa.php,2026-08-23T06:45:58.414113+00:00
RTI Online,2189,"Embassy of India, Sanaa",1,3018,40,no,yes,https://rtionline.gov.in/request/allpa.php,2026-08-23T06:45:58.414113+00:00
RTI Online,2190,"Embassy of India, Santiago",1,3019,40,no,yes,https://rtionline.gov.in/request/allpa.php,2026-08-23T06:45:58.414113+00:00
RTI Online,2191,"Embassy of India-Santo Domingo, Dominican Republic",1,3979,40,no,yes,https://rtionline.gov.in/request/allpa.php,2026-08-23T06:45:58.414113+00:00
RTI Online,2192,"Embassy of India, Sao Tome",1,4434,40,no,yes,https://rtionline.gov.in/request/allpa.php,2026-08-23T06:45:58.414113+00:00
RTI Online,2193,"Embassy of India, Seoul",1,2954,40,no,yes,https://rtionline.gov.in/request/allpa.php,2026-08-23T06:45:58.414113+00:00
RTI Online,2194,"Embassy of India, Sofia",1,2955,40,no,yes,https://rtionline.gov.in/request/allpa.php,2026-08-23T06:45:58.414113+00:00
RTI Online,2195,"Embassy of India, Stockholm",1,2957,40,no,yes,https://rtionline.gov.in/request/allpa.php,2026-08-23T06:45:58.414113+00:00
RTI Online,2196,"Embassy of India Tallinn, Estonia",1,3976,40,no,yes,https://rtionline.gov.in/request/allpa.php,2026-08-23T06:45:58.414113+00:00
RTI Online,2197,"Embassy of India, Tashkent",1,2959,40,no,yes,https://rtionline.gov.in/request/allpa.php,2026-08-23T06:45:58.414113+00:00
RTI Online,2198,"Embassy of India, Tbilisi",1,4226,40,no,yes,https://rtionline.gov.in/request/allpa.php,2026-08-23T06:45:58.414113+00:00
RTI Online,2199,"Embassy of India, Tehran",1,2960,40,no,yes,https://rtionline.gov.in/request/allpa.php,2026-08-23T06:45:58.414113+00:00
RTI Online,2200,"Embassy of India, Tel Aviv",1,2961,40,no,yes,https://rtionline.gov.in/request/allpa.php,2026-08-23T06:45:58.414113+00:00
RTI Online,2201,"Embassy of India, The Hague",1,3073,40,no,yes,https://rtionline.gov.in/request/allpa.php,2026-08-23T06:45:58.414113+00:00
RTI Online,2202,"Embassy of India, Thimphu",1,2962,40,no,yes,https://rtionline.gov.in/request/allpa.php,2026-08-23T06:45:58.414113+00:00
RTI Online,2203,"Embassy of India, Tokyo",1,2963,40,no,yes,https://rtionline.gov.in/request/allpa.php,2026-08-23T06:45:58.414113+00:00
RTI Online,2204,"Embassy of India, Tripoli",1,3074,40,no,yes,https://rtionline.gov.in/request/allpa.php,2026-08-23T06:45:58.414113+00:00
RTI Online,2205,"Embassy of India, Tunis",1,2965,40,no,yes,https://rtionline.gov.in/request/allpa.php,2026-08-23T06:45:58.414113+00:00
RTI Online,2206,"Embassy of India, Ulaanbaatar",1,2966,40,no,yes,https://rtionline.gov.in/request/allpa.php,2026-08-23T06:45:58.414113+00:00
RTI Online,2207,"Embassy of India, Vienna",1,2969,40,no,yes,https://rtionline.gov.in/request/allpa.php,2026-08-23T06:45:58.414113+00:00
RTI Online,2208,"Embassy of India, Vientiane",1,2970,40,no,yes,https://rtionline.gov.in/request/allpa.php,2026-08-23T06:45:58.414113+00:00
RTI Online,2209,"Embassy of India, Vilnius",1,4117,40,no,yes,https://rtionline.gov.in/request/allpa.php,2026-08-23T06:45:58.414113+00:00
RTI Online,2210,"Embassy of India, Warsaw",1,2971,40,no,yes,https://rtionline.gov.in/request/allpa.php,2026-08-23T06:45:58.414113+00:00
RTI Online,2211,"Embassy of India, Washington DC",1,2972,40,no,yes,https://rtionline.gov.in/request/allpa.php,2026-08-23T06:45:58.414113+00:00
RTI Online,2212,"Embassy of India, Yangon",1,3024,40,no,yes,https://rtionline.gov.in/request/allpa.php,2026-08-23T06:45:58.414113+00:00
RTI Online,2213,"Embassy of India, Yerevan",1,3050,40,no,yes,https://rtionline.gov.in/request/allpa.php,2026-08-23T06:45:58.414113+00:00
RTI Online,2214,"Embassy of India, Zagreb",1,3025,40,no,yes,https://rtionline.gov.in/request/allpa.php,2026-08-23T06:45:58.414113+00:00
RTI Online,2215,Hamburg,1,2918,40,no,yes,https://rtionline.gov.in/request/allpa.php,2026-08-23T06:45:58.414113+00:00
RTI Online,2216,"HCI, Johannesburg",1,3046,40,no,yes,https://rtionline.gov.in/request/allpa.php,2026-08-23T06:45:58.414113+00:00
RTI Online,2217,"HCI, Malta",1,3646,40,no,yes,https://rtionline.gov.in/request/allpa.php,2026-08-23T06:45:58.414113+00:00
RTI Online,2218,HCI Pretoria,1,3008,40,no,yes,https://rtionline.gov.in/request/allpa.php,2026-08-23T06:45:58.414113+00:00
RTI Online,2219,"High Commission of India, Abuja",1,2933,40,no,yes,https://rtionline.gov.in/request/allpa.php,2026-08-23T06:45:58.414113+00:00
RTI Online,2220,"High Commission of India, Accra",1,3032,40,no,yes,https://rtionline.gov.in/request/allpa.php,2026-08-23T06:45:58.414113+00:00
RTI Online,2221,"High Commission of India, Brunei",1,2975,40,no,yes,https://rtionline.gov.in/request/allpa.php,2026-08-23T06:45:58.414113+00:00
RTI Online,2222,"High Commission of India, Canberra",1,2981,40,no,yes,https://rtionline.gov.in/request/allpa.php,2026-08-23T06:45:58.414113+00:00
RTI Online,2223,"High Commission of India, Colombo",1,2987,40,no,yes,https://rtionline.gov.in/request/allpa.php,2026-08-23T06:45:58.414113+00:00
RTI Online,2224,"High Commission of India, Dar es Salaam",1,2991,40,no,yes,https://rtionline.gov.in/request/allpa.php,2026-08-23T06:45:58.414113+00:00
RTI Online,2225,"High Commission of India, Dhaka",1,2992,40,no,yes,https://rtionline.gov.in/request/allpa.php,2026-08-23T06:45:58.414113+00:00
RTI Online,2226,"High Commission of India, Freetown",1,4029,40,no,yes,https://rtionline.gov.in/request/allpa.php,2026-08-23T06:45:58.414113+00:00
RTI Online,2227,"High Commission of India, Gaborone",1,3043,40,no,yes,https://rtionline.gov.in/request/allpa.php,2026-08-23T06:45:58.414113+00:00
RTI Online,2228,"High Commission of India, Georgetown",1,3056,40,no,yes,https://rtionline.gov.in/request/allpa.php,2026-08-23T06:45:58.414113+00:00
RTI Online,2229,"High Commission of India, Islamabad, Pakistan,",1,2925,40,no,yes,https://rtionline.gov.in/request/allpa.php,2026-08-23T06:45:58.414113+00:00
RTI Online,2230,"High Commission of India, Kampala",1,2907,40,no,yes,https://rtionline.gov.in/request/allpa.php,2026-08-23T06:45:58.414113+00:00
RTI Online,2231,"High Commission of India, Kigali",1,3681,40,no,yes,https://rtionline.gov.in/request/allpa.php,2026-08-23T06:45:58.414113+00:00
RTI Online,2232,"High Commission of India, Kingston",1,2904,40,no,yes,https://rtionline.gov.in/request/allpa.php,2026-08-23T06:45:58.414113+00:00
RTI Online,2233,"High Commission of India, Kuala Lumpur",1,2908,40,no,yes,https://rtionline.gov.in/request/allpa.php,2026-08-23T06:45:58.414113+00:00
RTI Online,2234,"High Commission of India, Lagos",1,3048,40,no,yes,https://rtionline.gov.in/request/allpa.php,2026-08-23T06:45:58.414113+00:00
RTI Online,2235,"High Commission of India, Libreville, Gabon",1,4228,40,no,yes,https://rtionline.gov.in/request/allpa.php,2026-08-23T06:45:58.414113+00:00
RTI Online,2236,"High Commission of India, Lilongwe",1,3052,40,no,yes,https://rtionline.gov.in/request/allpa.php,2026-08-23T06:45:58.414113+00:00
RTI Online,2237,"High Commission Of India, London",1,2912,40,no,yes,https://rtionline.gov.in/request/allpa.php,2026-08-23T06:45:58.414113+00:00
RTI Online,2238,"High Commission of India Lusaka, Zambia",1,3029,40,no,yes,https://rtionline.gov.in/request/allpa.php,2026-08-23T06:45:58.414113+00:00
RTI Online,2239,"High Commission of India, Male",1,2915,40,no,yes,https://rtionline.gov.in/request/allpa.php,2026-08-23T06:45:58.414113+00:00
RTI Online,2240,"High Commission of India, Maputo",1,2994,40,no,yes,https://rtionline.gov.in/request/allpa.php,2026-08-23T06:45:58.414113+00:00
RTI Online,2241,"High Commission of India, Mbabane",1,3706,40,no,yes,https://rtionline.gov.in/request/allpa.php,2026-08-23T06:45:58.414113+00:00
RTI Online,2242,High Commission of India Nairobi,1,2901,40,no,yes,https://rtionline.gov.in/request/allpa.php,2026-08-23T06:45:58.414113+00:00
RTI Online,2243,"High Commission of India, Nicosia, Cyprus,",1,2998,40,no,yes,https://rtionline.gov.in/request/allpa.php,2026-08-23T06:45:58.414113+00:00
RTI Online,2244,"High Commission of India, Port of Spain",1,3022,40,no,yes,https://rtionline.gov.in/request/allpa.php,2026-08-23T06:45:58.414113+00:00
RTI Online,2245,"High Commission of India, Singapore",1,3071,40,no,yes,https://rtionline.gov.in/request/allpa.php,2026-08-23T06:45:58.414113+00:00
RTI Online,2246,"High Commission of India, Suva",1,3072,40,no,yes,https://rtionline.gov.in/request/allpa.php,2026-08-23T06:45:58.414113+00:00
RTI Online,2247,"High Commission of India, Victoria",1,2968,40,no,yes,https://rtionline.gov.in/request/allpa.php,2026-08-23T06:45:58.414113+00:00
RTI Online,2248,"High Commission of India, Wellington",1,2973,40,no,yes,https://rtionline.gov.in/request/allpa.php,2026-08-23T06:45:58.414113+00:00
RTI Online,2249,"High Commission of India, Windhoek",1,3023,40,no,yes,https://rtionline.gov.in/request/allpa.php,2026-08-23T06:45:58.414113+00:00
RTI Online,2250,"High Commission of India, Yaounde",1,3783,40,no,yes,https://rtionline.gov.in/request/allpa.php,2026-08-23T06:45:58.414113+00:00
RTI Online,2251,"Kandy, Sri Lanka, HCI",1,2929,40,no,yes,https://rtionline.gov.in/request/allpa.php,2026-08-23T06:45:58.414113+00:00
RTI Online,2252,"MEA - Consular, Passport & Visa Division (CPV)",1,2273,40,no,yes,https://rtionline.gov.in/request/allpa.php,2026-08-23T06:45:58.414113+00:00
RTI Online,2253,MEA - Indian Council for Cultural Relations,1,1616,40,no,yes,https://rtionline.gov.in/request/allpa.php,2026-08-23T06:45:58.414113+00:00
RTI Online,2254,MEA - Indian Council of World Affairs,1,1527,40,no,yes,https://rtionline.gov.in/request/allpa.php,2026-08-23T06:45:58.414113+00:00
RTI Online,2255,"Medan, Indonesia,",1,2995,40,no,yes,https://rtionline.gov.in/request/allpa.php,2026-08-23T06:45:58.414113+00:00
RTI Online,2256,Mombasa,1,2996,40,no,yes,https://rtionline.gov.in/request/allpa.php,2026-08-23T06:45:58.414113+00:00
RTI Online,2257,Nalanda University,1,3571,40,no,yes,https://rtionline.gov.in/request/allpa.php,2026-08-23T06:45:58.414113+00:00
RTI Online,2258,"New York, Permanent Mission of India",1,3049,40,no,yes,https://rtionline.gov.in/request/allpa.php,2026-08-23T06:45:58.414113+00:00
RTI Online,2259,Ottawa,1,2999,40,no,yes,https://rtionline.gov.in/request/allpa.php,2026-08-23T06:45:58.414113+00:00
RTI Online,2260,Panama City,1,3000,40,no,yes,https://rtionline.gov.in/request/allpa.php,2026-08-23T06:45:58.414113+00:00
RTI Online,2261,"Permanent Mission of India, Geneva",1,3044,40,no,yes,https://rtionline.gov.in/request/allpa.php,2026-08-23T06:45:58.414113+00:00
RTI Online,2262,Perth,1,3002,40,no,yes,https://rtionline.gov.in/request/allpa.php,2026-08-23T06:45:58.414113+00:00
RTI Online,2263,Phnom Penh,1,3003,40,no,yes,https://rtionline.gov.in/request/allpa.php,2026-08-23T06:45:58.414113+00:00
RTI Online,2264,Port Louis,1,3005,40,no,yes,https://rtionline.gov.in/request/allpa.php,2026-08-23T06:45:58.414113+00:00
RTI Online,2265,Port Moresby,1,3006,40,no,yes,https://rtionline.gov.in/request/allpa.php,2026-08-23T06:45:58.414113+00:00
RTI Online,2266,Prague,1,3007,40,no,yes,https://rtionline.gov.in/request/allpa.php,2026-08-23T06:45:58.414113+00:00
RTI Online,2267,Rabat,1,3010,40,no,yes,https://rtionline.gov.in/request/allpa.php,2026-08-23T06:45:58.414113+00:00
RTI Online,2268,Rajshahi,1,3011,40,no,yes,https://rtionline.gov.in/request/allpa.php,2026-08-23T06:45:58.414113+00:00
RTI Online,2269,"Representative office of India, Ramallah City",1,3067,40,no,yes,https://rtionline.gov.in/request/allpa.php,2026-08-23T06:45:58.414113+00:00
RTI Online,2270,Reykjavik,1,3012,40,no,yes,https://rtionline.gov.in/request/allpa.php,2026-08-23T06:45:58.414113+00:00
RTI Online,2271,Riyadh,1,3013,40,no,yes,https://rtionline.gov.in/request/allpa.php,2026-08-23T06:45:58.414113+00:00
RTI Online,2272,Saint Denis,1,3014,40,no,yes,https://rtionline.gov.in/request/allpa.php,2026-08-23T06:45:58.414113+00:00
RTI Online,2273,Ministry of Food Processing Industries,0,15,,no,yes,https://rtionline.gov.in/request/allpa.php,2026-08-23T06:45:58.414113+00:00
RTI Online,2274,Ministry of Heavy Industries,0,51,50,yes,no,https://rtionline.gov.in/request/allpa.php,2026-08-23T06:45:58.414113+00:00
RTI Online,2275,Andrew Yule & Company Limited,1,180,51,no,yes,https://rtionline.gov.in/request/allpa.php,2026-08-23T06:45:58.414113+00:00
RTI Online,2276,Automotive Research Association of India (ARAI),1,1163,51,no,yes,https://rtionline.gov.in/request/allpa.php,2026-08-23T06:45:58.414113+00:00
RTI Online,2277,BBJ Construction Co. Ltd.,1,1160,51,no,yes,https://rtionline.gov.in/request/allpa.php,2026-08-23T06:45:58.414113+00:00
RTI Online,2278,Bharat Heavy Electricals (BHEL),1,181,51,no,yes,https://rtionline.gov.in/request/allpa.php,2026-08-23T06:45:58.414113+00:00
RTI Online,2279,Bharat Pumps and Compressors Ltd.,1,512,51,no,yes,https://rtionline.gov.in/request/allpa.php,2026-08-23T06:45:58.414113+00:00
RTI Online,2280,BHEL Electric Machines Limited,1,3356,51,no,yes,https://rtionline.gov.in/request/allpa.php,2026-08-23T06:45:58.414113+00:00
RTI Online,2281,Bridge and Roof Co India Ltd,1,183,51,no,yes,https://rtionline.gov.in/request/allpa.php,2026-08-23T06:45:58.414113+00:00
RTI Online,2282,Cement Corporation of India Ltd.,1,185,51,no,yes,https://rtionline.gov.in/request/allpa.php,2026-08-23T06:45:58.414113+00:00
RTI Online,2283,Engineering Projects (India) Ltd.,1,186,51,no,yes,https://rtionline.gov.in/request/allpa.php,2026-08-23T06:45:58.414113+00:00
RTI Online,2284,Fluid Control Research Institute,1,1165,51,no,yes,https://rtionline.gov.in/request/allpa.php,2026-08-23T06:45:58.414113+00:00
RTI Online,2285,Heavy Engineering Corporation Ltd.,1,190,51,no,yes,https://rtionline.gov.in/request/allpa.php,2026-08-23T06:45:58.414113+00:00
RTI Online,2286,Hindustan Cables Ltd.,1,187,51,no,yes,https://rtionline.gov.in/request/allpa.php,2026-08-23T06:45:58.414113+00:00
RTI Online,2287,Hindustan Newsprint Ltd.,1,1162,51,no,yes,https://rtionline.gov.in/request/allpa.php,2026-08-23T06:45:58.414113+00:00
RTI Online,2288,Hindustan Paper Corporation Ltd.,1,188,51,no,yes,https://rtionline.gov.in/request/allpa.php,2026-08-23T06:45:58.414113+00:00
RTI Online,2289,Hindustan Salts Ltd.,1,280,51,no,yes,https://rtionline.gov.in/request/allpa.php,2026-08-23T06:45:58.414113+00:00
RTI Online,2290,HMT (International ) Ltd.,1,1126,51,no,yes,https://rtionline.gov.in/request/allpa.php,2026-08-23T06:45:58.414113+00:00
RTI Online,2291,HMT Ltd.,1,189,51,no,yes,https://rtionline.gov.in/request/allpa.php,2026-08-23T06:45:58.414113+00:00
RTI Online,2292,HMT Machine Tools Ltd.,1,1440,51,no,yes,https://rtionline.gov.in/request/allpa.php,2026-08-23T06:45:58.414113+00:00
RTI Online,2293,Hooghly Printing Co. Ltd.,1,1156,51,no,yes,https://rtionline.gov.in/request/allpa.php,2026-08-23T06:45:58.414113+00:00
RTI Online,2294,Nagaland Pulp & Paper Co Ltd,1,3544,51,no,yes,https://rtionline.gov.in/request/allpa.php,2026-08-23T06:45:58.414113+00:00
RTI Online,2295,National Automotive Board (NAB),1,1164,51,no,yes,https://rtionline.gov.in/request/allpa.php,2026-08-23T06:45:58.414113+00:00
RTI Online,2296,NEPA Ltd.,1,1161,51,no,yes,https://rtionline.gov.in/request/allpa.php,2026-08-23T06:45:58.414113+00:00
RTI Online,2297,Rajasthan Electronics & Instruments Ltd.,1,515,51,no,yes,https://rtionline.gov.in/request/allpa.php,2026-08-23T06:45:58.414113+00:00
RTI Online,2298,Richardson Cruddas Ltd.,1,192,51,no,yes,https://rtionline.gov.in/request/allpa.php,2026-08-23T06:45:58.414113+00:00
RTI Online,2299,Sambhar Salts Ltd,1,514,51,no,yes,https://rtionline.gov.in/request/allpa.php,2026-08-23T06:45:58.414113+00:00
RTI Online,2300,Scooters India Ltd.,1,193,51,no,yes,https://rtionline.gov.in/request/allpa.php,2026-08-23T06:45:58.414113+00:00
RTI Online,2301,Ministry of Home Affairs,0,53,,yes,no,https://rtionline.gov.in/request/allpa.php,2026-08-23T06:45:58.414113+00:00
RTI Online,2302,Assam Rifles,1,927,53,no,yes,https://rtionline.gov.in/request/allpa.php,2026-08-23T06:45:58.414113+00:00
RTI Online,2303,Border Security Force,1,875,53,no,yes,https://rtionline.gov.in/request/allpa.php,2026-08-23T06:45:58.414113+00:00
RTI Online,2304,Central Bureau of Investigation (CBI),1,3565,53,no,yes,https://rtionline.gov.in/request/allpa.php,2026-08-23T06:45:58.414113+00:00
RTI Online,2305,Central Industrial Security Force,1,878,53,no,yes,https://rtionline.gov.in/request/allpa.php,2026-08-23T06:45:58.414113+00:00
RTI Online,2306,Central Reserve Police Force,1,881,53,no,yes,https://rtionline.gov.in/request/allpa.php,2026-08-23T06:45:58.414113+00:00
RTI Online,2307,"Central Translation Bureau, Department of Official Language, MHA",1,2047,53,no,yes,https://rtionline.gov.in/request/allpa.php,2026-08-23T06:45:58.414113+00:00
RTI Online,2308,Delhi Police,1,1079,53,no,yes,https://rtionline.gov.in/request/allpa.php,2026-08-23T06:45:58.414113+00:00
RTI Online,2309,Department of Official Language,1,1694,53,no,yes,https://rtionline.gov.in/request/allpa.php,2026-08-23T06:45:58.414113+00:00
RTI Online,2310,Directorate of Coordination Police Wireless,1,334,53,no,yes,https://rtionline.gov.in/request/allpa.php,2026-08-23T06:45:58.414113+00:00
RTI Online,2311,Directorate of Forensic Science Services,1,879,53,no,yes,https://rtionline.gov.in/request/allpa.php,2026-08-23T06:45:58.414113+00:00
RTI Online,2312,Indo Tibetan Border Police,1,883,53,no,yes,https://rtionline.gov.in/request/allpa.php,2026-08-23T06:45:58.414113+00:00
RTI Online,2313,Intelligence Bureau,1,325,53,no,yes,https://rtionline.gov.in/request/allpa.php,2026-08-23T06:45:58.414113+00:00
RTI Online,2314,Inter State Council,1,887,53,no,yes,https://rtionline.gov.in/request/allpa.php,2026-08-23T06:45:58.414113+00:00
RTI Online,2315,LNJP National Institute of Criminology & Forensic Science,1,897,53,no,yes,https://rtionline.gov.in/request/allpa.php,2026-08-23T06:45:58.414113+00:00
RTI Online,2316,"Narcotics Control Bureau, R K Puram",1,926,53,no,yes,https://rtionline.gov.in/request/allpa.php,2026-08-23T06:45:58.414113+00:00
RTI Online,2317,National Crime Record Bureau,1,888,53,no,yes,https://rtionline.gov.in/request/allpa.php,2026-08-23T06:45:58.414113+00:00
RTI Online,2318,National Disaster Response Force,1,4366,53,no,yes,https://rtionline.gov.in/request/allpa.php,2026-08-23T06:45:58.414113+00:00
RTI Online,2319,National Forensic Sciences University,1,3980,53,no,yes,https://rtionline.gov.in/request/allpa.php,2026-08-23T06:45:58.414113+00:00
RTI Online,2320,National Foundation for Communal Harmony,1,1865,53,no,yes,https://rtionline.gov.in/request/allpa.php,2026-08-23T06:45:58.414113+00:00
RTI Online,2321,National Human Rights Commission,1,925,53,no,yes,https://rtionline.gov.in/request/allpa.php,2026-08-23T06:45:58.414113+00:00
RTI Online,2322,National Institute of Disaster Management,1,4143,53,no,yes,https://rtionline.gov.in/request/allpa.php,2026-08-23T06:45:58.414113+00:00
RTI Online,2323,National Intelligence Grid (NATGRID),1,4131,53,no,yes,https://rtionline.gov.in/request/allpa.php,2026-08-23T06:45:58.414113+00:00
RTI Online,2324,National Security Guard,1,882,53,no,yes,https://rtionline.gov.in/request/allpa.php,2026-08-23T06:45:58.414113+00:00
RTI Online,2325,"Rashtriya Raksha University, Gujarat",1,3977,53,no,yes,https://rtionline.gov.in/request/allpa.php,2026-08-23T06:45:58.414113+00:00
RTI Online,2326,Sashastra Seema Bal,1,886,53,no,yes,https://rtionline.gov.in/request/allpa.php,2026-08-23T06:45:58.414113+00:00
RTI Online,2327,Zonal Council Secretariat,1,892,53,no,yes,https://rtionline.gov.in/request/allpa.php,2026-08-23T06:45:58.414113+00:00
RTI Online,2328,Ministry of Housing & Urban Affairs,0,103,,yes,no,https://rtionline.gov.in/request/allpa.php,2026-08-23T06:45:58.414113+00:00
RTI Online,2329,"Border Fencing Division-IV, (CPWD)",1,4115,103,no,yes,https://rtionline.gov.in/request/allpa.php,2026-08-23T06:45:58.414113+00:00
RTI Online,2330,Building Material and Technology Promotion Council,1,934,103,no,yes,https://rtionline.gov.in/request/allpa.php,2026-08-23T06:45:58.414113+00:00
RTI Online,2331,Central Govt. Employees Welfare Housing Organisation,1,935,103,no,yes,https://rtionline.gov.in/request/allpa.php,2026-08-23T06:45:58.414113+00:00
RTI Online,2332,"Chief Engineer, Ghaziabad, CPWD",1,3927,103,no,yes,https://rtionline.gov.in/request/allpa.php,2026-08-23T06:45:58.414113+00:00
RTI Online,2333,CPWD-ADG Kochi,1,2841,103,no,yes,https://rtionline.gov.in/request/allpa.php,2026-08-23T06:45:58.414113+00:00
RTI Online,2334,CPWD ADG (Region Guwahati),1,3766,103,no,yes,https://rtionline.gov.in/request/allpa.php,2026-08-23T06:45:58.414113+00:00
RTI Online,2335,CPWD- Headquarters,1,2836,103,no,yes,https://rtionline.gov.in/request/allpa.php,2026-08-23T06:45:58.414113+00:00
RTI Online,2336,CPWD Hyderabad Region,1,3899,103,no,yes,https://rtionline.gov.in/request/allpa.php,2026-08-23T06:45:58.414113+00:00
RTI Online,2337,CPWD Project Region Chandigarh,1,2840,103,no,yes,https://rtionline.gov.in/request/allpa.php,2026-08-23T06:45:58.414113+00:00
RTI Online,2338,CPWD Project Region Chennai,1,3885,103,no,yes,https://rtionline.gov.in/request/allpa.php,2026-08-23T06:45:58.414113+00:00
RTI Online,2339,CPWD Project Region Delhi,1,2837,103,no,yes,https://rtionline.gov.in/request/allpa.php,2026-08-23T06:45:58.414113+00:00
RTI Online,2340,CPWD Project Region Kolkata,1,2838,103,no,yes,https://rtionline.gov.in/request/allpa.php,2026-08-23T06:45:58.414113+00:00
RTI Online,2341,CPWD Project Region Mumbai,1,2839,103,no,yes,https://rtionline.gov.in/request/allpa.php,2026-08-23T06:45:58.414113+00:00
RTI Online,2342,CPWD Region Bangalore,1,3896,103,no,yes,https://rtionline.gov.in/request/allpa.php,2026-08-23T06:45:58.414113+00:00
RTI Online,2343,Delhi Development Authority,1,249,103,no,yes,https://rtionline.gov.in/request/allpa.php,2026-08-23T06:45:58.414113+00:00
RTI Online,2344,Delhi Metro Rail Corporation,1,246,103,no,yes,https://rtionline.gov.in/request/allpa.php,2026-08-23T06:45:58.414113+00:00
RTI Online,2345,Delhi Urban Art Commission,1,428,103,no,yes,https://rtionline.gov.in/request/allpa.php,2026-08-23T06:45:58.414113+00:00
RTI Online,2346,Department of Publication,1,424,103,no,yes,https://rtionline.gov.in/request/allpa.php,2026-08-23T06:45:58.414113+00:00
RTI Online,2347,Directorate of Estates,1,421,103,no,yes,https://rtionline.gov.in/request/allpa.php,2026-08-23T06:45:58.414113+00:00
RTI Online,2348,Directorate of Printing,1,420,103,no,yes,https://rtionline.gov.in/request/allpa.php,2026-08-23T06:45:58.414113+00:00
RTI Online,2349,Government of India Stationery Office,1,425,103,no,yes,https://rtionline.gov.in/request/allpa.php,2026-08-23T06:45:58.414113+00:00
RTI Online,2350,Hindustan Prefab Ltd.,1,933,103,no,yes,https://rtionline.gov.in/request/allpa.php,2026-08-23T06:45:58.414113+00:00
RTI Online,2351,Hindustan Steelworks Construction Ltd.(HSCL),1,444,103,no,yes,https://rtionline.gov.in/request/allpa.php,2026-08-23T06:45:58.414113+00:00
RTI Online,2352,Housing and Urban Development Corporation Ltd.,1,932,103,no,yes,https://rtionline.gov.in/request/allpa.php,2026-08-23T06:45:58.414113+00:00
RTI Online,2353,"IIIDEM Project, CPWD",1,3929,103,no,yes,https://rtionline.gov.in/request/allpa.php,2026-08-23T06:45:58.414113+00:00
RTI Online,2354,Kochi Metro Rail Ltd,1,4204,103,no,yes,https://rtionline.gov.in/request/allpa.php,2026-08-23T06:45:58.414113+00:00
RTI Online,2355,Land and Development Office,1,426,103,no,yes,https://rtionline.gov.in/request/allpa.php,2026-08-23T06:45:58.414113+00:00
RTI Online,2356,National Building Construction Corporation Limited,1,248,103,no,yes,https://rtionline.gov.in/request/allpa.php,2026-08-23T06:45:58.414113+00:00
RTI Online,2357,National Building Organization,1,931,103,no,yes,https://rtionline.gov.in/request/allpa.php,2026-08-23T06:45:58.414113+00:00
RTI Online,2358,National Capital Region Planning Board,1,417,103,no,yes,https://rtionline.gov.in/request/allpa.php,2026-08-23T06:45:58.414113+00:00
RTI Online,2359,National Capital Region Transport Corporation Limited,1,4207,103,no,yes,https://rtionline.gov.in/request/allpa.php,2026-08-23T06:45:58.414113+00:00
RTI Online,2360,National Institute of Urban Affairs,1,429,103,no,yes,https://rtionline.gov.in/request/allpa.php,2026-08-23T06:45:58.414113+00:00
RTI Online,2361,Noida Metro Rail Corporation Ltd.,1,4232,103,no,yes,https://rtionline.gov.in/request/allpa.php,2026-08-23T06:45:58.414113+00:00
RTI Online,2362,"Principal Accounts Office, M/o HUA",1,1326,103,no,yes,https://rtionline.gov.in/request/allpa.php,2026-08-23T06:45:58.414113+00:00
RTI Online,2363,Rajghat Samadhi Committee,1,579,103,no,yes,https://rtionline.gov.in/request/allpa.php,2026-08-23T06:45:58.414113+00:00
RTI Online,2364,Superintending Engineer-Mussoori,1,3794,103,no,yes,https://rtionline.gov.in/request/allpa.php,2026-08-23T06:45:58.414113+00:00
RTI Online,2365,Town and Country Planning Organisation,1,427,103,no,yes,https://rtionline.gov.in/request/allpa.php,2026-08-23T06:45:58.414113+00:00
RTI Online,2366,"Tyagraj Marg Project Zone, CPWD",1,3828,103,no,yes,https://rtionline.gov.in/request/allpa.php,2026-08-23T06:45:58.414113+00:00
RTI Online,2367,Uttar Pradesh Metro Rail Corporation Limited,1,4449,103,no,yes,https://rtionline.gov.in/request/allpa.php,2026-08-23T06:45:58.414113+00:00
RTI Online,2368,Ministry of Information & Broadcasting,0,63,,yes,no,https://rtionline.gov.in/request/allpa.php,2026-08-23T06:45:58.414113+00:00
RTI Online,2369,Broadcast Engineering Consultants India Ltd,1,1635,63,no,yes,https://rtionline.gov.in/request/allpa.php,2026-08-23T06:45:58.414113+00:00
RTI Online,2370,Central Board of Film Certification(CBFC),1,870,63,no,yes,https://rtionline.gov.in/request/allpa.php,2026-08-23T06:45:58.414113+00:00
RTI Online,2371,Central Bureau of Communication (CBC),1,862,63,no,yes,https://rtionline.gov.in/request/allpa.php,2026-08-23T06:45:58.414113+00:00
RTI Online,2372,Childrens Film Society India,1,1855,63,no,yes,https://rtionline.gov.in/request/allpa.php,2026-08-23T06:45:58.414113+00:00
RTI Online,2373,Directorate of Film Festivals,1,869,63,no,yes,https://rtionline.gov.in/request/allpa.php,2026-08-23T06:45:58.414113+00:00
RTI Online,2374,Electronic Media Monitoring Centre,1,2045,63,no,yes,https://rtionline.gov.in/request/allpa.php,2026-08-23T06:45:58.414113+00:00
RTI Online,2375,"Film and Television Institute, Pune",1,865,63,no,yes,https://rtionline.gov.in/request/allpa.php,2026-08-23T06:45:58.414113+00:00
RTI Online,2376,Films Division,1,1618,63,no,yes,https://rtionline.gov.in/request/allpa.php,2026-08-23T06:45:58.414113+00:00
RTI Online,2377,Indian Institute of Mass Communication,1,864,63,no,yes,https://rtionline.gov.in/request/allpa.php,2026-08-23T06:45:58.414113+00:00
RTI Online,2378,National Film Archives of India (NFAI),1,868,63,no,yes,https://rtionline.gov.in/request/allpa.php,2026-08-23T06:45:58.414113+00:00
RTI Online,2379,National Film Development Corporation of India,1,861,63,no,yes,https://rtionline.gov.in/request/allpa.php,2026-08-23T06:45:58.414113+00:00
RTI Online,2380,New Media Wing,1,2858,63,no,yes,https://rtionline.gov.in/request/allpa.php,2026-08-23T06:45:58.414113+00:00
RTI Online,2381,"PAY AND ACCOUNTS OFFICE, DOORDARSHAN, GUWAHATI",1,3718,63,no,yes,https://rtionline.gov.in/request/allpa.php,2026-08-23T06:45:58.414113+00:00
RTI Online,2382,Prasar Bharti,1,3164,63,no,yes,https://rtionline.gov.in/request/allpa.php,2026-08-23T06:45:58.414113+00:00
RTI Online,2383,Press Council of India,1,1634,63,no,yes,https://rtionline.gov.in/request/allpa.php,2026-08-23T06:45:58.414113+00:00
RTI Online,2384,Press Information Bureau,1,871,63,no,yes,https://rtionline.gov.in/request/allpa.php,2026-08-23T06:45:58.414113+00:00
RTI Online,2385,"Principal Accounts Office, M/o I&B",1,3705,63,no,yes,https://rtionline.gov.in/request/allpa.php,2026-08-23T06:45:58.414113+00:00
RTI Online,2386,Publication Division,1,867,63,no,yes,https://rtionline.gov.in/request/allpa.php,2026-08-23T06:45:58.414113+00:00
RTI Online,2387,Registrar of Newspapers of India,1,863,63,no,yes,https://rtionline.gov.in/request/allpa.php,2026-08-23T06:45:58.414113+00:00
RTI Online,2388,Satyajit Ray Film and Television Institute,1,866,63,no,yes,https://rtionline.gov.in/request/allpa.php,2026-08-23T06:45:58.414113+00:00
RTI Online,2389,Ministry of Labour & Employment,0,64,,yes,no,https://rtionline.gov.in/request/allpa.php,2026-08-23T06:45:58.414113+00:00
RTI Online,2390,Board of Arbitration,1,1940,64,no,yes,https://rtionline.gov.in/request/allpa.php,2026-08-23T06:45:58.414113+00:00
RTI Online,2391,Central Board for Workers Education,1,344,64,no,yes,https://rtionline.gov.in/request/allpa.php,2026-08-23T06:45:58.414113+00:00
RTI Online,2392,"Central Government Industrial Tribunal-cum-Labour Court, Ahmedabad",1,1727,64,no,yes,https://rtionline.gov.in/request/allpa.php,2026-08-23T06:45:58.414113+00:00
RTI Online,2393,"Central Government Industrial Tribunal-cum-Labour Court, Asansole",1,1733,64,no,yes,https://rtionline.gov.in/request/allpa.php,2026-08-23T06:45:58.414113+00:00
RTI Online,2394,"Central Government Industrial Tribunal-cum-Labour Court, Bangalore",1,642,64,no,yes,https://rtionline.gov.in/request/allpa.php,2026-08-23T06:45:58.414113+00:00
RTI Online,2395,"Central Government Industrial Tribunal cum Labour Court, Bhubneshwar",1,1724,64,no,yes,https://rtionline.gov.in/request/allpa.php,2026-08-23T06:45:58.414113+00:00
RTI Online,2396,"Central Government Industrial Tribunal-cum-Labour Court, Chandigarh.I",1,643,64,no,yes,https://rtionline.gov.in/request/allpa.php,2026-08-23T06:45:58.414113+00:00
RTI Online,2397,"Central Government Industrial Tribunal cum Labour Court, Chennai",1,644,64,no,yes,https://rtionline.gov.in/request/allpa.php,2026-08-23T06:45:58.414113+00:00
RTI Online,2398,"Central Government Industrial Tribunal-cum-Labour Court, Ernakulam, Cochin",1,645,64,no,yes,https://rtionline.gov.in/request/allpa.php,2026-08-23T06:45:58.414113+00:00
RTI Online,2399,"Central Government Industrial Tribunal-cum-Labour Court, Guwahati",1,1726,64,no,yes,https://rtionline.gov.in/request/allpa.php,2026-08-23T06:45:58.414113+00:00
RTI Online,2400,"Central Government Industrial Tribunal-cum-Labour Court, Jabalpur",1,1731,64,no,yes,https://rtionline.gov.in/request/allpa.php,2026-08-23T06:45:58.414113+00:00
RTI Online,2401,"Central Government Industrial Tribunal-cum-Labour Court, Jaipur",1,1722,64,no,yes,https://rtionline.gov.in/request/allpa.php,2026-08-23T06:45:58.414113+00:00
RTI Online,2402,"Central Government Industrial Tribunal-cum-Labour Court, Kanpur",1,1736,64,no,yes,https://rtionline.gov.in/request/allpa.php,2026-08-23T06:45:58.414113+00:00
RTI Online,2403,"Central Government Industrial Tribunal-cum-Labour Court, Kolkata",1,1734,64,no,yes,https://rtionline.gov.in/request/allpa.php,2026-08-23T06:45:58.414113+00:00
RTI Online,2404,"Central Government Industrial Tribunal-cum-Labour Court, Lucknow",1,646,64,no,yes,https://rtionline.gov.in/request/allpa.php,2026-08-23T06:45:58.414113+00:00
RTI Online,2405,"Central Government Industrial Tribunal-cum-Labour Court, Nagpur",1,1723,64,no,yes,https://rtionline.gov.in/request/allpa.php,2026-08-23T06:45:58.414113+00:00
RTI Online,2406,"CGIT, Hyderabad",1,1664,64,no,yes,https://rtionline.gov.in/request/allpa.php,2026-08-23T06:45:58.414113+00:00
RTI Online,2407,"CGIT no. I, Delhi",1,1732,64,no,yes,https://rtionline.gov.in/request/allpa.php,2026-08-23T06:45:58.414113+00:00
RTI Online,2408,"CGIT no. I, Dhanbad",1,1729,64,no,yes,https://rtionline.gov.in/request/allpa.php,2026-08-23T06:45:58.414113+00:00
RTI Online,2409,"CGIT no. II, Chandigarh",1,1728,64,no,yes,https://rtionline.gov.in/request/allpa.php,2026-08-23T06:45:58.414113+00:00
RTI Online,2410,"CGIT no. II, Delhi",1,1725,64,no,yes,https://rtionline.gov.in/request/allpa.php,2026-08-23T06:45:58.414113+00:00
RTI Online,2411,"CGIT no. II, Dhanbad",1,1730,64,no,yes,https://rtionline.gov.in/request/allpa.php,2026-08-23T06:45:58.414113+00:00
RTI Online,2412,"CGIT no.I I, Mumbai",1,1735,64,no,yes,https://rtionline.gov.in/request/allpa.php,2026-08-23T06:45:58.414113+00:00
RTI Online,2413,"CGIT no. I, Mumbai",1,1665,64,no,yes,https://rtionline.gov.in/request/allpa.php,2026-08-23T06:45:58.414113+00:00
RTI Online,2414,Directorate General Factory Advice Service and Labour Institutes,1,621,64,no,yes,https://rtionline.gov.in/request/allpa.php,2026-08-23T06:45:58.414113+00:00
RTI Online,2415,Directorate General of Employment,1,620,64,no,yes,https://rtionline.gov.in/request/allpa.php,2026-08-23T06:45:58.414113+00:00
RTI Online,2416,"Directorate General of Labour & Welfare, Head Quarter",1,1737,64,no,yes,https://rtionline.gov.in/request/allpa.php,2026-08-23T06:45:58.414113+00:00
RTI Online,2417,Directorate General of Mines Safety,1,616,64,no,yes,https://rtionline.gov.in/request/allpa.php,2026-08-23T06:45:58.414113+00:00
RTI Online,2418,Employees Provident Fund Organisation,1,342,64,no,yes,https://rtionline.gov.in/request/allpa.php,2026-08-23T06:45:58.414113+00:00
RTI Online,2419,Employees State Insurance Corporation,1,343,64,no,yes,https://rtionline.gov.in/request/allpa.php,2026-08-23T06:45:58.414113+00:00
RTI Online,2420,ESIC Model Hospital Industrial Area II Chandigarh,1,2624,64,no,yes,https://rtionline.gov.in/request/allpa.php,2026-08-23T06:45:58.414113+00:00
RTI Online,2421,Labour Bureau,1,622,64,no,yes,https://rtionline.gov.in/request/allpa.php,2026-08-23T06:45:58.414113+00:00
RTI Online,2422,Office of The Chief Labour Commissioner (Central),1,619,64,no,yes,https://rtionline.gov.in/request/allpa.php,2026-08-23T06:45:58.414113+00:00
RTI Online,2423,Office of the RLC(C) Ahmedabad,1,1653,64,no,yes,https://rtionline.gov.in/request/allpa.php,2026-08-23T06:45:58.414113+00:00
RTI Online,2424,"Office of the RLC(C), Nagpur",1,1655,64,no,yes,https://rtionline.gov.in/request/allpa.php,2026-08-23T06:45:58.414113+00:00
RTI Online,2425,"Office of the Welfare Commissioner, Ahmedabad",1,3368,64,no,yes,https://rtionline.gov.in/request/allpa.php,2026-08-23T06:45:58.414113+00:00
RTI Online,2426,"Office of the Welfare Commissioner, Ajmer",1,623,64,no,yes,https://rtionline.gov.in/request/allpa.php,2026-08-23T06:45:58.414113+00:00
RTI Online,2427,"Office of The Welfare Commissioner, Allahabad",1,624,64,no,yes,https://rtionline.gov.in/request/allpa.php,2026-08-23T06:45:58.414113+00:00
RTI Online,2428,"Office of the Welfare Commissioner, Bangalore",1,625,64,no,yes,https://rtionline.gov.in/request/allpa.php,2026-08-23T06:45:58.414113+00:00
RTI Online,2429,"Office of the Welfare Commissioner, Bhubaneswar",1,626,64,no,yes,https://rtionline.gov.in/request/allpa.php,2026-08-23T06:45:58.414113+00:00
RTI Online,2430,"Office of The Welfare Commissioner, Chandigarh",1,3413,64,no,yes,https://rtionline.gov.in/request/allpa.php,2026-08-23T06:45:58.414113+00:00
RTI Online,2431,"Office of The Welfare Commissioner, Dehradun",1,3414,64,no,yes,https://rtionline.gov.in/request/allpa.php,2026-08-23T06:45:58.414113+00:00
RTI Online,2432,"Office of The Welfare Commissioner, Guwahati",1,3410,64,no,yes,https://rtionline.gov.in/request/allpa.php,2026-08-23T06:45:58.414113+00:00
RTI Online,2433,"Office of The Welfare Commissioner, Hyderabad",1,627,64,no,yes,https://rtionline.gov.in/request/allpa.php,2026-08-23T06:45:58.414113+00:00
RTI Online,2434,"Office of the Welfare Commissioner, Jabalpur",1,628,64,no,yes,https://rtionline.gov.in/request/allpa.php,2026-08-23T06:45:58.414113+00:00
RTI Online,2435,"Office of The Welfare Commissioner, Kannur",1,3376,64,no,yes,https://rtionline.gov.in/request/allpa.php,2026-08-23T06:45:58.414113+00:00
RTI Online,2436,"Office of the Welfare Commissioner, Koderma",1,629,64,no,yes,https://rtionline.gov.in/request/allpa.php,2026-08-23T06:45:58.414113+00:00
RTI Online,2437,"Office of the Welfare Commissioner, Kolkatta",1,630,64,no,yes,https://rtionline.gov.in/request/allpa.php,2026-08-23T06:45:58.414113+00:00
RTI Online,2438,"Office of The Welfare Commissioner, Nagpur",1,631,64,no,yes,https://rtionline.gov.in/request/allpa.php,2026-08-23T06:45:58.414113+00:00
RTI Online,2439,"Office of The Welfare Commissioner, Patna",1,3415,64,no,yes,https://rtionline.gov.in/request/allpa.php,2026-08-23T06:45:58.414113+00:00
RTI Online,2440,"Office of The Welfare Commissioner, Tirunelveli",1,3377,64,no,yes,https://rtionline.gov.in/request/allpa.php,2026-08-23T06:45:58.414113+00:00
RTI Online,2441,V.V. Giri National Labour Institute,1,617,64,no,yes,https://rtionline.gov.in/request/allpa.php,2026-08-23T06:45:58.414113+00:00
RTI Online,2442,"Ministry of Micro, Small and Medium Enterprises",0,2125,,yes,no,https://rtionline.gov.in/request/allpa.php,2026-08-23T06:45:58.414113+00:00
RTI Online,2443,CDGI Ferozabad,1,1213,2125,no,yes,https://rtionline.gov.in/request/allpa.php,2026-08-23T06:45:58.414113+00:00
RTI Online,2444,CFTI Agra,1,1185,2125,no,yes,https://rtionline.gov.in/request/allpa.php,2026-08-23T06:45:58.414113+00:00
RTI Online,2445,CFTI Chennai,1,1215,2125,no,yes,https://rtionline.gov.in/request/allpa.php,2026-08-23T06:45:58.414113+00:00
RTI Online,2446,CIHT Jalandhar,1,1210,2125,no,yes,https://rtionline.gov.in/request/allpa.php,2026-08-23T06:45:58.414113+00:00
RTI Online,2447,Coir Board,1,776,2125,no,yes,https://rtionline.gov.in/request/allpa.php,2026-08-23T06:45:58.414113+00:00
RTI Online,2448,CTR Ludhiana,1,1186,2125,no,yes,https://rtionline.gov.in/request/allpa.php,2026-08-23T06:45:58.414113+00:00
RTI Online,2449,CTRTC Bhubneswar,1,1181,2125,no,yes,https://rtionline.gov.in/request/allpa.php,2026-08-23T06:45:58.414113+00:00
RTI Online,2450,CTRTC KolKata,1,1216,2125,no,yes,https://rtionline.gov.in/request/allpa.php,2026-08-23T06:45:58.414113+00:00
RTI Online,2451,Development Commissioner (Micro Small and Medium Enterprises),1,432,2125,no,yes,https://rtionline.gov.in/request/allpa.php,2026-08-23T06:45:58.414113+00:00
RTI Online,2452,"DEVELOPMENT INSTITUTE, RAIPUR",1,3700,2125,no,yes,https://rtionline.gov.in/request/allpa.php,2026-08-23T06:45:58.414113+00:00
RTI Online,2453,ESTC Ramnagar,1,1208,2125,no,yes,https://rtionline.gov.in/request/allpa.php,2026-08-23T06:45:58.414113+00:00
RTI Online,2454,FFDC Kannauj,1,1211,2125,no,yes,https://rtionline.gov.in/request/allpa.php,2026-08-23T06:45:58.414113+00:00
RTI Online,2455,HTDDTC Nagaur,1,1152,2125,no,yes,https://rtionline.gov.in/request/allpa.php,2026-08-23T06:45:58.414113+00:00
RTI Online,2456,IDEMI Mumbai,1,1183,2125,no,yes,https://rtionline.gov.in/request/allpa.php,2026-08-23T06:45:58.414113+00:00
RTI Online,2457,IDTR Jamshedpur,1,1212,2125,no,yes,https://rtionline.gov.in/request/allpa.php,2026-08-23T06:45:58.414113+00:00
RTI Online,2458,IGTR Aurangabad,1,1184,2125,no,yes,https://rtionline.gov.in/request/allpa.php,2026-08-23T06:45:58.414113+00:00
RTI Online,2459,Indian Institute of Entrepreneurship,1,1288,2125,no,yes,https://rtionline.gov.in/request/allpa.php,2026-08-23T06:45:58.414113+00:00
RTI Online,2460,Khadi & Village Industries Commission,1,194,2125,no,yes,https://rtionline.gov.in/request/allpa.php,2026-08-23T06:45:58.414113+00:00
RTI Online,2461,Mahatma Gandhi Institute for Rural Industrialisation (MGIRI),1,2274,2125,no,yes,https://rtionline.gov.in/request/allpa.php,2026-08-23T06:45:58.414113+00:00
RTI Online,2462,MSME Development Institute Agra,1,1138,2125,no,yes,https://rtionline.gov.in/request/allpa.php,2026-08-23T06:45:58.414113+00:00
RTI Online,2463,"MSME Development Institute, Bangalore",1,1115,2125,no,yes,https://rtionline.gov.in/request/allpa.php,2026-08-23T06:45:58.414113+00:00
RTI Online,2464,MSME Development Institute Chennai,1,3290,2125,no,yes,https://rtionline.gov.in/request/allpa.php,2026-08-23T06:45:58.414113+00:00
RTI Online,2465,MSME Development Institute karnal,1,1132,2125,no,yes,https://rtionline.gov.in/request/allpa.php,2026-08-23T06:45:58.414113+00:00
RTI Online,2466,"MSME Development Institute,Kolkata",1,1108,2125,no,yes,https://rtionline.gov.in/request/allpa.php,2026-08-23T06:45:58.414113+00:00
RTI Online,2467,"MSME Development Institute, Ludhiana",1,3291,2125,no,yes,https://rtionline.gov.in/request/allpa.php,2026-08-23T06:45:58.414113+00:00
RTI Online,2468,"MSME Development Institute, Margao, Goa",1,3946,2125,no,yes,https://rtionline.gov.in/request/allpa.php,2026-08-23T06:45:58.414113+00:00
RTI Online,2469,MSME Development Institute Patna,1,1123,2125,no,yes,https://rtionline.gov.in/request/allpa.php,2026-08-23T06:45:58.414113+00:00
RTI Online,2470,MSME-DFO Visakhapatnam,1,4147,2125,no,yes,https://rtionline.gov.in/request/allpa.php,2026-08-23T06:45:58.414113+00:00
RTI Online,2471,MSME DI Ahmedabad,1,1113,2125,no,yes,https://rtionline.gov.in/request/allpa.php,2026-08-23T06:45:58.414113+00:00
RTI Online,2472,"MSMEDI, Cuttack",1,1120,2125,no,yes,https://rtionline.gov.in/request/allpa.php,2026-08-23T06:45:58.414113+00:00
RTI Online,2473,MSME DI Gangtok,1,3289,2125,no,yes,https://rtionline.gov.in/request/allpa.php,2026-08-23T06:45:58.414113+00:00
RTI Online,2474,MSME DI Guwahati,1,1110,2125,no,yes,https://rtionline.gov.in/request/allpa.php,2026-08-23T06:45:58.414113+00:00
RTI Online,2475,"MSME DI, Haldwani",1,1143,2125,no,yes,https://rtionline.gov.in/request/allpa.php,2026-08-23T06:45:58.414113+00:00
RTI Online,2476,MSME DI Hubli,1,1125,2125,no,yes,https://rtionline.gov.in/request/allpa.php,2026-08-23T06:45:58.414113+00:00
RTI Online,2477,MSME DI Hyderabad,1,1114,2125,no,yes,https://rtionline.gov.in/request/allpa.php,2026-08-23T06:45:58.414113+00:00
RTI Online,2478,MSME DI JAIPUR,1,1128,2125,no,yes,https://rtionline.gov.in/request/allpa.php,2026-08-23T06:45:58.414113+00:00
RTI Online,2479,MSME DI KANPUR,1,1127,2125,no,yes,https://rtionline.gov.in/request/allpa.php,2026-08-23T06:45:58.414113+00:00
RTI Online,2480,MSME DI Muzaffarpur,1,2046,2125,no,yes,https://rtionline.gov.in/request/allpa.php,2026-08-23T06:45:58.414113+00:00
RTI Online,2481,MSME DI SOLAN,1,1129,2125,no,yes,https://rtionline.gov.in/request/allpa.php,2026-08-23T06:45:58.414113+00:00
RTI Online,2482,MSMEDI Thrissur,1,1118,2125,no,yes,https://rtionline.gov.in/request/allpa.php,2026-08-23T06:45:58.414113+00:00
RTI Online,2483,MSME DIVELOPMENT INSTITUTE INDORE,1,1112,2125,no,yes,https://rtionline.gov.in/request/allpa.php,2026-08-23T06:45:58.414113+00:00
RTI Online,2484,"MSME Testing Centre, Chennai",1,1141,2125,no,yes,https://rtionline.gov.in/request/allpa.php,2026-08-23T06:45:58.414113+00:00
RTI Online,2485,MSME Testing Centre Kolkata,1,1135,2125,no,yes,https://rtionline.gov.in/request/allpa.php,2026-08-23T06:45:58.414113+00:00
RTI Online,2486,M S M E TESTING CENTRE NEW DELHI,1,1139,2125,no,yes,https://rtionline.gov.in/request/allpa.php,2026-08-23T06:45:58.414113+00:00
RTI Online,2487,MSMETI Ettumanoor,1,1150,2125,no,yes,https://rtionline.gov.in/request/allpa.php,2026-08-23T06:45:58.414113+00:00
RTI Online,2488,MSMETI THIRUVALLA,1,3292,2125,no,yes,https://rtionline.gov.in/request/allpa.php,2026-08-23T06:45:58.414113+00:00
RTI Online,2489,MSME tool room Ahmedabad,1,1205,2125,no,yes,https://rtionline.gov.in/request/allpa.php,2026-08-23T06:45:58.414113+00:00
RTI Online,2490,MSME TOOL ROOM GUWAHATI,1,1206,2125,no,yes,https://rtionline.gov.in/request/allpa.php,2026-08-23T06:45:58.414113+00:00
RTI Online,2491,MSME TOOL ROOM HYDERABAD CITD,1,1209,2125,no,yes,https://rtionline.gov.in/request/allpa.php,2026-08-23T06:45:58.414113+00:00
RTI Online,2492,MSME Tool Room Indore,1,1182,2125,no,yes,https://rtionline.gov.in/request/allpa.php,2026-08-23T06:45:58.414113+00:00
RTI Online,2493,National Institute for Entrepreneurship & Small Business Development (NIESBUD),1,1287,2125,no,yes,https://rtionline.gov.in/request/allpa.php,2026-08-23T06:45:58.414113+00:00
RTI Online,2494,National Institute of Micro Small and Medium Enterprises (NIMSME),1,1286,2125,no,yes,https://rtionline.gov.in/request/allpa.php,2026-08-23T06:45:58.414113+00:00
RTI Online,2495,PPDC Agra,1,1214,2125,no,yes,https://rtionline.gov.in/request/allpa.php,2026-08-23T06:45:58.414113+00:00
RTI Online,2496,PPDC Meerut,1,1207,2125,no,yes,https://rtionline.gov.in/request/allpa.php,2026-08-23T06:45:58.414113+00:00
RTI Online,2497,RTC-Mumbai,1,1144,2125,no,yes,https://rtionline.gov.in/request/allpa.php,2026-08-23T06:45:58.414113+00:00
RTI Online,2498,SISI Agartala,1,1142,2125,no,yes,https://rtionline.gov.in/request/allpa.php,2026-08-23T06:45:58.414113+00:00
RTI Online,2499,SISI Allahabad,1,1147,2125,no,yes,https://rtionline.gov.in/request/allpa.php,2026-08-23T06:45:58.414113+00:00
RTI Online,2500,SISI-Goa,1,1131,2125,no,yes,https://rtionline.gov.in/request/allpa.php,2026-08-23T06:45:58.414113+00:00
RTI Online,2501,SISI-Imphal,1,1109,2125,no,yes,https://rtionline.gov.in/request/allpa.php,2026-08-23T06:45:58.414113+00:00
RTI Online,2502,SISI-Jammu,1,1137,2125,no,yes,https://rtionline.gov.in/request/allpa.php,2026-08-23T06:45:58.414113+00:00
RTI Online,2503,SISI-Mumbai,1,1111,2125,no,yes,https://rtionline.gov.in/request/allpa.php,2026-08-23T06:45:58.414113+00:00
RTI Online,2504,SISI-Nagpur,1,1145,2125,no,yes,https://rtionline.gov.in/request/allpa.php,2026-08-23T06:45:58.414113+00:00
RTI Online,2505,SISI-New Delhi,1,1133,2125,no,yes,https://rtionline.gov.in/request/allpa.php,2026-08-23T06:45:58.414113+00:00
RTI Online,2506,SISI-Ranchi,1,1106,2125,no,yes,https://rtionline.gov.in/request/allpa.php,2026-08-23T06:45:58.414113+00:00
RTI Online,2507,The National Small Industries Corporation Ltd,1,734,2125,no,yes,https://rtionline.gov.in/request/allpa.php,2026-08-23T06:45:58.414113+00:00
RTI Online,2508,Ministry of Mines,0,21,,yes,no,https://rtionline.gov.in/request/allpa.php,2026-08-23T06:45:58.414113+00:00
RTI Online,2509,Geological Survey of India,1,197,21,no,yes,https://rtionline.gov.in/request/allpa.php,2026-08-23T06:45:58.414113+00:00
RTI Online,2510,Hindustan Copper Ltd.,1,195,21,no,yes,https://rtionline.gov.in/request/allpa.php,2026-08-23T06:45:58.414113+00:00
RTI Online,2511,Indian Bureau of Mines,1,412,21,no,yes,https://rtionline.gov.in/request/allpa.php,2026-08-23T06:45:58.414113+00:00
RTI Online,2512,Jawaharlal Nehru Aluminium Research Development and Design Centre.,1,546,21,no,yes,https://rtionline.gov.in/request/allpa.php,2026-08-23T06:45:58.414113+00:00
RTI Online,2513,Mineral Exploration Corporation Ltd.,1,303,21,no,yes,https://rtionline.gov.in/request/allpa.php,2026-08-23T06:45:58.414113+00:00
RTI Online,2514,National Aluminium Company Ltd.,1,196,21,no,yes,https://rtionline.gov.in/request/allpa.php,2026-08-23T06:45:58.414113+00:00
RTI Online,2515,National Institute of Miners Health,1,548,21,no,yes,https://rtionline.gov.in/request/allpa.php,2026-08-23T06:45:58.414113+00:00
RTI Online,2516,National Institute of Rock Mechanics,1,547,21,no,yes,https://rtionline.gov.in/request/allpa.php,2026-08-23T06:45:58.414113+00:00
RTI Online,2517,Ministry of Minority Affairs,0,20,,yes,no,https://rtionline.gov.in/request/allpa.php,2026-08-23T06:45:58.414113+00:00
RTI Online,2518,Central Waqf Council,1,1485,20,no,yes,https://rtionline.gov.in/request/allpa.php,2026-08-23T06:45:58.414113+00:00
RTI Online,2519,Dargah Khwaja Ajmer Saheb,1,1486,20,no,yes,https://rtionline.gov.in/request/allpa.php,2026-08-23T06:45:58.414113+00:00
RTI Online,2520,Haj Committee of India,1,4118,20,no,yes,https://rtionline.gov.in/request/allpa.php,2026-08-23T06:45:58.414113+00:00
RTI Online,2521,Maulana Azad Education Foundation,1,746,20,no,yes,https://rtionline.gov.in/request/allpa.php,2026-08-23T06:45:58.414113+00:00
RTI Online,2522,Maulana Azad National Academy for Skills,1,3207,20,no,yes,https://rtionline.gov.in/request/allpa.php,2026-08-23T06:45:58.414113+00:00
RTI Online,2523,National Commissioner for Linguistic Minorities,1,764,20,no,yes,https://rtionline.gov.in/request/allpa.php,2026-08-23T06:45:58.414113+00:00
RTI Online,2524,National Commission for Minorities,1,748,20,no,yes,https://rtionline.gov.in/request/allpa.php,2026-08-23T06:45:58.414113+00:00
RTI Online,2525,National Minorities Development and Finance Corporation,1,754,20,no,yes,https://rtionline.gov.in/request/allpa.php,2026-08-23T06:45:58.414113+00:00
RTI Online,2526,Ministry of New & Renewable Energy,0,70,,yes,no,https://rtionline.gov.in/request/allpa.php,2026-08-23T06:45:58.414113+00:00
RTI Online,2527,Indian Renewable Energy Development Authority Limited (IREDA),1,198,70,no,yes,https://rtionline.gov.in/request/allpa.php,2026-08-23T06:45:58.414113+00:00
RTI Online,2528,National Institute of Solar Energy (NISE),1,3573,70,no,yes,https://rtionline.gov.in/request/allpa.php,2026-08-23T06:45:58.414113+00:00
RTI Online,2529,National Institute of Wind Energy(NIWE),1,3574,70,no,yes,https://rtionline.gov.in/request/allpa.php,2026-08-23T06:45:58.414113+00:00
RTI Online,2530,Sardar Swaran Singh National Institute of Bio Energy (SSS-NIBE),1,2625,70,no,yes,https://rtionline.gov.in/request/allpa.php,2026-08-23T06:45:58.414113+00:00
RTI Online,2531,Solar Energy Corporation of India (SECI),1,3572,70,no,yes,https://rtionline.gov.in/request/allpa.php,2026-08-23T06:45:58.414113+00:00
RTI Online,2532,Ministry of Panchayati Raj,0,49,,no,yes,https://rtionline.gov.in/request/allpa.php,2026-08-23T06:45:58.414113+00:00
RTI Online,2533,Ministry of Parliamentary Affairs,0,73,,no,yes,https://rtionline.gov.in/request/allpa.php,2026-08-23T06:45:58.414113+00:00
RTI Online,2534,Ministry of Petroleum & Natural Gas,0,78,,yes,no,https://rtionline.gov.in/request/allpa.php,2026-08-23T06:45:58.414113+00:00
RTI Online,2535,Balmer Lawrie & Co. Ltd.,1,549,78,no,yes,https://rtionline.gov.in/request/allpa.php,2026-08-23T06:45:58.414113+00:00
RTI Online,2536,Balmer Lawrie Investments Limited,1,3183,78,no,yes,https://rtionline.gov.in/request/allpa.php,2026-08-23T06:45:58.414113+00:00
RTI Online,2537,Bharat Petroleum Corporation Limited (BPCL),1,564,78,no,yes,https://rtionline.gov.in/request/allpa.php,2026-08-23T06:45:58.414113+00:00
RTI Online,2538,Bharat PetroResources Ltd. & BPRJPDA,1,3670,78,no,yes,https://rtionline.gov.in/request/allpa.php,2026-08-23T06:45:58.414113+00:00
RTI Online,2539,Centre for High Technology,1,3187,78,no,yes,https://rtionline.gov.in/request/allpa.php,2026-08-23T06:45:58.414113+00:00
RTI Online,2540,Chennai Petroleum Corporation Limited (CPCL),1,572,78,no,yes,https://rtionline.gov.in/request/allpa.php,2026-08-23T06:45:58.414113+00:00
RTI Online,2541,Directorate General of Hydrocarbons,1,551,78,no,yes,https://rtionline.gov.in/request/allpa.php,2026-08-23T06:45:58.414113+00:00
RTI Online,2542,Engineers India Limited (EIL),1,571,78,no,yes,https://rtionline.gov.in/request/allpa.php,2026-08-23T06:45:58.414113+00:00
RTI Online,2543,GAIL (India) Limited,1,568,78,no,yes,https://rtionline.gov.in/request/allpa.php,2026-08-23T06:45:58.414113+00:00
RTI Online,2544,Hindustan Petroleum Corporation Limited (HPCL),1,566,78,no,yes,https://rtionline.gov.in/request/allpa.php,2026-08-23T06:45:58.414113+00:00
RTI Online,2545,Indian Institute of Petroleum & Energy (IIPE),1,3770,78,no,yes,https://rtionline.gov.in/request/allpa.php,2026-08-23T06:45:58.414113+00:00
RTI Online,2546,Indian Oil Corporation Limited (IOCL),1,563,78,no,yes,https://rtionline.gov.in/request/allpa.php,2026-08-23T06:45:58.414113+00:00
RTI Online,2547,Indian Strategic Petroleum Reserves Limited,1,3800,78,no,yes,https://rtionline.gov.in/request/allpa.php,2026-08-23T06:45:58.414113+00:00
RTI Online,2548,Mangalore Refinery & Petrochemicals Limited (MRPL),1,574,78,no,yes,https://rtionline.gov.in/request/allpa.php,2026-08-23T06:45:58.414113+00:00
RTI Online,2549,Numaligarh Refinery Limited (NRL),1,576,78,no,yes,https://rtionline.gov.in/request/allpa.php,2026-08-23T06:45:58.414113+00:00
RTI Online,2550,Numaligarh Refinery Ltd. (NRL),1,3671,78,no,yes,https://rtionline.gov.in/request/allpa.php,2026-08-23T06:45:58.414113+00:00
RTI Online,2551,Oil India Limited (OIL),1,570,78,no,yes,https://rtionline.gov.in/request/allpa.php,2026-08-23T06:45:58.414113+00:00
RTI Online,2552,Oil Industry Development Board (OIDB),1,550,78,no,yes,https://rtionline.gov.in/request/allpa.php,2026-08-23T06:45:58.414113+00:00
RTI Online,2553,Oil Industry Safety Directorate (OISD),1,560,78,no,yes,https://rtionline.gov.in/request/allpa.php,2026-08-23T06:45:58.414113+00:00
RTI Online,2554,Oil & Natural Gas Corporation Limited (ONGC),1,569,78,no,yes,https://rtionline.gov.in/request/allpa.php,2026-08-23T06:45:58.414113+00:00
RTI Online,2555,ONGC Mangalore Petrochemicals Limited,1,3776,78,no,yes,https://rtionline.gov.in/request/allpa.php,2026-08-23T06:45:58.414113+00:00
RTI Online,2556,ONGC Petro additions Limited (OPaL),1,4374,78,no,yes,https://rtionline.gov.in/request/allpa.php,2026-08-23T06:45:58.414113+00:00
RTI Online,2557,ONGC Videsh Limited (OVL),1,562,78,no,yes,https://rtionline.gov.in/request/allpa.php,2026-08-23T06:45:58.414113+00:00
RTI Online,2558,Petroleum and Natural Gas Regulatory Board (PNGRB),1,2063,78,no,yes,https://rtionline.gov.in/request/allpa.php,2026-08-23T06:45:58.414113+00:00
RTI Online,2559,Petroleum Conservation & Research Association (PCRA),1,552,78,no,yes,https://rtionline.gov.in/request/allpa.php,2026-08-23T06:45:58.414113+00:00
RTI Online,2560,Petroleum Planning & Analysis Cell (PPAC),1,561,78,no,yes,https://rtionline.gov.in/request/allpa.php,2026-08-23T06:45:58.414113+00:00
RTI Online,2561,Rajiv Gandhi Institute of Petroleum Technology (RGIPT),1,3191,78,no,yes,https://rtionline.gov.in/request/allpa.php,2026-08-23T06:45:58.414113+00:00
RTI Online,2562,"Ministry of Ports, Shipping and Waterways",0,97,,yes,no,https://rtionline.gov.in/request/allpa.php,2026-08-23T06:45:58.414113+00:00
RTI Online,2563,Adjudicatory Board for Major Ports (ABMP),1,372,97,no,yes,https://rtionline.gov.in/request/allpa.php,2026-08-23T06:45:58.414113+00:00
RTI Online,2564,Andaman Lakshdweep Harbour Works,1,449,97,no,yes,https://rtionline.gov.in/request/allpa.php,2026-08-23T06:45:58.414113+00:00
RTI Online,2565,Calcutta Dock Labour Board,1,370,97,no,yes,https://rtionline.gov.in/request/allpa.php,2026-08-23T06:45:58.414113+00:00
RTI Online,2566,Central Inland Water Transport Co. Ltd.,1,270,97,no,yes,https://rtionline.gov.in/request/allpa.php,2026-08-23T06:45:58.414113+00:00
RTI Online,2567,Chennai Port Authority,1,364,97,no,yes,https://rtionline.gov.in/request/allpa.php,2026-08-23T06:45:58.414113+00:00
RTI Online,2568,Cochin Port Authority,1,345,97,no,yes,https://rtionline.gov.in/request/allpa.php,2026-08-23T06:45:58.414113+00:00
RTI Online,2569,Cochin Shipyard Limited,1,234,97,no,yes,https://rtionline.gov.in/request/allpa.php,2026-08-23T06:45:58.414113+00:00
RTI Online,2570,Deendayal (Kandla) Port Authority,1,369,97,no,yes,https://rtionline.gov.in/request/allpa.php,2026-08-23T06:45:58.414113+00:00
RTI Online,2571,Directorate General of Lighthouses & Lightships,1,447,97,no,yes,https://rtionline.gov.in/request/allpa.php,2026-08-23T06:45:58.414113+00:00
RTI Online,2572,Directorate General of Shipping DG(S),1,448,97,no,yes,https://rtionline.gov.in/request/allpa.php,2026-08-23T06:45:58.414113+00:00
RTI Online,2573,"Dredging Corporation of India Limited, Visakhapatnam",1,374,97,no,yes,https://rtionline.gov.in/request/allpa.php,2026-08-23T06:45:58.414113+00:00
RTI Online,2574,Hoogly Dock & Port Engineers Ltd.,1,283,97,no,yes,https://rtionline.gov.in/request/allpa.php,2026-08-23T06:45:58.414113+00:00
RTI Online,2575,"Indian Maritime University, Chennai",1,2789,97,no,yes,https://rtionline.gov.in/request/allpa.php,2026-08-23T06:45:58.414113+00:00
RTI Online,2576,"Inland Waterways Authority of India, Noida",1,371,97,no,yes,https://rtionline.gov.in/request/allpa.php,2026-08-23T06:45:58.414113+00:00
RTI Online,2577,Jawaharlal Nehru (Nhava Seheva) Port Authority,1,368,97,no,yes,https://rtionline.gov.in/request/allpa.php,2026-08-23T06:45:58.414113+00:00
RTI Online,2578,Kamarajar Port Limited,1,3390,97,no,yes,https://rtionline.gov.in/request/allpa.php,2026-08-23T06:45:58.414113+00:00
RTI Online,2579,Minor Ports Survey Organisation,1,2272,97,no,yes,https://rtionline.gov.in/request/allpa.php,2026-08-23T06:45:58.414113+00:00
RTI Online,2580,Mormugao Port Authority,1,367,97,no,yes,https://rtionline.gov.in/request/allpa.php,2026-08-23T06:45:58.414113+00:00
RTI Online,2581,Mumbai Port Authority,1,347,97,no,yes,https://rtionline.gov.in/request/allpa.php,2026-08-23T06:45:58.414113+00:00
RTI Online,2582,New Mangalore Port Authority,1,366,97,no,yes,https://rtionline.gov.in/request/allpa.php,2026-08-23T06:45:58.414113+00:00
RTI Online,2583,Paradip Port Authority,1,362,97,no,yes,https://rtionline.gov.in/request/allpa.php,2026-08-23T06:45:58.414113+00:00
RTI Online,2584,Sagarmala Finance Corporation Limited,1,4437,97,no,yes,https://rtionline.gov.in/request/allpa.php,2026-08-23T06:45:58.414113+00:00
RTI Online,2585,"Seamen Provident Fund Organisation, Mumbai",1,373,97,no,yes,https://rtionline.gov.in/request/allpa.php,2026-08-23T06:45:58.414113+00:00
RTI Online,2586,Sethusamudram Corporation Ltd,1,2141,97,no,yes,https://rtionline.gov.in/request/allpa.php,2026-08-23T06:45:58.414113+00:00
RTI Online,2587,Shipping Corporation of India Land And Assets Limited (SCILAL),1,4120,97,no,yes,https://rtionline.gov.in/request/allpa.php,2026-08-23T06:45:58.414113+00:00
RTI Online,2588,Shipping Corporation of India Limited,1,237,97,no,yes,https://rtionline.gov.in/request/allpa.php,2026-08-23T06:45:58.414113+00:00
RTI Online,2589,Syama Prasad Mookerjee (Kolkata) Port Authority,1,361,97,no,yes,https://rtionline.gov.in/request/allpa.php,2026-08-23T06:45:58.414113+00:00
RTI Online,2590,Visakhapatnam Port Authority,1,363,97,no,yes,https://rtionline.gov.in/request/allpa.php,2026-08-23T06:45:58.414113+00:00
RTI Online,2591,V.O. Chidambaranar Port Authority,1,365,97,no,yes,https://rtionline.gov.in/request/allpa.php,2026-08-23T06:45:58.414113+00:00
RTI Online,2592,Ministry of Power,0,80,,yes,no,https://rtionline.gov.in/request/allpa.php,2026-08-23T06:45:58.414113+00:00
RTI Online,2593,Appellate Tribunal for Electricity,1,1292,80,no,yes,https://rtionline.gov.in/request/allpa.php,2026-08-23T06:45:58.414113+00:00
RTI Online,2594,Bhakra Beas Management Board,1,860,80,no,yes,https://rtionline.gov.in/request/allpa.php,2026-08-23T06:45:58.414113+00:00
RTI Online,2595,Bureau of Energy Efficiency,1,858,80,no,yes,https://rtionline.gov.in/request/allpa.php,2026-08-23T06:45:58.414113+00:00
RTI Online,2596,Central Electricity Authority,1,218,80,no,yes,https://rtionline.gov.in/request/allpa.php,2026-08-23T06:45:58.414113+00:00
RTI Online,2597,Central Electricity Regulatory Commission,1,1867,80,no,yes,https://rtionline.gov.in/request/allpa.php,2026-08-23T06:45:58.414113+00:00
RTI Online,2598,Central Power Research Institute,1,857,80,no,yes,https://rtionline.gov.in/request/allpa.php,2026-08-23T06:45:58.414113+00:00
RTI Online,2599,Convergence Energy Services Limited,1,4134,80,no,yes,https://rtionline.gov.in/request/allpa.php,2026-08-23T06:45:58.414113+00:00
RTI Online,2600,Damodar Valley Corporation,1,211,80,no,yes,https://rtionline.gov.in/request/allpa.php,2026-08-23T06:45:58.414113+00:00
RTI Online,2601,Energy Efficiency Services Ltd. (EESL),1,3644,80,no,yes,https://rtionline.gov.in/request/allpa.php,2026-08-23T06:45:58.414113+00:00
RTI Online,2602,Grid Controller of India Limited,1,3597,80,no,yes,https://rtionline.gov.in/request/allpa.php,2026-08-23T06:45:58.414113+00:00
RTI Online,2603,National Hydroelectric Power Corporation (NHPC),1,212,80,no,yes,https://rtionline.gov.in/request/allpa.php,2026-08-23T06:45:58.414113+00:00
RTI Online,2604,National Power Training Institute,1,859,80,no,yes,https://rtionline.gov.in/request/allpa.php,2026-08-23T06:45:58.414113+00:00
RTI Online,2605,National Thermal Power Corporation,1,213,80,no,yes,https://rtionline.gov.in/request/allpa.php,2026-08-23T06:45:58.414113+00:00
RTI Online,2606,North Eastern Electric Power Corporation,1,214,80,no,yes,https://rtionline.gov.in/request/allpa.php,2026-08-23T06:45:58.414113+00:00
RTI Online,2607,Power Finance Corporation Ltd.,1,1291,80,no,yes,https://rtionline.gov.in/request/allpa.php,2026-08-23T06:45:58.414113+00:00
RTI Online,2608,Power Grid Corporation of India Ltd.,1,216,80,no,yes,https://rtionline.gov.in/request/allpa.php,2026-08-23T06:45:58.414113+00:00
RTI Online,2609,Power System Operation Corporation Limited,1,4018,80,no,yes,https://rtionline.gov.in/request/allpa.php,2026-08-23T06:45:58.414113+00:00
RTI Online,2610,Rural Electrification Corporation Ltd.,1,856,80,no,yes,https://rtionline.gov.in/request/allpa.php,2026-08-23T06:45:58.414113+00:00
RTI Online,2611,Satluj Jal Vidyut Nigam Ltd.,1,215,80,no,yes,https://rtionline.gov.in/request/allpa.php,2026-08-23T06:45:58.414113+00:00
RTI Online,2612,Tehri Hydro Development Corporation,1,219,80,no,yes,https://rtionline.gov.in/request/allpa.php,2026-08-23T06:45:58.414113+00:00
RTI Online,2613,Ministry of Railways,0,81,,yes,no,https://rtionline.gov.in/request/allpa.php,2026-08-23T06:45:58.414113+00:00
RTI Online,2614,Ajmer Division- NWR,1,3918,81,no,yes,https://rtionline.gov.in/request/allpa.php,2026-08-23T06:45:58.414113+00:00
RTI Online,2615,Ajmer Work shop- NWR,1,3920,81,no,yes,https://rtionline.gov.in/request/allpa.php,2026-08-23T06:45:58.414113+00:00
RTI Online,2616,Bharat Wagon Engineer Company Ltd,1,3407,81,no,yes,https://rtionline.gov.in/request/allpa.php,2026-08-23T06:45:58.414113+00:00
RTI Online,2617,Bikaner Division- NWR,1,3919,81,no,yes,https://rtionline.gov.in/request/allpa.php,2026-08-23T06:45:58.414113+00:00
RTI Online,2618,Bikaner Work shop- NWR,1,3921,81,no,yes,https://rtionline.gov.in/request/allpa.php,2026-08-23T06:45:58.414113+00:00
RTI Online,2619,Braithwaite and Co Ltd,1,1158,81,no,yes,https://rtionline.gov.in/request/allpa.php,2026-08-23T06:45:58.414113+00:00
RTI Online,2620,Burn Standrad Co. Ltd. (Subs BBUNL),1,1157,81,no,yes,https://rtionline.gov.in/request/allpa.php,2026-08-23T06:45:58.414113+00:00
RTI Online,2621,"Central Oraganization Railway Electrification (CORE),Allahabad",1,3676,81,no,yes,https://rtionline.gov.in/request/allpa.php,2026-08-23T06:45:58.414113+00:00
RTI Online,2622,Central Organisation for Modernisation of Workshops,1,3924,81,no,yes,https://rtionline.gov.in/request/allpa.php,2026-08-23T06:45:58.414113+00:00
RTI Online,2623,CENTRAL RAILWAY,1,1667,81,no,yes,https://rtionline.gov.in/request/allpa.php,2026-08-23T06:45:58.414113+00:00
RTI Online,2624,Centre for Railway Information System (CRIS),1,959,81,no,yes,https://rtionline.gov.in/request/allpa.php,2026-08-23T06:45:58.414113+00:00
RTI Online,2625,"Chittaranjan Locomotive Works, Chittaranjan",1,3780,81,no,yes,https://rtionline.gov.in/request/allpa.php,2026-08-23T06:45:58.414113+00:00
RTI Online,2626,Container Corporation of India Ltd.,1,952,81,no,yes,https://rtionline.gov.in/request/allpa.php,2026-08-23T06:45:58.414113+00:00
RTI Online,2627,Dedicated Freight Corridor Corporation of India Limited,1,3386,81,no,yes,https://rtionline.gov.in/request/allpa.php,2026-08-23T06:45:58.414113+00:00
RTI Online,2628,"Diesel Loco Modernisation works, Patiala",1,3779,81,no,yes,https://rtionline.gov.in/request/allpa.php,2026-08-23T06:45:58.414113+00:00
RTI Online,2629,"Diesel Locomotive Works, (DLW), Varanasi",1,3206,81,no,yes,https://rtionline.gov.in/request/allpa.php,2026-08-23T06:45:58.414113+00:00
RTI Online,2630,"DRM Office, Central Railway, Bhusaval",1,3194,81,no,yes,https://rtionline.gov.in/request/allpa.php,2026-08-23T06:45:58.414113+00:00
RTI Online,2631,"DRM Office, Central Railway, Mumbai",1,3193,81,no,yes,https://rtionline.gov.in/request/allpa.php,2026-08-23T06:45:58.414113+00:00
RTI Online,2632,"DRM Office, Central Railway, Nagpur",1,3195,81,no,yes,https://rtionline.gov.in/request/allpa.php,2026-08-23T06:45:58.414113+00:00
RTI Online,2633,"DRM Office, Central Railway, Pune",1,3196,81,no,yes,https://rtionline.gov.in/request/allpa.php,2026-08-23T06:45:58.414113+00:00
RTI Online,2634,"DRM Office, Central Railway, Solapur",1,3197,81,no,yes,https://rtionline.gov.in/request/allpa.php,2026-08-23T06:45:58.414113+00:00
RTI Online,2635,East Central Railway,1,3181,81,no,yes,https://rtionline.gov.in/request/allpa.php,2026-08-23T06:45:58.414113+00:00
RTI Online,2636,East Central Railway- Danapur Divison,1,3636,81,no,yes,https://rtionline.gov.in/request/allpa.php,2026-08-23T06:45:58.414113+00:00
RTI Online,2637,"East Central Railway- DELF, Patna",1,3642,81,no,yes,https://rtionline.gov.in/request/allpa.php,2026-08-23T06:45:58.414113+00:00
RTI Online,2638,East Central Railway- Dhanbad Divison,1,3637,81,no,yes,https://rtionline.gov.in/request/allpa.php,2026-08-23T06:45:58.414113+00:00
RTI Online,2639,"East Central Railway- GELF, Madhepura",1,3641,81,no,yes,https://rtionline.gov.in/request/allpa.php,2026-08-23T06:45:58.414113+00:00
RTI Online,2640,East Central Railway- Harnaut Workshop,1,3640,81,no,yes,https://rtionline.gov.in/request/allpa.php,2026-08-23T06:45:58.414113+00:00
RTI Online,2641,East Central Railway- Mughalsarai Division,1,3635,81,no,yes,https://rtionline.gov.in/request/allpa.php,2026-08-23T06:45:58.414113+00:00
RTI Online,2642,"East Central Railway- Plant Depot, Mughalsarai",1,3638,81,no,yes,https://rtionline.gov.in/request/allpa.php,2026-08-23T06:45:58.414113+00:00
RTI Online,2643,East Central Railway- Samastipur Divison,1,3634,81,no,yes,https://rtionline.gov.in/request/allpa.php,2026-08-23T06:45:58.414113+00:00
RTI Online,2644,East Central Railway- Samastipur Workshop,1,3639,81,no,yes,https://rtionline.gov.in/request/allpa.php,2026-08-23T06:45:58.414113+00:00
RTI Online,2645,East Central Railway- Sonpur Divison,1,3633,81,no,yes,https://rtionline.gov.in/request/allpa.php,2026-08-23T06:45:58.414113+00:00
RTI Online,2646,"East Coast Railway, Bhubaneshwar",1,3016,81,no,yes,https://rtionline.gov.in/request/allpa.php,2026-08-23T06:45:58.414113+00:00
RTI Online,2647,Eastern Railway,1,3180,81,no,yes,https://rtionline.gov.in/request/allpa.php,2026-08-23T06:45:58.414113+00:00
RTI Online,2648,Eastern Railway- Asansol Division,1,3558,81,no,yes,https://rtionline.gov.in/request/allpa.php,2026-08-23T06:45:58.414113+00:00
RTI Online,2649,Eastern Railway- Howrah Division,1,3556,81,no,yes,https://rtionline.gov.in/request/allpa.php,2026-08-23T06:45:58.414113+00:00
RTI Online,2650,Eastern Railway- Jamalpur Workshop,1,3562,81,no,yes,https://rtionline.gov.in/request/allpa.php,2026-08-23T06:45:58.414113+00:00
RTI Online,2651,Eastern Railway- Kanchrapara Workshop,1,3561,81,no,yes,https://rtionline.gov.in/request/allpa.php,2026-08-23T06:45:58.414113+00:00
RTI Online,2652,Eastern Railway- Lilulah Workshop,1,3560,81,no,yes,https://rtionline.gov.in/request/allpa.php,2026-08-23T06:45:58.414113+00:00
RTI Online,2653,Eastern Railway- Maldah Division,1,3559,81,no,yes,https://rtionline.gov.in/request/allpa.php,2026-08-23T06:45:58.414113+00:00
RTI Online,2654,Eastern Railway- Sealdah Division,1,3557,81,no,yes,https://rtionline.gov.in/request/allpa.php,2026-08-23T06:45:58.414113+00:00
RTI Online,2655,General Store Ajmer- NWR,1,3922,81,no,yes,https://rtionline.gov.in/request/allpa.php,2026-08-23T06:45:58.414113+00:00
RTI Online,2656,Indian Railway Catering & Tourism Corpn .Ltd.,1,953,81,no,yes,https://rtionline.gov.in/request/allpa.php,2026-08-23T06:45:58.414113+00:00
RTI Online,2657,Indian Railway Finance Corporation Ltd.,1,957,81,no,yes,https://rtionline.gov.in/request/allpa.php,2026-08-23T06:45:58.414113+00:00
RTI Online,2658,Indian Railway Institute Of Signal Engineering and Telecommunications (IRISET),1,3394,81,no,yes,https://rtionline.gov.in/request/allpa.php,2026-08-23T06:45:58.414113+00:00
RTI Online,2659,Indian railways Institute of Civil Engineering (IRICEN),1,4109,81,no,yes,https://rtionline.gov.in/request/allpa.php,2026-08-23T06:45:58.414113+00:00
RTI Online,2660,Indian Railways Institute of Electrical Engineering-Nashik,1,4070,81,no,yes,https://rtionline.gov.in/request/allpa.php,2026-08-23T06:45:58.414113+00:00
RTI Online,2661,Indian Railway Welfare Organisation,1,4028,81,no,yes,https://rtionline.gov.in/request/allpa.php,2026-08-23T06:45:58.414113+00:00
RTI Online,2662,INDIAN RAILWAY WELFARE ORGANISATION,1,4064,81,no,yes,https://rtionline.gov.in/request/allpa.php,2026-08-23T06:45:58.414113+00:00
RTI Online,2663,"Integral Coach Factory, Chennai",1,3691,81,no,yes,https://rtionline.gov.in/request/allpa.php,2026-08-23T06:45:58.414113+00:00
RTI Online,2664,IRCON International Limited,1,955,81,no,yes,https://rtionline.gov.in/request/allpa.php,2026-08-23T06:45:58.414113+00:00
RTI Online,2665,Jaipur Division- NWR,1,3916,81,no,yes,https://rtionline.gov.in/request/allpa.php,2026-08-23T06:45:58.414113+00:00
RTI Online,2666,"Jammu Division, Northern Railway",1,4398,81,no,yes,https://rtionline.gov.in/request/allpa.php,2026-08-23T06:45:58.414113+00:00
RTI Online,2667,Jodhpur Division- NWR,1,3917,81,no,yes,https://rtionline.gov.in/request/allpa.php,2026-08-23T06:45:58.414113+00:00
RTI Online,2668,Jodhpur Work shop-NWR,1,3925,81,no,yes,https://rtionline.gov.in/request/allpa.php,2026-08-23T06:45:58.414113+00:00
RTI Online,2669,Kolkata Metro Rail Corporation Ltd.,1,3389,81,no,yes,https://rtionline.gov.in/request/allpa.php,2026-08-23T06:45:58.414113+00:00
RTI Online,2670,Konkan Railway,1,937,81,no,yes,https://rtionline.gov.in/request/allpa.php,2026-08-23T06:45:58.414113+00:00
RTI Online,2671,Metro Railway Kolkata,1,3182,81,no,yes,https://rtionline.gov.in/request/allpa.php,2026-08-23T06:45:58.414113+00:00
RTI Online,2672,"Modern Coach Factory, Raebareli",1,3782,81,no,yes,https://rtionline.gov.in/request/allpa.php,2026-08-23T06:45:58.414113+00:00
RTI Online,2673,Mumbai Railway Vikas Corporation Ltd.,1,956,81,no,yes,https://rtionline.gov.in/request/allpa.php,2026-08-23T06:45:58.414113+00:00
RTI Online,2674,National High Speed Rail Corporation Limited(NHSRCL),1,3928,81,no,yes,https://rtionline.gov.in/request/allpa.php,2026-08-23T06:45:58.414113+00:00
RTI Online,2675,North-Central Railway,1,3174,81,no,yes,https://rtionline.gov.in/request/allpa.php,2026-08-23T06:45:58.414113+00:00
RTI Online,2676,North-Central Railway- Agra Division,1,3403,81,no,yes,https://rtionline.gov.in/request/allpa.php,2026-08-23T06:45:58.414113+00:00
RTI Online,2677,North-Central Railway- Allahabad Division,1,3401,81,no,yes,https://rtionline.gov.in/request/allpa.php,2026-08-23T06:45:58.414113+00:00
RTI Online,2678,North-Central Railway- Jhansi Division,1,3402,81,no,yes,https://rtionline.gov.in/request/allpa.php,2026-08-23T06:45:58.414113+00:00
RTI Online,2679,North-Central Railway- Jhansi Workshop,1,3404,81,no,yes,https://rtionline.gov.in/request/allpa.php,2026-08-23T06:45:58.414113+00:00
RTI Online,2680,North-Central Railway- RSK/Sithouli (Gwalior),1,3405,81,no,yes,https://rtionline.gov.in/request/allpa.php,2026-08-23T06:45:58.414113+00:00
RTI Online,2681,North Eastern (N.E) Railway,1,3172,81,no,yes,https://rtionline.gov.in/request/allpa.php,2026-08-23T06:45:58.414113+00:00
RTI Online,2682,North Eastern Railway- Izzatnagar Division,1,3210,81,no,yes,https://rtionline.gov.in/request/allpa.php,2026-08-23T06:45:58.414113+00:00
RTI Online,2683,North Eastern Railway- Izzatnagar Workshop,1,3211,81,no,yes,https://rtionline.gov.in/request/allpa.php,2026-08-23T06:45:58.414113+00:00
RTI Online,2684,North Eastern Railway-Lucknow Division,1,3208,81,no,yes,https://rtionline.gov.in/request/allpa.php,2026-08-23T06:45:58.414113+00:00
RTI Online,2685,North Eastern Railway- Varanasi Division,1,3209,81,no,yes,https://rtionline.gov.in/request/allpa.php,2026-08-23T06:45:58.414113+00:00
RTI Online,2686,Northeast Frontier(N.F) Railway,1,3173,81,no,yes,https://rtionline.gov.in/request/allpa.php,2026-08-23T06:45:58.414113+00:00
RTI Online,2687,Northern Railway,1,1670,81,no,yes,https://rtionline.gov.in/request/allpa.php,2026-08-23T06:45:58.414113+00:00
RTI Online,2688,Northern Railway- Alambagh Workshop,1,3221,81,no,yes,https://rtionline.gov.in/request/allpa.php,2026-08-23T06:45:58.414113+00:00
RTI Online,2689,Northern Railway- Ambala Division,1,3217,81,no,yes,https://rtionline.gov.in/request/allpa.php,2026-08-23T06:45:58.414113+00:00
RTI Online,2690,Northern Railway- Amritsar Workshop,1,3223,81,no,yes,https://rtionline.gov.in/request/allpa.php,2026-08-23T06:45:58.414113+00:00
RTI Online,2691,Northern Railway- Charbagh Workshop,1,3220,81,no,yes,https://rtionline.gov.in/request/allpa.php,2026-08-23T06:45:58.414113+00:00
RTI Online,2692,Northern Railway- Construction Organisation,1,3213,81,no,yes,https://rtionline.gov.in/request/allpa.php,2026-08-23T06:45:58.414113+00:00
RTI Online,2693,Northern Railway- Delhi Division,1,3216,81,no,yes,https://rtionline.gov.in/request/allpa.php,2026-08-23T06:45:58.414113+00:00
RTI Online,2694,Northern Railway- Firozpur Division,1,3215,81,no,yes,https://rtionline.gov.in/request/allpa.php,2026-08-23T06:45:58.414113+00:00
RTI Online,2695,Northern Railway- Jagadhari Workshop,1,3222,81,no,yes,https://rtionline.gov.in/request/allpa.php,2026-08-23T06:45:58.414113+00:00
RTI Online,2696,Northern Railway- Lucknow Division,1,3219,81,no,yes,https://rtionline.gov.in/request/allpa.php,2026-08-23T06:45:58.414113+00:00
RTI Online,2697,Northern Railway- Moradabad Division,1,3218,81,no,yes,https://rtionline.gov.in/request/allpa.php,2026-08-23T06:45:58.414113+00:00
RTI Online,2698,Northern Railway- USBRL Project,1,3214,81,no,yes,https://rtionline.gov.in/request/allpa.php,2026-08-23T06:45:58.414113+00:00
RTI Online,2699,North Western Railway,1,2895,81,no,yes,https://rtionline.gov.in/request/allpa.php,2026-08-23T06:45:58.414113+00:00
RTI Online,2700,"Rail Coach Factory, Kapurthala",1,3388,81,no,yes,https://rtionline.gov.in/request/allpa.php,2026-08-23T06:45:58.414113+00:00
RTI Online,2701,Rail Land Development Authority,1,3387,81,no,yes,https://rtionline.gov.in/request/allpa.php,2026-08-23T06:45:58.414113+00:00
RTI Online,2702,RailTel Corporation of India Ltd.,1,939,81,no,yes,https://rtionline.gov.in/request/allpa.php,2026-08-23T06:45:58.414113+00:00
RTI Online,2703,Rail Vikas Nigam Ltd.,1,958,81,no,yes,https://rtionline.gov.in/request/allpa.php,2026-08-23T06:45:58.414113+00:00
RTI Online,2704,Railway Claims Tribunal,1,3981,81,no,yes,https://rtionline.gov.in/request/allpa.php,2026-08-23T06:45:58.414113+00:00
RTI Online,2705,"Railway Claims Tribunal, Ahmedabad",1,4048,81,no,yes,https://rtionline.gov.in/request/allpa.php,2026-08-23T06:45:58.414113+00:00
RTI Online,2706,"Railway Claims Tribunal, Allahabad",1,4047,81,no,yes,https://rtionline.gov.in/request/allpa.php,2026-08-23T06:45:58.414113+00:00
RTI Online,2707,"Railway Claims Tribunal, Bengaluru",1,4041,81,no,yes,https://rtionline.gov.in/request/allpa.php,2026-08-23T06:45:58.414113+00:00
RTI Online,2708,"Railway Claims Tribunal, Bhopal",1,4043,81,no,yes,https://rtionline.gov.in/request/allpa.php,2026-08-23T06:45:58.414113+00:00
RTI Online,2709,"Railway Claims Tribunal, Bhubaneswar",1,4042,81,no,yes,https://rtionline.gov.in/request/allpa.php,2026-08-23T06:45:58.414113+00:00
RTI Online,2710,"Railway Claims Tribunal, Chandigarh",1,4044,81,no,yes,https://rtionline.gov.in/request/allpa.php,2026-08-23T06:45:58.414113+00:00
RTI Online,2711,"Railway Claims Tribunal, Chennai",1,4038,81,no,yes,https://rtionline.gov.in/request/allpa.php,2026-08-23T06:45:58.414113+00:00
RTI Online,2712,"Railway Claims Tribunal, Ernakulam",1,4046,81,no,yes,https://rtionline.gov.in/request/allpa.php,2026-08-23T06:45:58.414113+00:00
RTI Online,2713,"Railway Claims Tribunal, Gorakhpur",1,4053,81,no,yes,https://rtionline.gov.in/request/allpa.php,2026-08-23T06:45:58.414113+00:00
RTI Online,2714,"Railway Claims Tribunal, Guwahati",1,4050,81,no,yes,https://rtionline.gov.in/request/allpa.php,2026-08-23T06:45:58.414113+00:00
RTI Online,2715,"Railway Claims Tribunal, Jaipur",1,4054,81,no,yes,https://rtionline.gov.in/request/allpa.php,2026-08-23T06:45:58.414113+00:00
RTI Online,2716,"Railway Claims Tribunal, Kolkata",1,4051,81,no,yes,https://rtionline.gov.in/request/allpa.php,2026-08-23T06:45:58.414113+00:00
RTI Online,2717,"Railway Claims Tribunal, Mumbai",1,4052,81,no,yes,https://rtionline.gov.in/request/allpa.php,2026-08-23T06:45:58.414113+00:00
RTI Online,2718,"Railway Claims Tribunal, Ranchi",1,4049,81,no,yes,https://rtionline.gov.in/request/allpa.php,2026-08-23T06:45:58.414113+00:00
RTI Online,2719,"Railway Claims Tribunal, Secunderabad",1,4045,81,no,yes,https://rtionline.gov.in/request/allpa.php,2026-08-23T06:45:58.414113+00:00
RTI Online,2720,"Rail Wheel Factory, Yelahanka, Bangalore",1,3781,81,no,yes,https://rtionline.gov.in/request/allpa.php,2026-08-23T06:45:58.414113+00:00
RTI Online,2721,"Rail Wheel Plant, Bela",1,3688,81,no,yes,https://rtionline.gov.in/request/allpa.php,2026-08-23T06:45:58.414113+00:00
RTI Online,2722,Research Designs & Standards Organisation,1,3530,81,no,yes,https://rtionline.gov.in/request/allpa.php,2026-08-23T06:45:58.414113+00:00
RTI Online,2723,RITES LIMITED,1,954,81,no,yes,https://rtionline.gov.in/request/allpa.php,2026-08-23T06:45:58.414113+00:00
RTI Online,2724,"RRB (RailwayRecruitment Board), Ahmedabad",1,3313,81,no,yes,https://rtionline.gov.in/request/allpa.php,2026-08-23T06:45:58.414113+00:00
RTI Online,2725,"RRB (Railway Recruitment Board), Ajmer",1,3314,81,no,yes,https://rtionline.gov.in/request/allpa.php,2026-08-23T06:45:58.414113+00:00
RTI Online,2726,"RRB (Railway Recruitment Board), Allahabad",1,3315,81,no,yes,https://rtionline.gov.in/request/allpa.php,2026-08-23T06:45:58.414113+00:00
RTI Online,2727,"RRB (Railway Recruitment Board), Bangalore",1,3316,81,no,yes,https://rtionline.gov.in/request/allpa.php,2026-08-23T06:45:58.414113+00:00
RTI Online,2728,"RRb (Railway Recruitment Board), Bhopal",1,3317,81,no,yes,https://rtionline.gov.in/request/allpa.php,2026-08-23T06:45:58.414113+00:00
RTI Online,2729,"RRB (Railway Recruitment Board), Bhubaneswar",1,3318,81,no,yes,https://rtionline.gov.in/request/allpa.php,2026-08-23T06:45:58.414113+00:00
RTI Online,2730,"RRB (Railway Recruitment Board), Bilaspur",1,3319,81,no,yes,https://rtionline.gov.in/request/allpa.php,2026-08-23T06:45:58.414113+00:00
RTI Online,2731,"RRB (Railway Recruitment Board), Chandigarh",1,3320,81,no,yes,https://rtionline.gov.in/request/allpa.php,2026-08-23T06:45:58.414113+00:00
RTI Online,2732,"RRB (Railway Recruitment Board), Chennai",1,3321,81,no,yes,https://rtionline.gov.in/request/allpa.php,2026-08-23T06:45:58.414113+00:00
RTI Online,2733,"RRB (Railway Recruitment Board), Gorakhpur",1,3212,81,no,yes,https://rtionline.gov.in/request/allpa.php,2026-08-23T06:45:58.414113+00:00
RTI Online,2734,"RRB (Railway Recruitment Board), Guwahati",1,3322,81,no,yes,https://rtionline.gov.in/request/allpa.php,2026-08-23T06:45:58.414113+00:00
RTI Online,2735,"RRB (Railway Recruitment Board), Jammu",1,3323,81,no,yes,https://rtionline.gov.in/request/allpa.php,2026-08-23T06:45:58.414113+00:00
RTI Online,2736,"RRB (Railway Recruitment Board), Kolkata",1,3324,81,no,yes,https://rtionline.gov.in/request/allpa.php,2026-08-23T06:45:58.414113+00:00
RTI Online,2737,"RRB (Railway Recruitment Board), Malda",1,3326,81,no,yes,https://rtionline.gov.in/request/allpa.php,2026-08-23T06:45:58.414113+00:00
RTI Online,2738,"RRB (Railway Recruitment Board), Mumbai",1,3327,81,no,yes,https://rtionline.gov.in/request/allpa.php,2026-08-23T06:45:58.414113+00:00
RTI Online,2739,"RRB (Railway Recruitment Board), Muzaffarpur",1,3328,81,no,yes,https://rtionline.gov.in/request/allpa.php,2026-08-23T06:45:58.414113+00:00
RTI Online,2740,"RRB (Railway Recruitment Board), Patna",1,3329,81,no,yes,https://rtionline.gov.in/request/allpa.php,2026-08-23T06:45:58.414113+00:00
RTI Online,2741,"RRB (Railway Recruitment Board), Ranchi",1,3330,81,no,yes,https://rtionline.gov.in/request/allpa.php,2026-08-23T06:45:58.414113+00:00
RTI Online,2742,"RRB (Railway Recruitment Board), Secunderabad",1,3331,81,no,yes,https://rtionline.gov.in/request/allpa.php,2026-08-23T06:45:58.414113+00:00
RTI Online,2743,"RRB (Railway Recruitment Board), Silliguri",1,3332,81,no,yes,https://rtionline.gov.in/request/allpa.php,2026-08-23T06:45:58.414113+00:00
RTI Online,2744,"RRB (Railway Recruitment Board), Trivandrum",1,3333,81,no,yes,https://rtionline.gov.in/request/allpa.php,2026-08-23T06:45:58.414113+00:00
RTI Online,2745,South Cental Railway- Nanded Division,1,3304,81,no,yes,https://rtionline.gov.in/request/allpa.php,2026-08-23T06:45:58.414113+00:00
RTI Online,2746,South-Central Railway,1,3175,81,no,yes,https://rtionline.gov.in/request/allpa.php,2026-08-23T06:45:58.414113+00:00
RTI Online,2747,South Central Railway- CRS Tirupati,1,3307,81,no,yes,https://rtionline.gov.in/request/allpa.php,2026-08-23T06:45:58.414113+00:00
RTI Online,2748,South Central Railway- Guntakal Division,1,3302,81,no,yes,https://rtionline.gov.in/request/allpa.php,2026-08-23T06:45:58.414113+00:00
RTI Online,2749,South Central Railway- Guntur Division,1,3303,81,no,yes,https://rtionline.gov.in/request/allpa.php,2026-08-23T06:45:58.414113+00:00
RTI Online,2750,South Central Railway- Hyderabad Division,1,3300,81,no,yes,https://rtionline.gov.in/request/allpa.php,2026-08-23T06:45:58.414113+00:00
RTI Online,2751,South Central Railway- LGDS Hyderabad,1,3305,81,no,yes,https://rtionline.gov.in/request/allpa.php,2026-08-23T06:45:58.414113+00:00
RTI Online,2752,South Central Railway- RYPS Rayanapadu,1,3306,81,no,yes,https://rtionline.gov.in/request/allpa.php,2026-08-23T06:45:58.414113+00:00
RTI Online,2753,South Central Railway- Secunderabad Division,1,3299,81,no,yes,https://rtionline.gov.in/request/allpa.php,2026-08-23T06:45:58.414113+00:00
RTI Online,2754,South Central Railway- Vijayawada Division,1,3301,81,no,yes,https://rtionline.gov.in/request/allpa.php,2026-08-23T06:45:58.414113+00:00
RTI Online,2755,South East Central Railway- Bilaspur Division,1,3238,81,no,yes,https://rtionline.gov.in/request/allpa.php,2026-08-23T06:45:58.414113+00:00
RTI Online,2756,South East Central Railway-HQ,1,3176,81,no,yes,https://rtionline.gov.in/request/allpa.php,2026-08-23T06:45:58.414113+00:00
RTI Online,2757,South East Central Railway- Nagpur Division,1,3243,81,no,yes,https://rtionline.gov.in/request/allpa.php,2026-08-23T06:45:58.414113+00:00
RTI Online,2758,South East Central Railway- Raipur Division,1,3242,81,no,yes,https://rtionline.gov.in/request/allpa.php,2026-08-23T06:45:58.414113+00:00
RTI Online,2759,South East Central Railway-Workshop Motibagh/NGP,1,3244,81,no,yes,https://rtionline.gov.in/request/allpa.php,2026-08-23T06:45:58.414113+00:00
RTI Online,2760,South East Central Railway- W.R.S. Raipur,1,3245,81,no,yes,https://rtionline.gov.in/request/allpa.php,2026-08-23T06:45:58.414113+00:00
RTI Online,2761,South-Eastern Railway,1,3178,81,no,yes,https://rtionline.gov.in/request/allpa.php,2026-08-23T06:45:58.414113+00:00
RTI Online,2762,Southern Railway,1,3017,81,no,yes,https://rtionline.gov.in/request/allpa.php,2026-08-23T06:45:58.414113+00:00
RTI Online,2763,"Southern Railway- Carriage & Wagon Workshop, Perambur",1,3232,81,no,yes,https://rtionline.gov.in/request/allpa.php,2026-08-23T06:45:58.414113+00:00
RTI Online,2764,Southern Railway- Central Workshop Golden Rock,1,3235,81,no,yes,https://rtionline.gov.in/request/allpa.php,2026-08-23T06:45:58.414113+00:00
RTI Online,2765,Southern Railway- Chennai Division,1,3225,81,no,yes,https://rtionline.gov.in/request/allpa.php,2026-08-23T06:45:58.414113+00:00
RTI Online,2766,"Southern Railway- Engineering Workshop, Arakkonam",1,3231,81,no,yes,https://rtionline.gov.in/request/allpa.php,2026-08-23T06:45:58.414113+00:00
RTI Online,2767,"Southern Railway- Loco Workshop, Perambur",1,3233,81,no,yes,https://rtionline.gov.in/request/allpa.php,2026-08-23T06:45:58.414113+00:00
RTI Online,2768,Southern Railway- Madurai Division,1,3228,81,no,yes,https://rtionline.gov.in/request/allpa.php,2026-08-23T06:45:58.414113+00:00
RTI Online,2769,Southern Railway- Palakkad Division,1,3227,81,no,yes,https://rtionline.gov.in/request/allpa.php,2026-08-23T06:45:58.414113+00:00
RTI Online,2770,Southern Railway- Salem Division,1,3230,81,no,yes,https://rtionline.gov.in/request/allpa.php,2026-08-23T06:45:58.414113+00:00
RTI Online,2771,Southern Railway- Signal &Telecommunication Workshop,1,3236,81,no,yes,https://rtionline.gov.in/request/allpa.php,2026-08-23T06:45:58.414113+00:00
RTI Online,2772,Southern Railway- Thiruchirappalli Division,1,3229,81,no,yes,https://rtionline.gov.in/request/allpa.php,2026-08-23T06:45:58.414113+00:00
RTI Online,2773,Southern Railway- Trivandrum Division,1,3226,81,no,yes,https://rtionline.gov.in/request/allpa.php,2026-08-23T06:45:58.414113+00:00
RTI Online,2774,"Southern Railway- Workshop Electrical Services, Perambur",1,3234,81,no,yes,https://rtionline.gov.in/request/allpa.php,2026-08-23T06:45:58.414113+00:00
RTI Online,2775,South Western Railway,1,3139,81,no,yes,https://rtionline.gov.in/request/allpa.php,2026-08-23T06:45:58.414113+00:00
RTI Online,2776,South Western Railway- Bengaluru Division,1,3351,81,no,yes,https://rtionline.gov.in/request/allpa.php,2026-08-23T06:45:58.414113+00:00
RTI Online,2777,"South Western Railway- Carriage Repair Workshop, Hubballi",1,3353,81,no,yes,https://rtionline.gov.in/request/allpa.php,2026-08-23T06:45:58.414113+00:00
RTI Online,2778,South Western Railway- Construction Unit,1,3355,81,no,yes,https://rtionline.gov.in/request/allpa.php,2026-08-23T06:45:58.414113+00:00
RTI Online,2779,South Western Railway- Hubballi Division,1,3350,81,no,yes,https://rtionline.gov.in/request/allpa.php,2026-08-23T06:45:58.414113+00:00
RTI Online,2780,South Western Railway- Mysuru Division,1,3352,81,no,yes,https://rtionline.gov.in/request/allpa.php,2026-08-23T06:45:58.414113+00:00
RTI Online,2781,South Western Railway- Mysuru Workshop,1,3354,81,no,yes,https://rtionline.gov.in/request/allpa.php,2026-08-23T06:45:58.414113+00:00
RTI Online,2782,West-Central Railway,1,3177,81,no,yes,https://rtionline.gov.in/request/allpa.php,2026-08-23T06:45:58.414113+00:00
RTI Online,2783,West Central Railway- Bhopal Division,1,3552,81,no,yes,https://rtionline.gov.in/request/allpa.php,2026-08-23T06:45:58.414113+00:00
RTI Online,2784,"West Central Railway- Coach Repair Workshop, Bhopal",1,3554,81,no,yes,https://rtionline.gov.in/request/allpa.php,2026-08-23T06:45:58.414113+00:00
RTI Online,2785,West Central Railway- Jabalpur Division,1,3551,81,no,yes,https://rtionline.gov.in/request/allpa.php,2026-08-23T06:45:58.414113+00:00
RTI Online,2786,West Central Railway- Kota Division,1,3553,81,no,yes,https://rtionline.gov.in/request/allpa.php,2026-08-23T06:45:58.414113+00:00
RTI Online,2787,West Central Railway- Kota Workshop,1,3555,81,no,yes,https://rtionline.gov.in/request/allpa.php,2026-08-23T06:45:58.414113+00:00
RTI Online,2788,Western Railway,1,2861,81,no,yes,https://rtionline.gov.in/request/allpa.php,2026-08-23T06:45:58.414113+00:00
RTI Online,2789,Western Railway- Ahmedabad Division,1,3397,81,no,yes,https://rtionline.gov.in/request/allpa.php,2026-08-23T06:45:58.414113+00:00
RTI Online,2790,Western Railway- Bhavnagar Division,1,3400,81,no,yes,https://rtionline.gov.in/request/allpa.php,2026-08-23T06:45:58.414113+00:00
RTI Online,2791,Western Railway- Mumbai Division,1,3395,81,no,yes,https://rtionline.gov.in/request/allpa.php,2026-08-23T06:45:58.414113+00:00
RTI Online,2792,Western Railway- Rajkot Division,1,3399,81,no,yes,https://rtionline.gov.in/request/allpa.php,2026-08-23T06:45:58.414113+00:00
RTI Online,2793,Western Railway- Ratlam Division,1,3398,81,no,yes,https://rtionline.gov.in/request/allpa.php,2026-08-23T06:45:58.414113+00:00
RTI Online,2794,Western Railway- Vadodara Division,1,3396,81,no,yes,https://rtionline.gov.in/request/allpa.php,2026-08-23T06:45:58.414113+00:00
RTI Online,2795,ZRTI Udaipur- NWR,1,3923,81,no,yes,https://rtionline.gov.in/request/allpa.php,2026-08-23T06:45:58.414113+00:00
RTI Online,2796,Ministry of Road Transport & Highways,0,104,,yes,no,https://rtionline.gov.in/request/allpa.php,2026-08-23T06:45:58.414113+00:00
RTI Online,2797,Indian Academy of Highway Engineers (IAHE),1,615,104,no,yes,https://rtionline.gov.in/request/allpa.php,2026-08-23T06:45:58.414113+00:00
RTI Online,2798,Indian Roads Congress,1,3667,104,no,yes,https://rtionline.gov.in/request/allpa.php,2026-08-23T06:45:58.414113+00:00
RTI Online,2799,National Highways Authority of India (NHAI),1,614,104,no,yes,https://rtionline.gov.in/request/allpa.php,2026-08-23T06:45:58.414113+00:00
RTI Online,2800,"National Highways Authority of India, PIU-Badaun",1,4060,104,no,yes,https://rtionline.gov.in/request/allpa.php,2026-08-23T06:45:58.414113+00:00
RTI Online,2801,"National Highways Authority of India, PIU- Vidisha",1,4071,104,no,yes,https://rtionline.gov.in/request/allpa.php,2026-08-23T06:45:58.414113+00:00
RTI Online,2802,National Highways & Infrastructure Development Corporation Limited (NHIDCL),1,3384,104,no,yes,https://rtionline.gov.in/request/allpa.php,2026-08-23T06:45:58.414113+00:00
RTI Online,2803,NHAI-PIU-Khammam II,1,4130,104,no,yes,https://rtionline.gov.in/request/allpa.php,2026-08-23T06:45:58.414113+00:00
RTI Online,2804,Ministry of Rural Development,0,83,,yes,no,https://rtionline.gov.in/request/allpa.php,2026-08-23T06:45:58.414113+00:00
RTI Online,2805,"Administration, NIRDPR",1,3897,83,no,yes,https://rtionline.gov.in/request/allpa.php,2026-08-23T06:45:58.414113+00:00
RTI Online,2806,Department of Land Resources,1,85,83,no,yes,https://rtionline.gov.in/request/allpa.php,2026-08-23T06:45:58.414113+00:00
RTI Online,2807,Ministry of Skill Development & Entrepreneurship,0,3015,,yes,no,https://rtionline.gov.in/request/allpa.php,2026-08-23T06:45:58.414113+00:00
RTI Online,2808,Directorate General of Training (DGT),1,3545,3015,no,yes,https://rtionline.gov.in/request/allpa.php,2026-08-23T06:45:58.414113+00:00
RTI Online,2809,Directorate of Jan Shikshan Sansthan (DJSS),1,3711,3015,no,yes,https://rtionline.gov.in/request/allpa.php,2026-08-23T06:45:58.414113+00:00
RTI Online,2810,National Council for Vocational Education and Training(NCVET),1,3995,3015,no,yes,https://rtionline.gov.in/request/allpa.php,2026-08-23T06:45:58.414113+00:00
RTI Online,2811,National Instructional Media Institute,1,4032,3015,no,yes,https://rtionline.gov.in/request/allpa.php,2026-08-23T06:45:58.414113+00:00
RTI Online,2812,National Skill Development Corporation (NSDC),1,3547,3015,no,yes,https://rtionline.gov.in/request/allpa.php,2026-08-23T06:45:58.414113+00:00
RTI Online,2813,Ministry of Social Justice & Empowerment,0,93,,yes,no,https://rtionline.gov.in/request/allpa.php,2026-08-23T06:45:58.414113+00:00
RTI Online,2814,"Ali Yavar Jung National Institute of Speech and Hearing Disabilities (Divyangjan), AYJNISHD (D)",1,767,93,no,yes,https://rtionline.gov.in/request/allpa.php,2026-08-23T06:45:58.414113+00:00
RTI Online,2815,Artificial Limbs Manufacturing Corporation of India,1,766,93,no,yes,https://rtionline.gov.in/request/allpa.php,2026-08-23T06:45:58.414113+00:00
RTI Online,2816,Babu Jagjiwan Ram National Foundation,1,2776,93,no,yes,https://rtionline.gov.in/request/allpa.php,2026-08-23T06:45:58.414113+00:00
RTI Online,2817,Department of Empowerment of Person with Disabilities (Divyangjan),1,3076,93,no,yes,https://rtionline.gov.in/request/allpa.php,2026-08-23T06:45:58.414113+00:00
RTI Online,2818,Dr. Ambedkar Foundation,1,739,93,no,yes,https://rtionline.gov.in/request/allpa.php,2026-08-23T06:45:58.414113+00:00
RTI Online,2819,Indian Sign Language Research & Training Centre,1,3631,93,no,yes,https://rtionline.gov.in/request/allpa.php,2026-08-23T06:45:58.414113+00:00
RTI Online,2820,National Backward Classes Finance & Development Corporation,1,753,93,no,yes,https://rtionline.gov.in/request/allpa.php,2026-08-23T06:45:58.414113+00:00
RTI Online,2821,National Commission for Backward Classes,1,747,93,no,yes,https://rtionline.gov.in/request/allpa.php,2026-08-23T06:45:58.414113+00:00
RTI Online,2822,National Commission for Safai Karamcharis,1,771,93,no,yes,https://rtionline.gov.in/request/allpa.php,2026-08-23T06:45:58.414113+00:00
RTI Online,2823,National Commission for Scheduled Castes,1,770,93,no,yes,https://rtionline.gov.in/request/allpa.php,2026-08-23T06:45:58.414113+00:00
RTI Online,2824,National Handicapped Finance and Development Corporation,1,756,93,no,yes,https://rtionline.gov.in/request/allpa.php,2026-08-23T06:45:58.414113+00:00
RTI Online,2825,National Institute for Empowerment of Persons with Multiple Disabilities (NIEPMD),1,2110,93,no,yes,https://rtionline.gov.in/request/allpa.php,2026-08-23T06:45:58.414113+00:00
RTI Online,2826,"National Institute for Locomotor Disabilities (Divyangjan), Kolkata",1,763,93,no,yes,https://rtionline.gov.in/request/allpa.php,2026-08-23T06:45:58.414113+00:00
RTI Online,2827,National Institute for Social Defence,1,759,93,no,yes,https://rtionline.gov.in/request/allpa.php,2026-08-23T06:45:58.414113+00:00
RTI Online,2828,National Institute for the Empowerment of Persons with Intellectual Disabilities (Divyangjan),1,758,93,no,yes,https://rtionline.gov.in/request/allpa.php,2026-08-23T06:45:58.414113+00:00
RTI Online,2829,National Institute for the Visually Handicapped,1,768,93,no,yes,https://rtionline.gov.in/request/allpa.php,2026-08-23T06:45:58.414113+00:00
RTI Online,2830,"National Institute of Mental Health Rehabilitation, Sehore",1,3893,93,no,yes,https://rtionline.gov.in/request/allpa.php,2026-08-23T06:45:58.414113+00:00
RTI Online,2831,National Safai Karmacharis Finance and Development Corporation,1,751,93,no,yes,https://rtionline.gov.in/request/allpa.php,2026-08-23T06:45:58.414113+00:00
RTI Online,2832,National Scheduled Castes Finance and Development Corporation,1,749,93,no,yes,https://rtionline.gov.in/request/allpa.php,2026-08-23T06:45:58.414113+00:00
RTI Online,2833,"National Trust for welfare of Persons with Autism, Cerebral Palsy, Mental Retd. & Multi Disability",1,772,93,no,yes,https://rtionline.gov.in/request/allpa.php,2026-08-23T06:45:58.414113+00:00
RTI Online,2834,Office of the Chief Commissioner for Persons with Disabilities,1,761,93,no,yes,https://rtionline.gov.in/request/allpa.php,2026-08-23T06:45:58.414113+00:00
RTI Online,2835,Pt. Deendayal Upadhyay National Institute for Persons with Physical Disabilites (Divyangajan),1,741,93,no,yes,https://rtionline.gov.in/request/allpa.php,2026-08-23T06:45:58.414113+00:00
RTI Online,2836,Rehabilitation Council of India,1,765,93,no,yes,https://rtionline.gov.in/request/allpa.php,2026-08-23T06:45:58.414113+00:00
RTI Online,2837,Swami Vivekanand National Institute of Rehabilitation Training and Research,1,762,93,no,yes,https://rtionline.gov.in/request/allpa.php,2026-08-23T06:45:58.414113+00:00
RTI Online,2838,Ministry of Statistics & Programme Implementation,0,95,,no,yes,https://rtionline.gov.in/request/allpa.php,2026-08-23T06:45:58.414113+00:00
RTI Online,2839,Ministry of Steel,0,96,,yes,no,https://rtionline.gov.in/request/allpa.php,2026-08-23T06:45:58.414113+00:00
RTI Online,2840,Biju Patnaik National Steel Institute,1,1294,96,no,yes,https://rtionline.gov.in/request/allpa.php,2026-08-23T06:45:58.414113+00:00
RTI Online,2841,Bird Group of Companies,1,577,96,no,yes,https://rtionline.gov.in/request/allpa.php,2026-08-23T06:45:58.414113+00:00
RTI Online,2842,Ferro Scrap Nigam Limited,1,445,96,no,yes,https://rtionline.gov.in/request/allpa.php,2026-08-23T06:45:58.414113+00:00
RTI Online,2843,Institute of Steel Developemnt Growth (INSDAG),1,1295,96,no,yes,https://rtionline.gov.in/request/allpa.php,2026-08-23T06:45:58.414113+00:00
RTI Online,2844,Joint Plant Committee,1,578,96,no,yes,https://rtionline.gov.in/request/allpa.php,2026-08-23T06:45:58.414113+00:00
RTI Online,2845,KIOCL Limited,1,226,96,no,yes,https://rtionline.gov.in/request/allpa.php,2026-08-23T06:45:58.414113+00:00
RTI Online,2846,Maganese Ore (India) Ltd.,1,227,96,no,yes,https://rtionline.gov.in/request/allpa.php,2026-08-23T06:45:58.414113+00:00
RTI Online,2847,MECON Limited,1,228,96,no,yes,https://rtionline.gov.in/request/allpa.php,2026-08-23T06:45:58.414113+00:00
RTI Online,2848,MSTC Limited,1,229,96,no,yes,https://rtionline.gov.in/request/allpa.php,2026-08-23T06:45:58.414113+00:00
RTI Online,2849,National Institute of Secondary Steel Technology(NISST),1,1293,96,no,yes,https://rtionline.gov.in/request/allpa.php,2026-08-23T06:45:58.414113+00:00
RTI Online,2850,National Mineral Development Corporation Limited (NMDC),1,230,96,no,yes,https://rtionline.gov.in/request/allpa.php,2026-08-23T06:45:58.414113+00:00
RTI Online,2851,Rashtraiya Ispat Nigam Ltd.,1,231,96,no,yes,https://rtionline.gov.in/request/allpa.php,2026-08-23T06:45:58.414113+00:00
RTI Online,2852,Steel Authority of India Ltd. (SAIL),1,232,96,no,yes,https://rtionline.gov.in/request/allpa.php,2026-08-23T06:45:58.414113+00:00
RTI Online,2853,Ministry of Textiles,0,98,,yes,no,https://rtionline.gov.in/request/allpa.php,2026-08-23T06:45:58.414113+00:00
RTI Online,2854,British India corporation,1,241,98,no,yes,https://rtionline.gov.in/request/allpa.php,2026-08-23T06:45:58.414113+00:00
RTI Online,2855,Central Cottage Industries Corporation of India Ltd.,1,718,98,no,yes,https://rtionline.gov.in/request/allpa.php,2026-08-23T06:45:58.414113+00:00
RTI Online,2856,Central Silk Board,1,725,98,no,yes,https://rtionline.gov.in/request/allpa.php,2026-08-23T06:45:58.414113+00:00
RTI Online,2857,Central Wool Development Board,1,720,98,no,yes,https://rtionline.gov.in/request/allpa.php,2026-08-23T06:45:58.414113+00:00
RTI Online,2858,Cotton Corporation of India Ltd.,1,242,98,no,yes,https://rtionline.gov.in/request/allpa.php,2026-08-23T06:45:58.414113+00:00
RTI Online,2859,Handicrafts and Handlooms Exports Corpn. of India,1,717,98,no,yes,https://rtionline.gov.in/request/allpa.php,2026-08-23T06:45:58.414113+00:00
RTI Online,2860,National Handloom Development Corporation Limited,1,719,98,no,yes,https://rtionline.gov.in/request/allpa.php,2026-08-23T06:45:58.414113+00:00
RTI Online,2861,National Institute of Fashion Technology,1,721,98,no,yes,https://rtionline.gov.in/request/allpa.php,2026-08-23T06:45:58.414113+00:00
RTI Online,2862,National Jute Board,1,726,98,no,yes,https://rtionline.gov.in/request/allpa.php,2026-08-23T06:45:58.414113+00:00
RTI Online,2863,National Jute Manufactures Corporation Ltd,1,244,98,no,yes,https://rtionline.gov.in/request/allpa.php,2026-08-23T06:45:58.414113+00:00
RTI Online,2864,National Textiles Corporation Ltd.,1,245,98,no,yes,https://rtionline.gov.in/request/allpa.php,2026-08-23T06:45:58.414113+00:00
RTI Online,2865,Office of Development Commissioner(Handicrafts),1,713,98,no,yes,https://rtionline.gov.in/request/allpa.php,2026-08-23T06:45:58.414113+00:00
RTI Online,2866,Office of Development Commissioner(Handlooms),1,712,98,no,yes,https://rtionline.gov.in/request/allpa.php,2026-08-23T06:45:58.414113+00:00
RTI Online,2867,Office of Jute Commissioner,1,715,98,no,yes,https://rtionline.gov.in/request/allpa.php,2026-08-23T06:45:58.414113+00:00
RTI Online,2868,Office of Textile Commissioner,1,714,98,no,yes,https://rtionline.gov.in/request/allpa.php,2026-08-23T06:45:58.414113+00:00
RTI Online,2869,Sardar Vallabhbhai Patel Institute of Textile Management,1,724,98,no,yes,https://rtionline.gov.in/request/allpa.php,2026-08-23T06:45:58.414113+00:00
RTI Online,2870,Textile Committee,1,723,98,no,yes,https://rtionline.gov.in/request/allpa.php,2026-08-23T06:45:58.414113+00:00
RTI Online,2871,The Jute Croporation of India Limited,1,243,98,no,yes,https://rtionline.gov.in/request/allpa.php,2026-08-23T06:45:58.414113+00:00
RTI Online,2872,Ministry of Tourism,0,100,,yes,no,https://rtionline.gov.in/request/allpa.php,2026-08-23T06:45:58.414113+00:00
RTI Online,2873,IHM Bangaluru,1,1902,100,no,yes,https://rtionline.gov.in/request/allpa.php,2026-08-23T06:45:58.414113+00:00
RTI Online,2874,IHM Bhopal,1,1903,100,no,yes,https://rtionline.gov.in/request/allpa.php,2026-08-23T06:45:58.414113+00:00
RTI Online,2875,IHM Bhubaneswar,1,1904,100,no,yes,https://rtionline.gov.in/request/allpa.php,2026-08-23T06:45:58.414113+00:00
RTI Online,2876,IHM Chandigarh,1,1905,100,no,yes,https://rtionline.gov.in/request/allpa.php,2026-08-23T06:45:58.414113+00:00
RTI Online,2877,IHM Chennai,1,1906,100,no,yes,https://rtionline.gov.in/request/allpa.php,2026-08-23T06:45:58.414113+00:00
RTI Online,2878,IHM Gandhinagar,1,1901,100,no,yes,https://rtionline.gov.in/request/allpa.php,2026-08-23T06:45:58.414113+00:00
RTI Online,2879,IHM Goa,1,1908,100,no,yes,https://rtionline.gov.in/request/allpa.php,2026-08-23T06:45:58.414113+00:00
RTI Online,2880,IHM Gurdaspur,1,1909,100,no,yes,https://rtionline.gov.in/request/allpa.php,2026-08-23T06:45:58.414113+00:00
RTI Online,2881,IHM Guwahati,1,1910,100,no,yes,https://rtionline.gov.in/request/allpa.php,2026-08-23T06:45:58.414113+00:00
RTI Online,2882,IHM Gwalior,1,1911,100,no,yes,https://rtionline.gov.in/request/allpa.php,2026-08-23T06:45:58.414113+00:00
RTI Online,2883,IHM Hajipur,1,1912,100,no,yes,https://rtionline.gov.in/request/allpa.php,2026-08-23T06:45:58.414113+00:00
RTI Online,2884,IHM Hyderabad,1,1913,100,no,yes,https://rtionline.gov.in/request/allpa.php,2026-08-23T06:45:58.414113+00:00
RTI Online,2885,IHM Jaipur,1,1914,100,no,yes,https://rtionline.gov.in/request/allpa.php,2026-08-23T06:45:58.414113+00:00
RTI Online,2886,IHM Kolkata,1,1915,100,no,yes,https://rtionline.gov.in/request/allpa.php,2026-08-23T06:45:58.414113+00:00
RTI Online,2887,IHM Lucknow,1,1916,100,no,yes,https://rtionline.gov.in/request/allpa.php,2026-08-23T06:45:58.414113+00:00
RTI Online,2888,IHM Mumbai,1,1917,100,no,yes,https://rtionline.gov.in/request/allpa.php,2026-08-23T06:45:58.414113+00:00
RTI Online,2889,IHM PUSA,1,1918,100,no,yes,https://rtionline.gov.in/request/allpa.php,2026-08-23T06:45:58.414113+00:00
RTI Online,2890,IHM Shimla,1,1920,100,no,yes,https://rtionline.gov.in/request/allpa.php,2026-08-23T06:45:58.414113+00:00
RTI Online,2891,IHM Srinagar,1,1921,100,no,yes,https://rtionline.gov.in/request/allpa.php,2026-08-23T06:45:58.414113+00:00
RTI Online,2892,IHM Thiruvanathapuram,1,1944,100,no,yes,https://rtionline.gov.in/request/allpa.php,2026-08-23T06:45:58.414113+00:00
RTI Online,2893,IIITTM Gwalior,1,1494,100,no,yes,https://rtionline.gov.in/request/allpa.php,2026-08-23T06:45:58.414113+00:00
RTI Online,2894,India Tourism Development Corporation (ITDC),1,1943,100,no,yes,https://rtionline.gov.in/request/allpa.php,2026-08-23T06:45:58.414113+00:00
RTI Online,2895,Indiatourism Kochi,1,4057,100,no,yes,https://rtionline.gov.in/request/allpa.php,2026-08-23T06:45:58.414113+00:00
RTI Online,2896,National Council for Hotel Management & Catering Technology (NCHMCT),1,1493,100,no,yes,https://rtionline.gov.in/request/allpa.php,2026-08-23T06:45:58.414113+00:00
RTI Online,2897,Ministry of Tribal Affairs,0,102,,yes,no,https://rtionline.gov.in/request/allpa.php,2026-08-23T06:45:58.414113+00:00
RTI Online,2898,National Commision for Scheduled Tribes,1,921,102,no,yes,https://rtionline.gov.in/request/allpa.php,2026-08-23T06:45:58.414113+00:00
RTI Online,2899,National Education Society for Tribal Students (NESTS),1,4158,102,no,yes,https://rtionline.gov.in/request/allpa.php,2026-08-23T06:45:58.414113+00:00
RTI Online,2900,Tribal Cooperative Marketing Development Federation of India Limited,1,516,102,no,yes,https://rtionline.gov.in/request/allpa.php,2026-08-23T06:45:58.414113+00:00
RTI Online,2901,"Ministry of Water Resources, River Development & Ganga Rejuvenation",0,106,,yes,no,https://rtionline.gov.in/request/allpa.php,2026-08-23T06:45:58.414113+00:00
RTI Online,2902,Bansagar Control Board,1,828,106,no,yes,https://rtionline.gov.in/request/allpa.php,2026-08-23T06:45:58.414113+00:00
RTI Online,2903,Betwa River Board,1,833,106,no,yes,https://rtionline.gov.in/request/allpa.php,2026-08-23T06:45:58.414113+00:00
RTI Online,2904,Brahmaputra Board,1,834,106,no,yes,https://rtionline.gov.in/request/allpa.php,2026-08-23T06:45:58.414113+00:00
RTI Online,2905,Central Ground Water Board,1,818,106,no,yes,https://rtionline.gov.in/request/allpa.php,2026-08-23T06:45:58.414113+00:00
RTI Online,2906,Central Soil & Materials Research Station,1,823,106,no,yes,https://rtionline.gov.in/request/allpa.php,2026-08-23T06:45:58.414113+00:00
RTI Online,2907,Central Water and Power Research Station,1,825,106,no,yes,https://rtionline.gov.in/request/allpa.php,2026-08-23T06:45:58.414113+00:00
RTI Online,2908,Central Water Commission,1,794,106,no,yes,https://rtionline.gov.in/request/allpa.php,2026-08-23T06:45:58.414113+00:00
RTI Online,2909,Farakka Barrage Project,1,4132,106,no,yes,https://rtionline.gov.in/request/allpa.php,2026-08-23T06:45:58.414113+00:00
RTI Online,2910,Farakka Barrage Project,1,826,106,no,yes,https://rtionline.gov.in/request/allpa.php,2026-08-23T06:45:58.414113+00:00
RTI Online,2911,Ganga Flood Control Commission,1,827,106,no,yes,https://rtionline.gov.in/request/allpa.php,2026-08-23T06:45:58.414113+00:00
RTI Online,2912,Godavari River Management Board,1,3596,106,no,yes,https://rtionline.gov.in/request/allpa.php,2026-08-23T06:45:58.414113+00:00
RTI Online,2913,Krishna River Management Board,1,3595,106,no,yes,https://rtionline.gov.in/request/allpa.php,2026-08-23T06:45:58.414113+00:00
RTI Online,2914,Narmada Control Authority,1,831,106,no,yes,https://rtionline.gov.in/request/allpa.php,2026-08-23T06:45:58.414113+00:00
RTI Online,2915,National Institute of Hydrology,1,836,106,no,yes,https://rtionline.gov.in/request/allpa.php,2026-08-23T06:45:58.414113+00:00
RTI Online,2916,National Projects Construction Corporation Limited,1,838,106,no,yes,https://rtionline.gov.in/request/allpa.php,2026-08-23T06:45:58.414113+00:00
RTI Online,2917,National Water Development Agency,1,835,106,no,yes,https://rtionline.gov.in/request/allpa.php,2026-08-23T06:45:58.414113+00:00
RTI Online,2918,National Water Informatics center,1,3703,106,no,yes,https://rtionline.gov.in/request/allpa.php,2026-08-23T06:45:58.414113+00:00
RTI Online,2919,North Eastern of Regional Institute of Water & Land Management,1,3687,106,no,yes,https://rtionline.gov.in/request/allpa.php,2026-08-23T06:45:58.414113+00:00
RTI Online,2920,Polavaram Project Authority,1,3412,106,no,yes,https://rtionline.gov.in/request/allpa.php,2026-08-23T06:45:58.414113+00:00
RTI Online,2921,Sardar Sarovar Construction Advisory Committee,1,829,106,no,yes,https://rtionline.gov.in/request/allpa.php,2026-08-23T06:45:58.414113+00:00
RTI Online,2922,Tungabhadra Board,1,832,106,no,yes,https://rtionline.gov.in/request/allpa.php,2026-08-23T06:45:58.414113+00:00
RTI Online,2923,Upper Yamuna River Board,1,830,106,no,yes,https://rtionline.gov.in/request/allpa.php,2026-08-23T06:45:58.414113+00:00
RTI Online,2924,WAPCOS Limited,1,837,106,no,yes,https://rtionline.gov.in/request/allpa.php,2026-08-23T06:45:58.414113+00:00
RTI Online,2925,Ministry of Women & Child Development,0,62,,yes,no,https://rtionline.gov.in/request/allpa.php,2026-08-23T06:45:58.414113+00:00
RTI Online,2926,Central Adoption Resource Authority,1,1489,62,no,yes,https://rtionline.gov.in/request/allpa.php,2026-08-23T06:45:58.414113+00:00
RTI Online,2927,National Commission for Protection of Child Rights,1,2028,62,no,yes,https://rtionline.gov.in/request/allpa.php,2026-08-23T06:45:58.414113+00:00
RTI Online,2928,National Commission for Women (NCW),1,1086,62,no,yes,https://rtionline.gov.in/request/allpa.php,2026-08-23T06:45:58.414113+00:00
RTI Online,2929,National Institute of Public Coperation and Child Development (NIPCCD),1,1085,62,no,yes,https://rtionline.gov.in/request/allpa.php,2026-08-23T06:45:58.414113+00:00
RTI Online,2930,Rashtriya Mahila Kosh,1,1490,62,no,yes,https://rtionline.gov.in/request/allpa.php,2026-08-23T06:45:58.414113+00:00
RTI Online,2931,National Institution for Transforming India (NITI Aayog),0,79,,yes,no,https://rtionline.gov.in/request/allpa.php,2026-08-23T06:45:58.414113+00:00
RTI Online,2932,Unique Identification Authority of India,1,2834,79,no,yes,https://rtionline.gov.in/request/allpa.php,2026-08-23T06:45:58.414113+00:00
RTI Online,2933,Northeast Frontier(N.F) Railway,0,3173,81,no,yes,https://rtionline.gov.in/request/allpa.php,2026-08-23T06:45:58.414113+00:00
RTI Online,2934,President Secretariat,0,109,,no,yes,https://rtionline.gov.in/request/allpa.php,2026-08-23T06:45:58.414113+00:00
RTI Online,2935,Prime Minister's Office,0,72,,no,yes,https://rtionline.gov.in/request/allpa.php,2026-08-23T06:45:58.414113+00:00
RTI Online,2936,Rajya Sabha Secretariat,0,2862,,no,yes,https://rtionline.gov.in/request/allpa.php,2026-08-23T06:45:58.414113+00:00
RTI Online,2937,UT of Andaman & Nicobar,0,111,,yes,no,https://rtionline.gov.in/request/allpa.php,2026-08-23T06:45:58.414113+00:00
RTI Online,2938,UT of Andaman - Agriculture,1,4162,111,no,yes,https://rtionline.gov.in/request/allpa.php,2026-08-23T06:45:58.414113+00:00
RTI Online,2939,UT of Andaman - Andaman Adim Janjati Vikas Samiti,1,4163,111,no,yes,https://rtionline.gov.in/request/allpa.php,2026-08-23T06:45:58.414113+00:00
RTI Online,2940,UT of Andaman - Andaman And Nicobar Islands Integrated Development Corporation Ltd,1,4164,111,no,yes,https://rtionline.gov.in/request/allpa.php,2026-08-23T06:45:58.414113+00:00
RTI Online,2941,UT of Andaman - Andaman College,1,4165,111,no,yes,https://rtionline.gov.in/request/allpa.php,2026-08-23T06:45:58.414113+00:00
RTI Online,2942,UT of Andaman - Andaman Law College,1,4166,111,no,yes,https://rtionline.gov.in/request/allpa.php,2026-08-23T06:45:58.414113+00:00
RTI Online,2943,UT of Andaman - Andaman & Nicobar AIDS Control Society,1,4210,111,no,yes,https://rtionline.gov.in/request/allpa.php,2026-08-23T06:45:58.414113+00:00
RTI Online,2944,UT of Andaman - Andaman Nicobar Islands Medical Education And Research Society,1,4167,111,no,yes,https://rtionline.gov.in/request/allpa.php,2026-08-23T06:45:58.414113+00:00
RTI Online,2945,UT of Andaman - Andaman Nicobar Police,1,4168,111,no,yes,https://rtionline.gov.in/request/allpa.php,2026-08-23T06:45:58.414113+00:00
RTI Online,2946,UT of Andaman - Andaman Public Works Department,1,4169,111,no,yes,https://rtionline.gov.in/request/allpa.php,2026-08-23T06:45:58.414113+00:00
RTI Online,2947,UT of Andaman - Animal Husbandry And Veterinary Services,1,4170,111,no,yes,https://rtionline.gov.in/request/allpa.php,2026-08-23T06:45:58.414113+00:00
RTI Online,2948,UT of Andaman - An Islands Bocw Welfare Board,1,4171,111,no,yes,https://rtionline.gov.in/request/allpa.php,2026-08-23T06:45:58.414113+00:00
RTI Online,2949,UT of Andaman - A&N Islands Khadi & Village Industries Board,1,4219,111,no,yes,https://rtionline.gov.in/request/allpa.php,2026-08-23T06:45:58.414113+00:00
RTI Online,2950,UT of Andaman - Art And Culture,1,4172,111,no,yes,https://rtionline.gov.in/request/allpa.php,2026-08-23T06:45:58.414113+00:00
RTI Online,2951,UT of Andaman - Chief Pay & Accounts Office,1,4173,111,no,yes,https://rtionline.gov.in/request/allpa.php,2026-08-23T06:45:58.414113+00:00
RTI Online,2952,UT of Andaman - Civil Supplies And Consumer Affairs,1,4174,111,no,yes,https://rtionline.gov.in/request/allpa.php,2026-08-23T06:45:58.414113+00:00
RTI Online,2953,UT of Andaman - Deputy Commissioner Nicobar,1,4212,111,no,yes,https://rtionline.gov.in/request/allpa.php,2026-08-23T06:45:58.414113+00:00
RTI Online,2954,UT of Andaman - Deputy Commissioner North & Middle Andaman,1,4213,111,no,yes,https://rtionline.gov.in/request/allpa.php,2026-08-23T06:45:58.414113+00:00
RTI Online,2955,UT of Andaman - Deputy Commissioner South Andaman,1,4214,111,no,yes,https://rtionline.gov.in/request/allpa.php,2026-08-23T06:45:58.414113+00:00
RTI Online,2956,UT of Andaman - Directorate of Civil Aviation,1,4211,111,no,yes,https://rtionline.gov.in/request/allpa.php,2026-08-23T06:45:58.414113+00:00
RTI Online,2957,UT of Andaman - Directorate of Industries,1,4220,111,no,yes,https://rtionline.gov.in/request/allpa.php,2026-08-23T06:45:58.414113+00:00
RTI Online,2958,"UT of Andaman - Directorate of Information, Publicity & Tourism",1,4216,111,no,yes,https://rtionline.gov.in/request/allpa.php,2026-08-23T06:45:58.414113+00:00
RTI Online,2959,UT of Andaman - Directorate Of Transport,1,4175,111,no,yes,https://rtionline.gov.in/request/allpa.php,2026-08-23T06:45:58.414113+00:00
RTI Online,2960,UT of Andaman - Disaster Management,1,4176,111,no,yes,https://rtionline.gov.in/request/allpa.php,2026-08-23T06:45:58.414113+00:00
RTI Online,2961,UT of Andaman - District Industries Centre,1,4177,111,no,yes,https://rtionline.gov.in/request/allpa.php,2026-08-23T06:45:58.414113+00:00
RTI Online,2962,UT of Andaman - District Jail,1,4221,111,no,yes,https://rtionline.gov.in/request/allpa.php,2026-08-23T06:45:58.414113+00:00
RTI Online,2963,UT of Andaman - Dr B R Ambedkar Institute Of Technology,1,4178,111,no,yes,https://rtionline.gov.in/request/allpa.php,2026-08-23T06:45:58.414113+00:00
RTI Online,2964,UT of Andaman - Economics And Statistics,1,4179,111,no,yes,https://rtionline.gov.in/request/allpa.php,2026-08-23T06:45:58.414113+00:00
RTI Online,2965,UT of Andaman - Education,1,4180,111,no,yes,https://rtionline.gov.in/request/allpa.php,2026-08-23T06:45:58.414113+00:00
RTI Online,2966,UT of Andaman - Election Department,1,4215,111,no,yes,https://rtionline.gov.in/request/allpa.php,2026-08-23T06:45:58.414113+00:00
RTI Online,2967,UT of Andaman - Electricity,1,4181,111,no,yes,https://rtionline.gov.in/request/allpa.php,2026-08-23T06:45:58.414113+00:00
RTI Online,2968,UT of Andaman - Environment And Forest,1,4183,111,no,yes,https://rtionline.gov.in/request/allpa.php,2026-08-23T06:45:58.414113+00:00
RTI Online,2969,UT of Andaman - Fisheries,1,4184,111,no,yes,https://rtionline.gov.in/request/allpa.php,2026-08-23T06:45:58.414113+00:00
RTI Online,2970,UT of Andaman - Health Services,1,4185,111,no,yes,https://rtionline.gov.in/request/allpa.php,2026-08-23T06:45:58.414113+00:00
RTI Online,2971,UT of Andaman - Jawaharlal Nehru Rajkeeya Mahavidyalaya,1,4186,111,no,yes,https://rtionline.gov.in/request/allpa.php,2026-08-23T06:45:58.414113+00:00
RTI Online,2972,"UT of Andaman - Labour, Employment And Training",1,4182,111,no,yes,https://rtionline.gov.in/request/allpa.php,2026-08-23T06:45:58.414113+00:00
RTI Online,2973,UT of Andaman - Lieutenant Governor Secretariat,1,4217,111,no,yes,https://rtionline.gov.in/request/allpa.php,2026-08-23T06:45:58.414113+00:00
RTI Online,2974,UT of Andaman - Mahatma Gandhi Government College,1,4187,111,no,yes,https://rtionline.gov.in/request/allpa.php,2026-08-23T06:45:58.414113+00:00
RTI Online,2975,UT of Andaman - National Health Mission,1,4209,111,no,yes,https://rtionline.gov.in/request/allpa.php,2026-08-23T06:45:58.414113+00:00
RTI Online,2976,UT of Andaman - Official Language,1,4188,111,no,yes,https://rtionline.gov.in/request/allpa.php,2026-08-23T06:45:58.414113+00:00
RTI Online,2977,UT of Andaman - Port Management Board,1,4189,111,no,yes,https://rtionline.gov.in/request/allpa.php,2026-08-23T06:45:58.414113+00:00
RTI Online,2978,UT of Andaman - Registrar Of Cooperative Societies,1,4190,111,no,yes,https://rtionline.gov.in/request/allpa.php,2026-08-23T06:45:58.414113+00:00
RTI Online,2979,UT of Andaman - Rural Development PRIs And ULBs,1,4191,111,no,yes,https://rtionline.gov.in/request/allpa.php,2026-08-23T06:45:58.414113+00:00
RTI Online,2980,UT of Andaman - Science And Technology,1,4192,111,no,yes,https://rtionline.gov.in/request/allpa.php,2026-08-23T06:45:58.414113+00:00
RTI Online,2981,UT of Andaman - Science Centre,1,4193,111,no,yes,https://rtionline.gov.in/request/allpa.php,2026-08-23T06:45:58.414113+00:00
RTI Online,2982,UT of Andaman - Secretariat,1,4194,111,no,yes,https://rtionline.gov.in/request/allpa.php,2026-08-23T06:45:58.414113+00:00
RTI Online,2983,UT of Andaman - Shipping Services,1,4195,111,no,yes,https://rtionline.gov.in/request/allpa.php,2026-08-23T06:45:58.414113+00:00
RTI Online,2984,UT of Andaman - Social Welfare,1,4196,111,no,yes,https://rtionline.gov.in/request/allpa.php,2026-08-23T06:45:58.414113+00:00
RTI Online,2985,UT of Andaman - Sovtech,1,4197,111,no,yes,https://rtionline.gov.in/request/allpa.php,2026-08-23T06:45:58.414113+00:00
RTI Online,2986,UT of Andaman - Sports And Youth Affairs,1,4198,111,no,yes,https://rtionline.gov.in/request/allpa.php,2026-08-23T06:45:58.414113+00:00
RTI Online,2987,UT of Andaman - Sri Vijaya Puram Municipal Council,1,4222,111,no,yes,https://rtionline.gov.in/request/allpa.php,2026-08-23T06:45:58.414113+00:00
RTI Online,2988,UT of Andaman - Tagore Government College Of Education,1,4199,111,no,yes,https://rtionline.gov.in/request/allpa.php,2026-08-23T06:45:58.414113+00:00
RTI Online,2989,UT of Andaman - Tribal Welfare,1,4200,111,no,yes,https://rtionline.gov.in/request/allpa.php,2026-08-23T06:45:58.414113+00:00
RTI Online,2990,UT of Andaman - Zilla Parishad (North & Middle Andaman),1,4218,111,no,yes,https://rtionline.gov.in/request/allpa.php,2026-08-23T06:45:58.414113+00:00
RTI Online,2991,UT of Andaman - Zilla Parishad(South Andaman),1,4201,111,no,yes,https://rtionline.gov.in/request/allpa.php,2026-08-23T06:45:58.414113+00:00
RTI Online,2992,UT of Chandigarh,0,112,,yes,no,https://rtionline.gov.in/request/allpa.php,2026-08-23T06:45:58.414113+00:00
RTI Online,2993,Chandigarh Right to Service Commission,1,3943,112,no,yes,https://rtionline.gov.in/request/allpa.php,2026-08-23T06:45:58.414113+00:00
RTI Online,2994,Market Committee,1,3699,112,no,yes,https://rtionline.gov.in/request/allpa.php,2026-08-23T06:45:58.414113+00:00
RTI Online,2995,UT Chandigarh- Administrative Wing (MCC),1,3604,112,no,yes,https://rtionline.gov.in/request/allpa.php,2026-08-23T06:45:58.414113+00:00
RTI Online,2996,UT Chandigarh- Agricultural Census,1,3417,112,no,yes,https://rtionline.gov.in/request/allpa.php,2026-08-23T06:45:58.414113+00:00
RTI Online,2997,UT Chandigarh- Agriculture Department,1,3418,112,no,yes,https://rtionline.gov.in/request/allpa.php,2026-08-23T06:45:58.414113+00:00
RTI Online,2998,UT Chandigarh- Agriculture Marketing Board,1,3419,112,no,yes,https://rtionline.gov.in/request/allpa.php,2026-08-23T06:45:58.414113+00:00
RTI Online,2999,UT Chandigarh- Animal Husbandry & Fisheries,1,1559,112,no,yes,https://rtionline.gov.in/request/allpa.php,2026-08-23T06:45:58.414113+00:00
RTI Online,3000,"UT Chandigarh- Ayurveda, Yoga and Naturopathy, Unani Siddha & Homeopathy (AYUSH)",1,3422,112,no,yes,https://rtionline.gov.in/request/allpa.php,2026-08-23T06:45:58.414113+00:00
RTI Online,3001,UT Chandigarh- Central Treasury,1,1582,112,no,yes,https://rtionline.gov.in/request/allpa.php,2026-08-23T06:45:58.414113+00:00
RTI Online,3002,UT Chandigarh- Chandigarh Child Women Development Corporation Limited,1,1579,112,no,yes,https://rtionline.gov.in/request/allpa.php,2026-08-23T06:45:58.414113+00:00
RTI Online,3003,UT Chandigarh- Chandigarh College of Architecture,1,1585,112,no,yes,https://rtionline.gov.in/request/allpa.php,2026-08-23T06:45:58.414113+00:00
RTI Online,3004,UT Chandigarh- Chandigarh Housing Board (CHB),1,1532,112,no,yes,https://rtionline.gov.in/request/allpa.php,2026-08-23T06:45:58.414113+00:00
RTI Online,3005,UT Chandigarh- Chandigarh Industrial Tourism Development Corporation (CITCO),1,3420,112,no,yes,https://rtionline.gov.in/request/allpa.php,2026-08-23T06:45:58.414113+00:00
RTI Online,3006,UT Chandigarh- Chandigarh Pollution Control Committee (CPCC),1,3606,112,no,yes,https://rtionline.gov.in/request/allpa.php,2026-08-23T06:45:58.414113+00:00
RTI Online,3007,UT Chandigarh- Chandigarh S.C.B.C. and Development Corporation Limited,1,1580,112,no,yes,https://rtionline.gov.in/request/allpa.php,2026-08-23T06:45:58.414113+00:00
RTI Online,3008,UT Chandigarh- Chandigarh State Consumer Disputes Redressal Commission,1,1549,112,no,yes,https://rtionline.gov.in/request/allpa.php,2026-08-23T06:45:58.414113+00:00
RTI Online,3009,UT Chandigarh- Chandigarh Transport Undertaking (CTU) & Transport,1,1569,112,no,yes,https://rtionline.gov.in/request/allpa.php,2026-08-23T06:45:58.414113+00:00
RTI Online,3010,UT Chandigarh- Chandigrh College of Engineering Technology (Degree Wing),1,1586,112,no,yes,https://rtionline.gov.in/request/allpa.php,2026-08-23T06:45:58.414113+00:00
RTI Online,3011,UT Chandigarh- Cooperative Societies,1,3421,112,no,yes,https://rtionline.gov.in/request/allpa.php,2026-08-23T06:45:58.414113+00:00
RTI Online,3012,UT Chandigarh- Cultural Affairs,1,3391,112,no,yes,https://rtionline.gov.in/request/allpa.php,2026-08-23T06:45:58.414113+00:00
RTI Online,3013,UT Chandigarh- Deputy Commissioner & District Magistrate,1,3566,112,no,yes,https://rtionline.gov.in/request/allpa.php,2026-08-23T06:45:58.414113+00:00
RTI Online,3014,UT Chandigarh- Election,1,3423,112,no,yes,https://rtionline.gov.in/request/allpa.php,2026-08-23T06:45:58.414113+00:00
RTI Online,3015,UT Chandigarh- Engineering,1,3474,112,no,yes,https://rtionline.gov.in/request/allpa.php,2026-08-23T06:45:58.414113+00:00
RTI Online,3016,UT Chandigarh- Engineering (MCC),1,3602,112,no,yes,https://rtionline.gov.in/request/allpa.php,2026-08-23T06:45:58.414113+00:00
RTI Online,3017,UT Chandigarh- Environment,1,3424,112,no,yes,https://rtionline.gov.in/request/allpa.php,2026-08-23T06:45:58.414113+00:00
RTI Online,3018,UT Chandigarh- Estate Office,1,3425,112,no,yes,https://rtionline.gov.in/request/allpa.php,2026-08-23T06:45:58.414113+00:00
RTI Online,3019,UT Chandigarh- Excise & Taxation,1,3426,112,no,yes,https://rtionline.gov.in/request/allpa.php,2026-08-23T06:45:58.414113+00:00
RTI Online,3020,UT Chandigarh- Fire & Emergency Services (MCC),1,3601,112,no,yes,https://rtionline.gov.in/request/allpa.php,2026-08-23T06:45:58.414113+00:00
RTI Online,3021,"UT Chandigarh- Food & Supplies,Consumer Affairs & Legal Metrology",1,3607,112,no,yes,https://rtionline.gov.in/request/allpa.php,2026-08-23T06:45:58.414113+00:00
RTI Online,3022,UT Chandigarh- Forest & Wildlife,1,1589,112,no,yes,https://rtionline.gov.in/request/allpa.php,2026-08-23T06:45:58.414113+00:00
RTI Online,3023,UT Chandigarh- Govt. College of Arts,1,1540,112,no,yes,https://rtionline.gov.in/request/allpa.php,2026-08-23T06:45:58.414113+00:00
RTI Online,3024,UT Chandigarh- Govt. Institute for Mentally Retarded Children (GRIID),1,1812,112,no,yes,https://rtionline.gov.in/request/allpa.php,2026-08-23T06:45:58.414113+00:00
RTI Online,3025,UT Chandigarh- Govt. Medical College & Hospital (GMCH 32),1,1548,112,no,yes,https://rtionline.gov.in/request/allpa.php,2026-08-23T06:45:58.414113+00:00
RTI Online,3026,UT Chandigarh- Govt. Museum & Art Gallery,1,1587,112,no,yes,https://rtionline.gov.in/request/allpa.php,2026-08-23T06:45:58.414113+00:00
RTI Online,3027,UT Chandigarh- Health,1,1583,112,no,yes,https://rtionline.gov.in/request/allpa.php,2026-08-23T06:45:58.414113+00:00
RTI Online,3028,UT Chandigarh- Health & Sanitation MOH (MCC),1,3603,112,no,yes,https://rtionline.gov.in/request/allpa.php,2026-08-23T06:45:58.414113+00:00
RTI Online,3029,UT Chandigarh- Higher Education,1,1567,112,no,yes,https://rtionline.gov.in/request/allpa.php,2026-08-23T06:45:58.414113+00:00
RTI Online,3030,UT Chandigarh- Home Guards,1,1814,112,no,yes,https://rtionline.gov.in/request/allpa.php,2026-08-23T06:45:58.414113+00:00
RTI Online,3031,UT Chandigarh- Hospitality,1,3427,112,no,yes,https://rtionline.gov.in/request/allpa.php,2026-08-23T06:45:58.414113+00:00
RTI Online,3032,UT Chandigarh- House Allotment Committee,1,3605,112,no,yes,https://rtionline.gov.in/request/allpa.php,2026-08-23T06:45:58.414113+00:00
RTI Online,3033,UT Chandigarh- ICDS Social Welfare,1,3392,112,no,yes,https://rtionline.gov.in/request/allpa.php,2026-08-23T06:45:58.414113+00:00
RTI Online,3034,UT Chandigarh- Industries,1,3428,112,no,yes,https://rtionline.gov.in/request/allpa.php,2026-08-23T06:45:58.414113+00:00
RTI Online,3035,UT Chandigarh- Information Technology,1,1578,112,no,yes,https://rtionline.gov.in/request/allpa.php,2026-08-23T06:45:58.414113+00:00
RTI Online,3036,UT Chandigarh- Labour,1,1554,112,no,yes,https://rtionline.gov.in/request/allpa.php,2026-08-23T06:45:58.414113+00:00
RTI Online,3037,UT Chandigarh- Law & Prosecution,1,1547,112,no,yes,https://rtionline.gov.in/request/allpa.php,2026-08-23T06:45:58.414113+00:00
RTI Online,3038,UT Chandigarh- Local Audit,1,2140,112,no,yes,https://rtionline.gov.in/request/allpa.php,2026-08-23T06:45:58.414113+00:00
RTI Online,3039,UT Chandigarh- Planning & Evaluation Organisation,1,3393,112,no,yes,https://rtionline.gov.in/request/allpa.php,2026-08-23T06:45:58.414113+00:00
RTI Online,3040,UT Chandigarh- Planning Evaluation Organization,1,3430,112,no,yes,https://rtionline.gov.in/request/allpa.php,2026-08-23T06:45:58.414113+00:00
RTI Online,3041,UT Chandigarh- Police,1,1546,112,no,yes,https://rtionline.gov.in/request/allpa.php,2026-08-23T06:45:58.414113+00:00
RTI Online,3042,UT Chandigarh- Printing & Stationery,1,1570,112,no,yes,https://rtionline.gov.in/request/allpa.php,2026-08-23T06:45:58.414113+00:00
RTI Online,3043,UT Chandigarh- Prisons,1,1558,112,no,yes,https://rtionline.gov.in/request/allpa.php,2026-08-23T06:45:58.414113+00:00
RTI Online,3044,UT Chandigarh- Public Relations,1,1565,112,no,yes,https://rtionline.gov.in/request/allpa.php,2026-08-23T06:45:58.414113+00:00
RTI Online,3045,UT Chandigarh- Punjab Engineering College (PEC),1,1541,112,no,yes,https://rtionline.gov.in/request/allpa.php,2026-08-23T06:45:58.414113+00:00
RTI Online,3046,UT Chandigarh- Red Cross Society,1,3568,112,no,yes,https://rtionline.gov.in/request/allpa.php,2026-08-23T06:45:58.414113+00:00
RTI Online,3047,UT Chandigarh- Regional Employment Exchange,1,1542,112,no,yes,https://rtionline.gov.in/request/allpa.php,2026-08-23T06:45:58.414113+00:00
RTI Online,3048,UT Chandigarh- Registring Licensing Authority,1,3431,112,no,yes,https://rtionline.gov.in/request/allpa.php,2026-08-23T06:45:58.414113+00:00
RTI Online,3049,UT Chandigarh- Rent Controller Office,1,3416,112,no,yes,https://rtionline.gov.in/request/allpa.php,2026-08-23T06:45:58.414113+00:00
RTI Online,3050,UT Chandigarh- School Education,1,1533,112,no,yes,https://rtionline.gov.in/request/allpa.php,2026-08-23T06:45:58.414113+00:00
RTI Online,3051,UT Chandigarh- Science & Technology & Renewable Energy,1,1568,112,no,yes,https://rtionline.gov.in/request/allpa.php,2026-08-23T06:45:58.414113+00:00
RTI Online,3052,UT Chandigarh- Secretariat & Home & Finance,1,1720,112,no,yes,https://rtionline.gov.in/request/allpa.php,2026-08-23T06:45:58.414113+00:00
RTI Online,3053,UT Chandigarh- Social Welfare & Women & Child Development,1,1534,112,no,yes,https://rtionline.gov.in/request/allpa.php,2026-08-23T06:45:58.414113+00:00
RTI Online,3054,UT Chandigarh- Sports,1,1557,112,no,yes,https://rtionline.gov.in/request/allpa.php,2026-08-23T06:45:58.414113+00:00
RTI Online,3055,UT Chandigarh- State Legal Services Authority,1,1536,112,no,yes,https://rtionline.gov.in/request/allpa.php,2026-08-23T06:45:58.414113+00:00
RTI Online,3056,UT Chandigarh- State Transport Authority (STA),1,1544,112,no,yes,https://rtionline.gov.in/request/allpa.php,2026-08-23T06:45:58.414113+00:00
RTI Online,3057,UT Chandigarh- Statistical Cell,1,1562,112,no,yes,https://rtionline.gov.in/request/allpa.php,2026-08-23T06:45:58.414113+00:00
RTI Online,3058,UT Chandigarh- Sub Divisional Magistrate- Central (SDM-C),1,3598,112,no,yes,https://rtionline.gov.in/request/allpa.php,2026-08-23T06:45:58.414113+00:00
RTI Online,3059,UT Chandigarh- Sub Divisional Magistrate- East (SDM-E),1,3600,112,no,yes,https://rtionline.gov.in/request/allpa.php,2026-08-23T06:45:58.414113+00:00
RTI Online,3060,UT Chandigarh- Sub Divisional Magistrate - South (SDM-S),1,3599,112,no,yes,https://rtionline.gov.in/request/allpa.php,2026-08-23T06:45:58.414113+00:00
RTI Online,3061,UT Chandigarh- Technical Education,1,1584,112,no,yes,https://rtionline.gov.in/request/allpa.php,2026-08-23T06:45:58.414113+00:00
RTI Online,3062,UT Chandigarh- Tourism,1,1545,112,no,yes,https://rtionline.gov.in/request/allpa.php,2026-08-23T06:45:58.414113+00:00
RTI Online,3063,UT Chandigarh- Urban Planning (Architect & Town Planning),1,1576,112,no,yes,https://rtionline.gov.in/request/allpa.php,2026-08-23T06:45:58.414113+00:00
RTI Online,3064,UT Chandigarh- Vigilance,1,1535,112,no,yes,https://rtionline.gov.in/request/allpa.php,2026-08-23T06:45:58.414113+00:00
RTI Online,3065,UT Chandigarh- Zila Parishad,1,1809,112,no,yes,https://rtionline.gov.in/request/allpa.php,2026-08-23T06:45:58.414113+00:00
RTI Online,3066,UT Chandigarh- Zila Sainik Welfare Board,1,3432,112,no,yes,https://rtionline.gov.in/request/allpa.php,2026-08-23T06:45:58.414113+00:00
RTI Online,3067,UT Of Puducherry,0,3801,,yes,no,https://rtionline.gov.in/request/allpa.php,2026-08-23T06:45:58.414113+00:00
RTI Online,3068,UT Puducherry- Adi Dravidar Welfare & Scheduled Tribes Welfare Department,1,3810,3801,no,yes,https://rtionline.gov.in/request/allpa.php,2026-08-23T06:45:58.414113+00:00
RTI Online,3069,UT Puducherry- Chief Secretariat,1,3819,3801,no,yes,https://rtionline.gov.in/request/allpa.php,2026-08-23T06:45:58.414113+00:00
RTI Online,3070,"UT Puducherry- Collectorate, Karaikal",1,3805,3801,no,yes,https://rtionline.gov.in/request/allpa.php,2026-08-23T06:45:58.414113+00:00
RTI Online,3071,UT Puducherry- Commercial Taxes Department,1,3862,3801,no,yes,https://rtionline.gov.in/request/allpa.php,2026-08-23T06:45:58.414113+00:00
RTI Online,3072,UT Puducherry- Co-operative Department,1,3854,3801,no,yes,https://rtionline.gov.in/request/allpa.php,2026-08-23T06:45:58.414113+00:00
RTI Online,3073,UT Puducherry- Department of Agriculture & Farmers Welfare,1,3802,3801,no,yes,https://rtionline.gov.in/request/allpa.php,2026-08-23T06:45:58.414113+00:00
RTI Online,3074,UT Puducherry- Department of Animal Husbandry & Animal Welfare,1,3874,3801,no,yes,https://rtionline.gov.in/request/allpa.php,2026-08-23T06:45:58.414113+00:00
RTI Online,3075,UT Puducherry- Department of Art & Culture,1,3870,3801,no,yes,https://rtionline.gov.in/request/allpa.php,2026-08-23T06:45:58.414113+00:00
RTI Online,3076,UT Puducherry- Department of Civil Supplies & Consumer Affairs,1,3875,3801,no,yes,https://rtionline.gov.in/request/allpa.php,2026-08-23T06:45:58.414113+00:00
RTI Online,3077,UT Puducherry- Department of Information & Publicity,1,3817,3801,no,yes,https://rtionline.gov.in/request/allpa.php,2026-08-23T06:45:58.414113+00:00
RTI Online,3078,UT Puducherry- Department of Revenue and Disaster Management,1,3816,3801,no,yes,https://rtionline.gov.in/request/allpa.php,2026-08-23T06:45:58.414113+00:00
RTI Online,3079,UT Puducherry- Department of SAINIK Welfare,1,3872,3801,no,yes,https://rtionline.gov.in/request/allpa.php,2026-08-23T06:45:58.414113+00:00
RTI Online,3080,"UT Puducherry- Department of Science, Technology & Environment",1,3822,3801,no,yes,https://rtionline.gov.in/request/allpa.php,2026-08-23T06:45:58.414113+00:00
RTI Online,3081,UT Puducherry- Department of Women & Child Development,1,3826,3801,no,yes,https://rtionline.gov.in/request/allpa.php,2026-08-23T06:45:58.414113+00:00
RTI Online,3082,UT Puducherry- Dept. of Fisheries and Fishermen Welfare,1,3860,3801,no,yes,https://rtionline.gov.in/request/allpa.php,2026-08-23T06:45:58.414113+00:00
RTI Online,3083,UT Puducherry- Directorate of Accounts & Treasuries,1,3803,3801,no,yes,https://rtionline.gov.in/request/allpa.php,2026-08-23T06:45:58.414113+00:00
RTI Online,3084,UT Puducherry- Directorate of Economics and Statistics,1,3813,3801,no,yes,https://rtionline.gov.in/request/allpa.php,2026-08-23T06:45:58.414113+00:00
RTI Online,3085,UT Puducherry- Directorate of Forest & Wildlife,1,3807,3801,no,yes,https://rtionline.gov.in/request/allpa.php,2026-08-23T06:45:58.414113+00:00
RTI Online,3086,UT Puducherry- Directorate of Health & Family Welfare Services,1,3865,3801,no,yes,https://rtionline.gov.in/request/allpa.php,2026-08-23T06:45:58.414113+00:00
RTI Online,3087,UT Puducherry- Directorate of Higher & Tech. Education,1,3806,3801,no,yes,https://rtionline.gov.in/request/allpa.php,2026-08-23T06:45:58.414113+00:00
RTI Online,3088,UT Puducherry- Directorate of Industries & Commerce,1,3821,3801,no,yes,https://rtionline.gov.in/request/allpa.php,2026-08-23T06:45:58.414113+00:00
RTI Online,3089,UT Puducherry- Directorate of Information Technology,1,3856,3801,no,yes,https://rtionline.gov.in/request/allpa.php,2026-08-23T06:45:58.414113+00:00
RTI Online,3090,UT Puducherry-Directorate of Rural Development,1,3907,3801,no,yes,https://rtionline.gov.in/request/allpa.php,2026-08-23T06:45:58.414113+00:00
RTI Online,3091,UT Puducherry- Directorate of School Education,1,3824,3801,no,yes,https://rtionline.gov.in/request/allpa.php,2026-08-23T06:45:58.414113+00:00
RTI Online,3092,UT Puducherry- Directorate of Social Welfare,1,3864,3801,no,yes,https://rtionline.gov.in/request/allpa.php,2026-08-23T06:45:58.414113+00:00
RTI Online,3093,UT Puducherry- Directorate of Stationery and Printing,1,3809,3801,no,yes,https://rtionline.gov.in/request/allpa.php,2026-08-23T06:45:58.414113+00:00
RTI Online,3094,UT Puducherry- Directorate of Tourism,1,3857,3801,no,yes,https://rtionline.gov.in/request/allpa.php,2026-08-23T06:45:58.414113+00:00
RTI Online,3095,UT Puducherry- District Industries Centre,1,3808,3801,no,yes,https://rtionline.gov.in/request/allpa.php,2026-08-23T06:45:58.414113+00:00
RTI Online,3096,UT Puducherry- Elections Department,1,3873,3801,no,yes,https://rtionline.gov.in/request/allpa.php,2026-08-23T06:45:58.414113+00:00
RTI Online,3097,UT Puducherry- Electricity Department,1,3853,3801,no,yes,https://rtionline.gov.in/request/allpa.php,2026-08-23T06:45:58.414113+00:00
RTI Online,3098,UT Puducherry- Fire Service Department,1,3815,3801,no,yes,https://rtionline.gov.in/request/allpa.php,2026-08-23T06:45:58.414113+00:00
RTI Online,3099,UT Puducherry- Labour Department,1,3871,3801,no,yes,https://rtionline.gov.in/request/allpa.php,2026-08-23T06:45:58.414113+00:00
RTI Online,3100,UT Puducherry- Law Department,1,3861,3801,no,yes,https://rtionline.gov.in/request/allpa.php,2026-08-23T06:45:58.414113+00:00
RTI Online,3101,UT Puducherry- Legislative Assembly Secretariat,1,3876,3801,no,yes,https://rtionline.gov.in/request/allpa.php,2026-08-23T06:45:58.414113+00:00
RTI Online,3102,UT Puducherry- Local Administration Department,1,3814,3801,no,yes,https://rtionline.gov.in/request/allpa.php,2026-08-23T06:45:58.414113+00:00
RTI Online,3103,UT Puducherry- Lt. Governor’s Secretariat,1,3812,3801,no,yes,https://rtionline.gov.in/request/allpa.php,2026-08-23T06:45:58.414113+00:00
RTI Online,3104,UT Puducherry- NCC Group Headquarters,1,3855,3801,no,yes,https://rtionline.gov.in/request/allpa.php,2026-08-23T06:45:58.414113+00:00
RTI Online,3105,UT Puducherry- Office of the Council of Ministers,1,3823,3801,no,yes,https://rtionline.gov.in/request/allpa.php,2026-08-23T06:45:58.414113+00:00
RTI Online,3106,UT Puducherry- Planning & Research Department,1,3804,3801,no,yes,https://rtionline.gov.in/request/allpa.php,2026-08-23T06:45:58.414113+00:00
RTI Online,3107,UT Puducherry- Police Department,1,3859,3801,no,yes,https://rtionline.gov.in/request/allpa.php,2026-08-23T06:45:58.414113+00:00
RTI Online,3108,UT Puducherry- Public Works Department,1,3820,3801,no,yes,https://rtionline.gov.in/request/allpa.php,2026-08-23T06:45:58.414113+00:00
RTI Online,3109,"UT Puducherry- Regional Administrator, Yanam",1,3877,3801,no,yes,https://rtionline.gov.in/request/allpa.php,2026-08-23T06:45:58.414113+00:00
RTI Online,3110,UT Puducherry- State Election Commission,1,3858,3801,no,yes,https://rtionline.gov.in/request/allpa.php,2026-08-23T06:45:58.414113+00:00
RTI Online,3111,"UT Puducherry- The Regional Administrator, Mahe",1,3825,3801,no,yes,https://rtionline.gov.in/request/allpa.php,2026-08-23T06:45:58.414113+00:00
RTI Online,3112,UT Puducherry- Town & Country Planning Department,1,3863,3801,no,yes,https://rtionline.gov.in/request/allpa.php,2026-08-23T06:45:58.414113+00:00
RTI Online,3113,UT Puducherry- Transport Department,1,3811,3801,no,yes,https://rtionline.gov.in/request/allpa.php,2026-08-23T06:45:58.414113+00:00
RTI Online,3114,Vice-President Secretariat,0,565,,no,yes,https://rtionline.gov.in/request/allpa.php,2026-08-23T06:45:58.414113+00:00
